,umap_1,umap_2,paul15_clusters,priming
W31105,-0.042982515,4.9391413,7MEP,0.6551959397069215
W31106,-7.29048,7.8913746,15Mo,0.37931275573589573
W31107,8.920913,3.6123116,3Ery,0.627680487559115
W31108,-8.715149,9.499612,15Mo,0.6556350750095145
W31109,8.98244,4.066399,3Ery,0.624418754363865
W31110,-6.5154243,8.743474,15Mo,0.2692183932132506
W31111,5.072736,3.8488007,4Ery,0.506056067355238
W31113,1.378745,4.4413023,2Ery,0.3048357239974407
W31114,4.614032,3.4123058,3Ery,0.43490453454657874
W31115,7.754226,6.3932805,2Ery,0.6032556113535354
W31116,6.664053,5.812242,2Ery,0.5957620478257027
W31117,-2.5683348,7.315169,17Neu,0.22148874758644874
W31118,-7.834097,8.6683445,14Mo,0.37593696212087613
W31119,-4.3723564,7.1258645,13Baso,0.17106067546743425
W31120,7.506144,5.1862526,3Ery,0.6088476300061152
W31121,-0.006649152,4.0180225,7MEP,0.5260306827750815
W31122,7.2904825,3.1258366,3Ery,0.6212040472940379
W31123,7.538723,5.0355964,3Ery,0.6078104697736351
W31124,8.600008,6.163725,2Ery,0.6086482902883669
W31125,-0.8384341,7.4859266,8Mk,0.10092825021863983
W31126,4.713569,3.915215,3Ery,0.4534795301348556
W31127,-5.1437883,5.9059477,9GMP,0.10096513950923057
W31128,-0.42173293,7.096389,8Mk,0.08499184281064541
W31129,-2.0927708,5.6256785,10GMP,0.3688369986711233
W31130,-4.5987387,8.477653,15Mo,0.22254468519910806
W31131,-7.335084,9.786362,16Neu,0.46978550602376173
W31132,6.685638,5.7824955,4Ery,0.5967558560775728
W31133,-4.2535605,6.3367877,13Baso,0.14487123695900425
W31134,-2.219283,6.098724,17Neu,0.37126087482255327
W31136,8.229297,3.7720444,3Ery,0.6239568289165932
W31137,7.8272395,4.999436,2Ery,0.6108640541492885
W31138,6.768849,3.078549,3Ery,0.6154923099119776
W31139,3.920943,5.29666,5Ery,0.2825600513589431
W31140,6.454656,3.6715126,3Ery,0.5881876755221602
W31141,-5.7202544,7.0516257,13Baso,0.27801783702966926
W31142,8.118655,7.5247884,1Ery,0.602195304017578
W31143,9.050803,4.455307,3Ery,0.6238329317588456
W31144,5.968749,3.3591366,6Ery,0.5522069995977801
W31145,-6.072276,9.8092,15Mo,0.37065633149165905
W31146,5.378461,4.4766626,3Ery,0.5386893147607383
W31147,8.22752,5.704415,3Ery,0.6105499301630255
W31148,-8.334054,8.053911,14Mo,0.40106387956825906
W31149,-2.7521448,3.7298682,19Lymph,0.48575712732921555
W31150,-2.9810274,7.585816,12Baso,0.08632061781201186
W31151,8.70292,3.6804798,3Ery,0.6280861638683883
W31152,-7.486655,7.5224233,14Mo,0.3630331665875726
W31153,5.9150434,4.053491,6Ery,0.56891503381869
W31154,7.105807,4.6799912,4Ery,0.6028192686796078
W31155,-0.7433455,4.743268,7MEP,0.5176374899611657
W31156,8.395204,5.936741,2Ery,0.6071619383949973
W31157,-3.3646357,5.9576144,13Baso,0.18140593749438555
W31158,-7.4977517,9.826473,14Mo,0.5384538647209814
W31159,4.726878,4.3733172,6Ery,0.468566910768782
W31160,-1.2114888,5.3994107,18Eos,0.4307224197289219
W31161,7.223895,5.6933665,4Ery,0.596646791266313
W31162,6.8714604,4.8542895,3Ery,0.5978661297129286
W31163,6.563403,5.0750494,3Ery,0.5832245648911698
W31164,-7.618788,7.8451877,14Mo,0.3645397469329565
W31165,8.439215,5.519137,2Ery,0.6110502559434066
W31166,-6.180852,7.211436,13Baso,0.3098784983936725
W31167,8.876543,5.7588716,2Ery,0.6107848997543223
W31168,-9.124124,7.4622064,13Baso,0.4188266317445776
W31169,-6.5899463,6.645201,13Baso,0.3022404063256179
W31170,-8.742626,8.173448,14Mo,0.42639596249354356
W31171,-0.42331254,4.5307345,7MEP,0.48575712732921555
W31172,4.6910763,3.4499671,7MEP,0.46316438683670513
W31173,-0.43272984,5.0966415,7MEP,0.5782066595623814
W31174,-4.037222,5.916346,10GMP,0.1647921066347087
W31175,-3.1104596,7.335657,12Baso,0.10461864995715185
W31176,3.3129866,4.4364796,6Ery,0.21175612824728296
W31177,4.770334,4.839007,5Ery,0.4371327925952331
W31178,5.1526136,5.212995,5Ery,0.4824975930473327
W31179,-6.902704,9.858998,14Mo,0.40067997555289975
W31180,7.4907575,5.547132,4Ery,0.6031594428333215
W31181,-7.0057745,11.19231,16Neu,0.5306356964428445
W31182,-7.7878046,10.278083,16Neu,0.5912631902364209
W31183,7.834867,3.6850026,3Ery,0.6190179326062293
W31184,7.0833535,5.5468774,2Ery,0.6003677964229849
W31185,6.610882,5.8981333,6Ery,0.5888473977967553
W31186,-6.321574,6.243715,13Baso,0.2772474042802998
W31187,-4.7218065,6.0698895,13Baso,0.14199439367066716
W31188,-3.4964306,6.246165,10GMP,0.13126891958694623
W31189,-6.9072967,9.758239,14Mo,0.41590572629943473
W31190,5.6891356,5.8354936,5Ery,0.5603072390197075
W31191,0.08362714,4.468735,7MEP,0.5456746014544334
W31192,0.22372517,5.430943,7MEP,0.56942633894375
W31193,7.3735237,4.730391,5Ery,0.6087944416556677
W31194,4.3655915,4.8688145,6Ery,0.3337607273025626
W31195,8.776019,5.5844355,2Ery,0.6124991426038789
W31196,3.1143901,5.1856966,10GMP,0.10639040827572016
W31197,-4.2914557,6.22651,10GMP,0.07475979570826849
W31198,7.86488,5.681798,2Ery,0.6062563399496013
W31199,-1.1155785,4.5420365,7MEP,0.5713013754747254
W31200,3.6927958,4.716976,6Ery,0.23054141030623151
W31201,0.6363948,4.744288,7MEP,0.45224507906565314
W31202,-6.583789,7.7894077,14Mo,0.3158457422472929
W31203,-5.3342667,8.885079,16Neu,0.3038381084081072
W31204,-4.1332955,5.768752,10GMP,0.15442300269520856
W31205,5.5675316,5.7888193,3Ery,0.5511481604083092
W31206,8.526059,3.2985451,3Ery,0.48575712732921555
W31207,-7.687627,7.9795933,13Baso,0.38149098183851315
W31209,8.931653,5.9454117,1Ery,0.6133440866032777
W31210,-5.8293824,8.87446,14Mo,0.32057080281944755
W31211,-7.1839247,8.513858,15Mo,0.36759187588904935
W31212,6.6068754,6.982534,2Ery,0.5926647637354727
W31213,2.5148087,5.308216,5Ery,0.20229777861635018
W31214,7.4498653,7.474091,2Ery,0.5979061740782516
W31215,3.8586366,5.4305196,5Ery,0.2588115920914973
W31217,7.955603,3.8850405,3Ery,0.6195010427181398
W31218,-6.013776,8.6976,14Mo,0.32655427811686827
W31219,-4.7301393,5.846579,10GMP,0.1542368283637531
W31220,7.534758,7.0543485,2Ery,0.6004412955876458
W31221,-0.20238236,4.331738,7MEP,0.48575712732921555
W31222,7.200543,4.4488006,4Ery,0.6104980533946941
W31223,-4.0981097,5.9837403,9GMP,0.03443383161188959
W31224,0.10845386,5.7396417,7MEP,0.5390524442746321
W31225,6.9955974,6.848842,3Ery,0.5941750787672103
W31226,-6.2619967,10.882542,16Neu,0.42625809611591103
W31227,-4.593146,2.4399097,11DC,0.48575712732921555
W31228,-1.8898668,6.424313,10GMP,0.2660194924227846
W31229,4.6131706,3.7135854,6Ery,0.4202071435896334
W31230,3.71109,5.1600027,3Ery,0.2749094776521927
W31231,6.5778017,7.0445576,2Ery,0.5244505494808284
W31232,7.3097353,5.501037,5Ery,0.6030012678569466
W31233,5.319697,6.7736597,2Ery,0.47965211369178457
W31234,7.9342985,6.397823,2Ery,0.6012268890495783
W31236,5.3737106,6.6324277,5Ery,0.5340430981115611
W31237,-6.083748,7.9982724,14Mo,0.3071850028403201
W31238,5.9984684,4.0964994,5Ery,0.5597975961302164
W31239,-6.6491537,8.088634,14Mo,0.3438864248820078
W31240,6.061717,3.7745166,3Ery,0.5820437220817894
W31241,6.3900504,6.750216,2Ery,0.5827215306108277
W31242,-4.9375734,10.511647,16Neu,0.3177981521245548
W31243,8.687581,6.5254617,2Ery,0.601485177761841
W31244,-3.0432088,6.8876266,13Baso,0.2234819253142688
W31245,-5.23218,10.537728,16Neu,0.3776965588599018
W31246,7.060069,7.497469,2Ery,0.5940115364143598
W31247,8.82626,5.5685496,3Ery,0.6111173471791123
W31248,7.534723,3.469337,3Ery,0.6227915926781982
W31249,-6.021461,7.556961,14Mo,0.3017563127114832
W31250,5.8841777,6.563425,5Ery,0.5401943403975862
W31251,-6.9069767,11.5337105,16Neu,0.5179474721310773
W31252,-6.158548,8.150014,14Mo,0.312771304682702
W31253,-3.4380953,7.8133545,14Mo,0.17251082846845278
W31254,-8.61359,7.386631,13Baso,0.41506695904087304
W31255,7.7250595,5.2818217,3Ery,0.608995192847753
W31256,-5.1962247,8.498979,14Mo,0.27345644232701555
W31257,0.316784,4.6810546,7MEP,0.48741720139267336
W31259,-6.248795,7.1067553,14Mo,0.24337743905622472
W31260,-2.9334772,6.9361405,10GMP,0.22006230638181035
W31262,3.8928912,6.307788,2Ery,0.3482683620861111
W31263,-3.3753717,7.3688393,14Mo,0.15962544357141806
W31264,-4.4747286,9.068005,15Mo,0.23449070249734105
W31265,-6.897299,7.894335,14Mo,0.33539380381847417
W31266,-6.932581,11.1018095,16Neu,0.5216144228438565
W31267,-2.4566905,5.690261,10GMP,0.29632036651885263
W31268,-0.94226265,4.599181,7MEP,0.648270522353047
W31269,3.818592,6.178908,5Ery,0.2893478421508328
W31270,-5.7481785,11.292136,16Neu,0.4381619724535117
W31271,5.4218407,7.0031533,2Ery,0.508538875735789
W31272,-5.6267095,10.168095,16Neu,0.34467209316752706
W31273,-5.5009785,9.695501,14Mo,0.29924011557328406
W31274,-4.3513703,6.6779017,10GMP,0.13337946892630023
W31275,-5.9793415,11.077106,16Neu,0.44225970931404407
W31276,-0.3313447,5.565086,8Mk,0.4859179182618342
W31277,0.40562698,4.335606,7MEP,0.4890559892715908
W31278,-6.8320413,7.5471554,14Mo,0.32245368824503207
W31279,0.10151079,5.3775845,7MEP,0.5330336488151627
W31280,6.879241,6.3392053,2Ery,0.5952774601943858
W31281,-6.606892,7.471148,14Mo,0.33608065594365816
W31282,-3.7758138,7.631547,14Mo,0.18086362296693234
W31283,6.1814537,6.0008907,4Ery,0.5738311392095135
W31284,4.742543,6.1586623,5Ery,0.44782116933081617
W31285,-3.9721773,8.020278,14Mo,0.18111096919185765
W31286,-3.9922996,8.096142,14Mo,0.19468554892469955
W31287,-0.5974041,6.192097,10GMP,0.3434873643151739
W31288,0.7996437,4.7628675,6Ery,0.4180533118226832
W31289,5.3717055,5.8472238,5Ery,0.49953103316099534
W31290,-5.7215133,8.28938,14Mo,0.29483317128025205
W31291,8.511718,4.024507,3Ery,0.622421519044521
W31292,5.468979,4.3052273,5Ery,0.5450984772276424
W31293,-7.3291965,8.902886,15Mo,0.38820898037747514
W31294,5.485282,6.029569,5Ery,0.5554505770948988
W31295,-5.4887476,8.612965,14Mo,0.2961208758072927
W31296,-6.1507134,9.163359,16Neu,0.3328545563867338
W31297,-0.80641735,5.292503,8Mk,0.6710761845879237
W31298,9.115197,4.43004,3Ery,0.6222959372578771
W31299,-7.8723097,8.7765045,14Mo,0.3835571077976926
W31300,-0.91828823,4.7729807,12Baso,0.6409396568936095
W31301,-7.6433434,8.224742,14Mo,0.2942330792867808
W31302,8.661044,3.2262049,3Ery,0.48575712732921555
W31303,4.0408716,4.940801,5Ery,0.28381768969674265
W31305,-3.406898,7.795356,16Neu,0.1757669664418145
W31306,-8.328582,10.008635,15Mo,0.7322777817817178
W31307,-7.6293297,7.436349,13Baso,0.37147184978391706
W31309,6.667664,5.11794,5Ery,0.5954143933095862
W31310,8.383248,3.0805888,3Ery,0.48575712732921555
W31311,-5.043832,6.908363,13Baso,0.20264942342925485
W31312,-2.1264508,7.1271152,12Baso,0.1741671653007195
W31313,-0.67308885,5.180282,8Mk,0.48575712732921555
W31314,-0.024969006,6.7633767,7MEP,0.20705719050071492
W31315,4.1758404,4.297141,6Ery,0.36989094511171267
W31316,8.038893,5.9081883,2Ery,0.6066544910264163
W31317,9.138056,3.8143394,3Ery,0.6254319370995954
W31318,8.681322,4.464376,3Ery,0.6194146267112082
W31319,-7.657315,8.831456,15Mo,0.3919079767345295
W31321,4.456927,3.6593604,3Ery,0.37376620655690607
W31322,7.1391096,4.513862,3Ery,0.5998346435177037
W31323,6.2097096,3.5804744,3Ery,0.5934571644969334
W31324,0.62089634,6.310852,8Mk,0.24120611014908774
W31325,7.0264645,6.250723,2Ery,0.596867847743188
W31326,8.445577,5.28545,2Ery,0.6098791614347633
W31327,-7.9408283,8.706441,14Mo,0.40545163150035357
W31328,6.8419676,4.275044,3Ery,0.6006571921632378
W31329,-8.705162,8.708712,15Mo,0.4662146399569886
W31330,-7.921681,8.148488,14Mo,0.37887511195126805
W31331,0.59174377,4.7835345,7MEP,0.45626050242051
W31332,-4.8534126,9.599878,15Mo,0.27529415281569236
W31333,6.9644694,4.9322586,3Ery,0.6017547626708921
W31334,6.899088,5.529348,3Ery,0.5853490167694108
W31335,-4.004297,7.8145757,13Baso,0.1770672698204507
W31336,-8.7603655,8.858503,15Mo,0.4849600817886603
W31337,8.495904,4.1211276,3Ery,0.6219676149069405
W31338,-8.377621,9.016525,15Mo,0.47674062617204044
W31339,-7.7679543,7.448685,13Baso,0.3770607860521438
W31340,5.5335836,3.9626744,3Ery,0.5419973773665311
W31341,-6.448397,9.6318655,15Mo,0.3951838101608664
W31342,-8.047958,10.243289,15Mo,0.7060750237206367
W31343,-9.1610985,7.7366304,13Baso,0.422849366033714
W31344,-3.0457592,4.5507903,19Lymph,0.48575712732921555
W31345,6.2928877,4.1796255,4Ery,0.5854564100570947
W31346,6.911158,4.6481895,3Ery,0.6000216215486434
W31347,-6.338546,7.8014836,14Mo,0.2885901162307483
W31348,7.2015305,5.252429,4Ery,0.599712285908576
W31349,3.1149566,5.319823,6Ery,0.21036549412261915
W31350,-8.196431,11.014519,16Neu,0.48575712732921555
W31351,-8.600605,7.9374843,14Mo,0.40319011822543777
W31353,8.578993,5.888066,3Ery,0.6092056045986258
W31354,-1.7574196,6.2755327,17Neu,0.3725381719556813
W31355,-7.533683,8.556509,15Mo,0.3930633542776052
W31356,5.5798154,5.119098,4Ery,0.5404307815908996
W31357,8.085135,3.6755073,3Ery,0.6248883539258975
W31358,2.8152795,5.273638,6Ery,0.20574243930458627
W31359,-6.5830073,8.325587,14Mo,0.31748726253835785
W31360,6.989852,2.775784,3Ery,0.6212940759062346
W31361,-5.2915115,9.522899,16Neu,0.3301792003245342
W31362,-7.653389,7.628838,14Mo,0.3773571376235656
W31363,-6.972907,10.306787,15Mo,0.47179879827581656
W31364,1.4155152,5.615716,7MEP,0.30145827585482976
W31365,-5.7703314,6.4553156,13Baso,0.24319635392454936
W31366,-5.4871144,9.669698,15Mo,0.29935183086340034
W31367,-8.116472,7.343806,14Mo,0.3899290633380011
W31368,8.260337,3.7752762,3Ery,0.6220272579576613
W31369,6.724791,6.603598,2Ery,0.5711984624213974
W31370,7.8743534,5.2301164,2Ery,0.6112584117053996
W31371,-7.7596703,8.704549,14Mo,0.37196152835670504
W31372,8.77646,5.6463284,2Ery,0.6119731574624336
W31373,-7.8944435,8.518277,13Baso,0.2776668614271973
W31374,7.890264,5.3823185,2Ery,0.6068970489166239
W31375,6.8760977,3.816393,3Ery,0.6026197957381165
W31376,-4.0952134,6.279497,13Baso,0.10206734149558924
W31377,-0.9456432,5.954358,12Baso,0.38067812842306814
W31378,6.979105,6.4758935,2Ery,0.5984150491140744
W31379,-3.4583957,6.073271,10GMP,0.14315527824277532
W31380,5.0816374,5.9284935,5Ery,0.48825558725048157
W31381,-6.3558574,6.962519,13Baso,0.3128020819027307
W31382,6.7633624,4.344008,3Ery,0.6004401476270054
W31383,-3.1539729,6.0628285,9GMP,0.20200647837731653
W31386,-7.1394296,10.193412,15Mo,0.5109839256678943
W31387,7.8500056,5.841158,2Ery,0.6059961873858969
W31388,-2.6111088,6.18266,10GMP,0.2777944658137899
W31389,5.9752893,5.1990595,5Ery,0.5742759445847097
W31390,5.429587,5.4055696,5Ery,0.5311409223950265
W31391,7.814388,7.0397205,2Ery,0.6021860973948587
W31392,-4.487215,7.6164355,14Mo,0.20844131671039787
W31393,-4.714574,7.1082683,13Baso,0.19189808883886628
W31394,7.651481,6.378571,2Ery,0.6029129125278345
W31395,-7.2779546,7.6242185,14Mo,0.3490770423912099
W31396,-6.0194345,10.520669,16Neu,0.4358853817881006
W31397,-1.4923825,5.314934,12Baso,0.5117118057100694
W31398,-6.192528,7.805163,14Mo,0.31543156829961394
W31399,-4.5750947,7.823456,14Mo,0.24281297159318588
W31401,7.6268115,5.6295495,3Ery,0.6046600183037483
W31402,-5.198767,7.811311,14Mo,0.2557719764967496
W31403,-5.94453,6.2227473,13Baso,0.2516317650720669
W31405,-3.2695227,7.0727835,12Baso,0.1636198538061596
W31406,4.9724784,5.721441,5Ery,0.4918234468816142
W31407,-1.2318679,5.4429812,10GMP,0.5326520781809039
W31409,-4.5576987,7.719601,14Mo,0.23246909220260242
W31410,5.1754208,5.1388083,4Ery,0.5181709833466189
W31411,-5.823014,9.355245,15Mo,0.335863216241076
W31412,-4.9332056,2.5259058,11DC,0.48575712732921555
W31413,6.7080193,3.2447116,3Ery,0.6109676276970596
W31414,6.4409733,4.4141755,4Ery,0.5879745064798453
W31415,4.500155,5.657457,4Ery,0.3868597200029907
W31416,6.1840596,4.7605243,4Ery,0.5916225441046807
W31418,7.0687366,5.5492635,4Ery,0.5991176265302707
W31419,4.699251,6.2007957,5Ery,0.4281114015265525
W31420,8.281961,7.349485,1Ery,0.6038259379606122
W31421,-7.4257913,11.282601,16Neu,0.6105065721482744
W31422,-6.9306316,8.244937,14Mo,0.35227638720172816
W31423,7.8535748,6.5189466,2Ery,0.6040305742857812
W31424,5.342258,4.933967,5Ery,0.5489343498777651
W31425,-5.858436,10.392793,15Mo,0.41429058349330394
W31426,5.586513,4.312015,5Ery,0.5368228510254421
W31427,5.604319,6.7775655,2Ery,0.573010101054933
W31428,5.4530535,5.4278383,5Ery,0.5417197061576139
W31429,7.656668,7.547634,1Ery,0.5978153127411808
W31430,-0.23478436,4.8183103,7MEP,0.48575712732921555
W31431,5.8470984,6.9946647,2Ery,0.550387287497476
W31432,-5.8723903,9.189902,14Mo,0.32920557114506277
W31433,-0.73451906,5.6766324,10GMP,0.41921655352519027
W31434,6.406768,6.2932734,2Ery,0.5806624537745152
W31436,-5.6719136,8.462145,14Mo,0.30086346340600917
W31437,2.0788536,5.2496305,6Ery,0.2442833275880634
W31439,-0.9116752,7.3744245,9GMP,0.06974047590603076
W31440,8.7987585,3.2216895,3Ery,0.48575712732921555
W31441,6.001687,6.7201495,2Ery,0.5454945813967967
W31442,6.2287307,6.051025,3Ery,0.5701920765885633
W31443,-0.6710484,5.303244,12Baso,0.48575712732921555
W31444,5.7117167,6.6246166,2Ery,0.563377570857065
W31445,-1.4501141,5.430197,18Eos,0.49755680314219836
W31446,5.889288,5.657797,5Ery,0.5576466754215376
W31447,5.719186,5.786039,3Ery,0.49884231955832314
W31448,-6.586682,8.630167,15Mo,0.37725442249197094
W31451,-3.6090326,7.149794,14Mo,0.16797536068342847
W31452,8.083237,6.5734243,2Ery,0.6047289000388254
W31453,2.2130961,5.0416365,6Ery,0.19765388653316657
W31454,-4.347417,8.810299,14Mo,0.22087435651149395
W31455,7.703478,7.6186657,2Ery,0.5986722627944727
W31456,5.170271,5.760442,5Ery,0.508626265362957
W31457,-1.4098593,5.19944,12Baso,0.5265125729920719
W31458,-0.16955502,5.3441577,7MEP,0.48575712732921555
W31459,-1.7599375,6.199442,17Neu,0.37475911809309487
W31460,-5.2371902,8.984008,14Mo,0.3006205982940264
W31461,5.757348,6.766873,2Ery,0.5518779421594082
W31462,4.6271486,6.3908267,5Ery,0.447501367360555
W31463,6.751166,7.5674233,2Ery,0.5928461914648631
W31464,-6.116191,7.3348403,14Mo,0.31813759792726
W31465,-4.386809,7.9912353,13Baso,0.21247817472989852
W31466,-7.7271104,8.445296,15Mo,0.4034499813276866
W31467,7.2437153,6.008056,2Ery,0.5979136733216731
W31468,-4.8852544,6.874078,13Baso,0.18513184823636636
W31469,-6.728712,10.907471,16Neu,0.4948085579667521
W31470,7.469227,5.5826964,5Ery,0.6029046878272218
W31471,-8.050146,7.000232,14Mo,0.39475432953011624
W31472,-5.1319375,10.021127,16Neu,0.32956223584601796
W31473,-6.0806384,7.940958,14Mo,0.3148461896300572
W31474,-6.0843987,10.8744335,16Neu,0.47507221396515875
W31475,-6.0152845,7.8154244,14Mo,0.3046269179961852
W31476,-0.70211715,7.11879,8Mk,0.173420439093846
W31477,-3.4974685,6.250562,10GMP,0.11649987775121887
W31478,-4.0343585,8.19833,14Mo,0.20860925720849158
W31479,5.1180744,6.0614724,5Ery,0.5177947833072731
W31480,0.2135026,4.0582557,7MEP,0.5394016504201292
W31481,7.4054694,7.263427,2Ery,0.5963114423004294
W31483,-4.4583616,9.619621,14Mo,0.20384918332218305
W31484,-6.3163657,7.371815,13Baso,0.3403040641459957
W31485,5.7259927,5.404242,2Ery,0.577799706593291
W31486,5.2325683,5.389278,5Ery,0.5282510792190278
W31487,-5.1300726,8.29045,14Mo,0.2765208222107846
W31489,-7.9130635,7.4637856,14Mo,0.38734953570923636
W31491,-4.310503,6.48701,9GMP,0.1294724626275783
W31492,7.5589604,4.2455683,4Ery,0.614255811695613
W31493,-1.9921159,5.267385,10GMP,0.413205526312579
W31494,-7.066772,8.518725,13Baso,0.3474680547422663
W31495,-3.8035471,6.344913,10GMP,0.07677427174997849
W31497,0.22366296,4.876212,7MEP,0.5195016942106683
W31498,-4.1038556,6.7536864,10GMP,0.15484250755100382
W31499,5.3206644,3.5682127,3Ery,0.535488308035755
W31500,8.183383,5.7823577,2Ery,0.6094342747629695
W31501,-7.6123385,7.380409,14Mo,0.37621696823449685
W31502,-2.02977,5.443314,10GMP,0.4249036394136009
W31503,-6.0000076,10.009545,15Mo,0.33062514349599287
W31504,-8.773387,8.861551,13Baso,0.5020523937608331
W31505,-0.4307863,5.0218015,7MEP,0.6573435192317383
W31506,1.0733453,4.5451026,6Ery,0.3839693189772313
W31507,2.1008947,5.723624,7MEP,0.20443862307053062
W31508,5.00414,4.8817754,5Ery,0.49602669071317224
W31509,-5.604191,8.22682,14Mo,0.2969197117606252
W31510,-7.0794573,7.1036663,13Baso,0.3487394126032827
W31511,-4.5090694,6.2603106,10GMP,0.1629632236358195
W31512,3.0437624,4.764085,7MEP,0.2026735072525408
W31513,8.032711,2.89187,3Ery,0.48575712732921555
W31514,0.027878728,5.168976,7MEP,0.48575712732921555
W31515,-5.474255,6.82358,13Baso,0.24580846683815377
W31516,8.171197,7.233042,1Ery,0.6033535611665375
W31517,-3.9765813,7.9048553,14Mo,0.19743960316520698
W31518,-5.731432,7.485481,13Baso,0.3057003776497864
W31519,-2.1760488,6.07918,10GMP,0.3461773931185873
W31520,-5.0370526,6.107799,9GMP,0.10256520053568358
W31521,6.8205633,3.019844,3Ery,0.6192430169841301
W31522,-7.0153155,6.391736,13Baso,0.3065797629417567
W31523,7.669446,6.9113197,2Ery,0.6002975022362692
W31524,-4.207211,7.37562,13Baso,0.18189520305284623
W31525,7.962481,6.2279053,2Ery,0.6057907751409803
W31526,-0.110207476,4.335728,6Ery,0.5677058995699672
W31527,2.0013182,5.1462483,6Ery,0.23317494552721665
W31528,-4.8705597,7.6006722,13Baso,0.23002454117070845
W31529,6.266911,3.1691914,3Ery,0.5945797009321416
W31530,-4.8058653,8.364532,13Baso,0.24826734799896377
W31531,-4.420668,2.591462,11DC,0.48575712732921555
W31532,-6.0890408,10.138378,14Mo,0.3774162194737131
W31533,-2.278245,5.731822,10GMP,0.3391977042792212
W31534,-0.76244164,6.832388,8Mk,0.17146666070246458
W31535,-2.7098572,6.3596826,9GMP,0.17800020201130823
W31536,6.828476,5.662307,2Ery,0.6015520541710107
W31537,-3.5493007,7.589979,13Baso,0.19219616017384514
W31538,-5.7496157,7.599089,14Mo,0.2999961409034864
W31539,-2.836953,6.645484,13Baso,0.1962132508613066
W31540,-5.237881,8.528769,14Mo,0.2827440827319222
W31541,5.8090634,6.11023,5Ery,0.5651107686462798
W31542,-4.872874,7.735725,14Mo,0.24610931670595465
W31543,4.1565814,5.7715607,5Ery,0.35804098493487546
W31544,-6.354317,7.4178677,13Baso,0.31841233702991717
W31545,-2.497124,7.3997607,12Baso,0.21745330433287433
W31546,-5.871572,10.863985,16Neu,0.4534711346762342
W31547,-2.0313432,4.8528113,11DC,0.48575712732921555
W31548,-3.0954647,6.984994,13Baso,0.19498945402440754
W31549,-5.858094,7.624063,13Baso,0.30465319285420217
W31550,7.2828546,6.7081904,2Ery,0.594556321785141
W31551,6.222214,6.116078,2Ery,0.5813679120067784
W31552,-5.045147,7.8801513,14Mo,0.24825712494985316
W31553,-0.47799045,4.3771305,7MEP,0.48575712732921555
W31554,6.2524843,5.6601467,4Ery,0.5508473378573421
W31555,2.4904454,5.1786323,6Ery,0.21128395625316312
W31556,-4.7610703,7.457248,13Baso,0.2085621367057225
W31558,-4.575172,8.281192,14Mo,0.2235436270526789
W31559,-6.016952,7.5207667,14Mo,0.3167833733514072
W31560,-0.021945689,4.858086,6Ery,0.5035069362109601
W31562,-1.8009598,6.0724363,12Baso,0.39392813549131317
W31563,5.4975524,4.188285,6Ery,0.5367516221083307
W31564,-3.7606447,8.001924,14Mo,0.16668340518615973
W31565,6.7236533,5.4436502,2Ery,0.5978248785659769
W31566,-5.3313904,9.346571,13Baso,0.26793674453597577
W31567,-5.434622,7.7287846,13Baso,0.2897365688217852
W31568,-5.48702,8.594429,14Mo,0.29010356214149163
W31569,0.11208733,4.3361025,7MEP,0.5272404927576576
W31570,-0.35714623,4.9803634,7MEP,0.48575712732921555
W31571,-6.053581,10.364436,15Mo,0.4055325985342972
W31572,3.8075042,5.561493,5Ery,0.2883544364394918
W31573,3.2636156,5.2720504,5Ery,0.23982191236127814
W31575,2.6900773,5.0638456,5Ery,0.20912660865034505
W31576,4.89974,5.5042763,5Ery,0.487573312625922
W31577,-7.403586,10.556179,15Mo,0.5711492543199589
W31578,8.187921,6.8706675,1Ery,0.604760537630599
W31580,-4.8055277,7.187372,13Baso,0.20851230540219065
W31581,-5.050185,6.1764174,10GMP,0.16518112893395442
W31583,-1.3203542,7.13976,12Baso,0.161169726422888
W31586,7.9833117,4.4556274,4Ery,0.6169934542173204
W31587,-0.561962,4.532533,7MEP,0.6855344754710353
W31588,-7.7992315,11.06002,15Mo,0.7073894726869835
W31589,-2.6332886,3.9561276,19Lymph,0.48575712732921555
W31590,-7.9769855,7.1444573,13Baso,0.3785852228681857
W31591,-7.6036777,7.563788,13Baso,0.35621007446617386
W31593,8.165981,2.9717185,3Ery,0.6309757940829704
W31594,6.508781,5.445412,3Ery,0.5878927099114081
W31595,-6.1638117,10.515844,15Mo,0.38065078256215484
W31596,-5.9328628,11.214544,16Neu,0.4732237032402842
W31597,-6.7857256,7.2397017,13Baso,0.3389399997067977
W31598,8.164842,5.827756,2Ery,0.6092914045983433
W31599,-6.9364576,10.554101,15Mo,0.5092407088925007
W31600,-1.5295837,5.962796,17Neu,0.45166364660556824
W31601,-6.4056497,9.908239,15Mo,0.3602566423140979
W31602,-4.925856,6.5746613,13Baso,0.17704682028297142
W31603,-5.852114,10.299813,16Neu,0.40674959209936973
W31604,0.97442895,4.364757,6Ery,0.3859870299934466
W31605,5.180549,4.3530216,5Ery,0.4848192597137046
W31606,-7.6233096,9.198797,15Mo,0.46532357894937754
W31607,-1.9791483,6.982298,9GMP,0.01108905868509413
W31608,-7.2618904,7.524118,13Baso,0.3414461120622456
W31609,-8.629533,10.023303,15Mo,0.48575712732921555
W31611,-5.2500753,7.4970527,13Baso,0.25027194964214794
W31613,0.053532135,5.8370705,6Ery,0.29613478868718746
W31614,-0.46755624,4.7205005,7MEP,0.5862062063100996
W31615,-2.7126877,6.2315354,12Baso,0.21940995038376934
W31617,-6.803853,10.3379345,15Mo,0.46741418653926126
W31618,7.6905723,7.3777757,2Ery,0.5975459487563948
W31620,-2.723529,6.4876857,13Baso,0.2693605809422694
W31621,-1.4109138,6.4345956,10GMP,0.12537102292665572
W31622,-5.5537415,8.85372,14Mo,0.3135403784831089
W31623,-5.6230397,8.382898,14Mo,0.30309383338557755
W31624,-6.4739804,10.067204,14Mo,0.38438641088304576
W31625,-7.486596,10.843519,15Mo,0.6013634600611857
W31626,3.339511,5.2456474,5Ery,0.26775549991583036
W31628,-6.7413282,11.226926,16Neu,0.5042525857583243
W31629,4.68513,5.6663284,5Ery,0.444255493903403
W31630,-6.2095485,8.713987,14Mo,0.3574827329931649
W31631,-6.036057,8.5252075,13Baso,0.3213053718886273
W31632,-8.341787,10.744394,15Mo,0.48575712732921555
W31634,7.9931855,6.911534,2Ery,0.6024824011152321
W31635,7.188834,7.061003,2Ery,0.5844605656841709
W31636,6.830683,7.1414394,2Ery,0.5869286007850248
W31638,-4.685909,7.869067,13Baso,0.24532120454726178
W31639,-4.741317,6.814408,13Baso,0.1884487596545602
W31640,4.421915,4.348568,5Ery,0.41841534287501037
W31641,4.1440353,5.444391,5Ery,0.3114535939236612
W31642,-2.4726517,6.0270333,9GMP,0.2988171261210407
W31644,-6.2710357,8.452117,14Mo,0.3257894688984585
W31645,-0.74438226,4.825478,7MEP,0.6665938858989674
W31646,-4.9303064,7.509936,14Mo,0.24167757942703733
W31647,-4.596702,2.6500995,11DC,0.48575712732921555
W31648,-6.049637,10.97302,16Neu,0.43512030414220637
W31649,8.968511,5.2973013,2Ery,0.6145552609267073
W31650,5.595618,6.239392,2Ery,0.5483547445166228
W31651,-0.87282467,4.8185954,10GMP,0.6026895156695613
W31652,-0.6143479,7.237248,8Mk,0.13870655757818845
W31653,6.820044,7.0223627,2Ery,0.5894511934061022
W31654,6.013875,5.7931957,5Ery,0.5679828305614055
W31655,-7.8054028,6.9080687,13Baso,0.38245802047627453
W31656,-5.8382387,7.6890335,13Baso,0.30531366867510645
W31657,-3.7933183,6.698844,12Baso,0.117666537752672
W31658,0.48048556,4.8341584,7MEP,0.6809203033675387
W31659,0.1768521,4.8799925,7MEP,0.5359499701176991
W31660,-4.6897197,7.7380915,13Baso,0.2619315792204342
W31661,0.41896778,4.1589923,6Ery,0.5009935372268157
W31662,5.61249,5.3750715,5Ery,0.551184928824246
W31663,-5.971048,11.547675,16Neu,0.4720589528154188
W31664,-5.7256694,8.714139,14Mo,0.3148988353714468
W31665,-5.7084856,7.4370527,13Baso,0.29621214150355674
W31666,7.321214,6.220465,2Ery,0.6014107715134132
W31667,-4.528649,8.022072,14Mo,0.21676040210251513
W31668,5.590132,5.9409375,5Ery,0.51959596207975
W31669,-0.6285805,4.6838384,7MEP,0.6585785202986677
W31670,-5.4551597,6.525617,10GMP,0.22506430591257126
W31671,-2.7566824,3.740059,19Lymph,0.48575712732921555
W31674,-3.2877152,7.6155806,14Mo,0.16144685515194102
W31676,7.779593,4.6872163,4Ery,0.6134669813087607
W31678,-7.4841933,9.380509,14Mo,0.4343715269584071
W31681,-1.7501423,7.2888126,12Baso,0.1640517618734059
W31682,-3.2473085,5.752721,9GMP,0.10163907496067472
W31683,-8.657224,9.978555,15Mo,0.48575712732921555
W31684,-2.2433412,7.17581,17Neu,0.29960405580533206
W31685,0.21918678,5.439801,7MEP,0.5668558679547406
W31686,-6.42364,11.040113,16Neu,0.45686015228814036
W31687,-7.9723344,6.774705,13Baso,0.37568597365671513
W31689,7.435952,3.016966,3Ery,0.6260033597157848
W31690,-6.79717,10.963474,15Mo,0.5254800976693516
W31691,6.8439713,5.2974095,3Ery,0.6021669734054459
W31692,1.5565238,5.2910457,7MEP,0.2907517914332447
W31693,-0.54474074,7.3995886,8Mk,0.15963041185906213
W31694,-2.9966266,3.7676973,19Lymph,0.48575712732921555
W31695,6.247897,5.522011,3Ery,0.5805336410407078
W31696,-5.589822,7.7429624,13Baso,0.2972224732981915
W31697,-2.9624557,6.3752747,9GMP,0.15035215070255273
W31698,6.081563,4.2830596,3Ery,0.5880536464486195
W31699,6.3631945,4.797993,3Ery,0.591804550705951
W31700,8.684403,6.2729254,2Ery,0.6084182628277529
W31701,-5.776949,11.079991,16Neu,0.44483146260000034
W31702,-7.0143127,7.777611,14Mo,0.3591527531899151
W31703,-6.107084,11.554751,16Neu,0.4709778062883914
W31704,2.260501,5.504329,6Ery,0.2422937623095642
W31705,-6.355024,7.6344614,14Mo,0.319629434796734
W31706,3.696375,5.02162,5Ery,0.2637187787944523
W31707,-5.675985,7.910177,14Mo,0.3008501732599346
W31708,-6.2356806,8.427018,14Mo,0.31954959907141756
W31709,-1.8412404,4.5503674,19Lymph,0.48575712732921555
W31711,-5.1650705,10.214824,15Mo,0.34301813440385165
W31712,-3.108485,7.357635,13Baso,0.18112212701754074
W31713,-6.1724257,10.031924,14Mo,0.3929143783018875
W31714,-5.249485,7.0442147,13Baso,0.23935950989238608
W31715,-2.300348,7.2189074,17Neu,0.2742415630969722
W31716,-4.968935,7.839912,14Mo,0.24958903094102516
W31717,7.476381,7.3811193,1Ery,0.599383442712568
W31718,6.1450305,6.560949,2Ery,0.5824365537679831
W31719,4.711609,4.915544,5Ery,0.47903502671914217
W31720,-0.27022758,3.9048276,6Ery,0.6011652093885957
W31721,-8.830488,8.810871,15Mo,0.5473787555055281
W31722,-4.226823,6.543926,10GMP,0.12108090882804069
W31723,1.0164475,4.7493134,6Ery,0.36070816392971256
W31724,-2.4273486,6.243139,10GMP,0.2865449520468848
W31725,0.0017851137,4.0126367,7MEP,0.5447212298514886
W31726,-5.220537,8.976962,14Mo,0.29257033671534377
W31727,-7.110147,6.987185,13Baso,0.2976952162055185
W31728,6.4754224,6.117132,2Ery,0.5909916485360973
W31729,-8.559631,9.314204,14Mo,0.5623364777318323
W31730,-6.5295553,8.765667,14Mo,0.3489235039484724
W31731,-0.54774183,4.1425486,6Ery,0.5058023717825183
W31732,-2.4829993,6.2003107,13Baso,0.32395125307559436
W31733,-5.4158664,8.264204,14Mo,0.2783651326321238
W31734,-3.706781,8.185308,14Mo,0.17484599478238444
W31735,6.5170727,6.364841,2Ery,0.584475995882278
W31736,3.9567988,5.115087,6Ery,0.2684598193905441
W31737,-5.162831,6.5388227,13Baso,0.2061149195488171
W31738,-2.6903832,5.9646463,10GMP,0.25587786334772994
W31739,-5.81906,10.34866,15Mo,0.41551358281238887
W31740,-6.1535335,11.370471,16Neu,0.47717152521742906
W31741,-3.8145728,6.4268446,10GMP,0.07453662708923894
W31742,7.857085,7.5858016,1Ery,0.5999472693659167
W31743,-6.4726877,8.298825,14Mo,0.34996820123209693
W31744,-1.9630752,7.2886577,12Baso,0.20069173699241874
W31745,-4.0635257,5.967174,10GMP,0.1337951409367815
W31746,-0.74768835,5.3590817,12Baso,0.46301976583019966
W31748,-5.8969584,11.241223,16Neu,0.4598931318255758
W31749,-3.727745,6.4718666,10GMP,0.09289405505644756
W31750,-6.789743,6.6501145,13Baso,0.3154139519864167
W31751,-5.7890472,11.425773,16Neu,0.4713463949980894
W31752,1.3977662,4.696874,6Ery,0.37470000542186965
W31755,1.7066275,4.7732897,5Ery,0.2634014741191788
W31756,-3.695052,6.6891108,10GMP,0.14286449384485123
W31758,-5.853429,7.1172156,13Baso,0.2870517498707736
W31759,-2.7697248,3.8527517,19Lymph,0.48575712732921555
W31760,-5.727839,10.017245,14Mo,0.36011238284224556
W31761,4.9841766,5.1782265,5Ery,0.40678148175303835
W31762,-6.116084,6.83123,13Baso,0.28696744657330264
W31764,-6.197165,7.6293206,13Baso,0.3252213280864839
W31765,-5.9072547,7.332702,13Baso,0.31817979219806974
W31766,-2.876608,3.8026204,19Lymph,0.48575712732921555
W31767,-5.4539843,9.181651,13Baso,0.21888623836183355
W31768,7.9008894,3.6269708,4Ery,0.6238811265447679
W31771,-1.028312,6.5927477,12Baso,0.22109612503058304
W31773,-2.2767797,6.3017316,10GMP,0.19709474251231993
W31774,-4.686768,2.8200655,11DC,0.48575712732921555
W31775,8.216684,7.1379223,1Ery,0.6039085786632737
W31776,-2.805183,3.937418,19Lymph,0.48575712732921555
W31777,7.578054,4.540724,3Ery,0.6115911509871851
W31778,0.79611486,5.175137,6Ery,0.4023109722505689
W31779,1.5865537,5.4636908,6Ery,0.23549014901128043
W31780,7.6600814,5.9996796,2Ery,0.604764745836699
W31781,8.54903,6.0318675,2Ery,0.6089355230026346
W31782,-5.43484,7.231903,13Baso,0.27128661070766646
W31783,4.646991,3.837954,3Ery,0.45931637234188605
W31785,-7.055949,11.175677,15Mo,0.5410061543810814
W31786,7.7352695,5.71977,2Ery,0.6066756349421268
W31787,-2.978406,7.4106336,10GMP,0.15934144711416637
W31788,3.0877948,5.515165,5Ery,0.22949519141675084
W31789,-4.260433,7.793816,13Baso,0.20489674842030753
W31791,-2.7342114,6.028229,9GMP,0.27073764331495015
W31792,-3.504112,5.9241853,9GMP,0.133665353497726
W31793,-2.4940119,6.9143534,12Baso,0.23307027069929298
W31794,-1.7911978,5.997951,17Neu,0.38263471603963656
W31795,1.1653538,5.1950383,6Ery,0.3036474737716726
W31796,0.05860778,4.4457684,7MEP,0.4969171730840899
W31797,3.8680766,4.782166,6Ery,0.34162615210669245
W31798,-6.7912245,7.4641166,14Mo,0.33927809677333326
W31799,-4.6549253,7.808684,14Mo,0.24230042084297201
W31800,-2.6595736,3.6775491,19Lymph,0.48575712732921555
W31801,-6.346606,7.2794275,13Baso,0.31656270550737886
W31802,-4.724703,7.3590693,13Baso,0.21263958929142782
W31803,6.0820956,6.3926406,2Ery,0.5840945771928471
W31804,-3.9976656,7.1751842,13Baso,0.28016963950245205
W31805,-0.81023496,4.6800485,7MEP,0.48575712732921555
W31806,5.8381467,4.7043214,3Ery,0.5712183828401407
W31807,-3.4859717,7.3243065,13Baso,0.1687512958331654
W31808,-6.9561605,9.949465,15Mo,0.43650745078766756
W31809,-3.685026,7.4809318,13Baso,0.21305808076588054
W31810,-4.5825496,2.5496888,11DC,0.48575712732921555
W31811,-1.9443691,6.5917263,17Neu,0.35471637489532776
W31812,-6.534882,8.4126425,13Baso,0.28376899438769265
W31813,-4.692785,8.230206,14Mo,0.25455322056764357
W31814,5.864424,6.75637,2Ery,0.5635163754906076
W31815,-4.58307,2.3665867,11DC,0.48575712732921555
W31816,-5.055176,6.9210396,13Baso,0.1851106889873695
W31817,-5.088987,7.9614677,13Baso,0.2593901778258653
W31818,6.773855,6.882511,2Ery,0.5927484661332313
W31819,7.4155555,7.4064364,2Ery,0.5953700950110632
W31820,-5.525427,10.996764,16Neu,0.434588260979204
W31821,-4.603782,8.59832,14Mo,0.2170928776177278
W31822,-2.64253,6.4790497,10GMP,0.2584630003447473
W31823,-6.018759,10.639489,16Neu,0.44575124479960926
W31824,-7.0379395,7.5461287,13Baso,0.3436105853844326
W31825,-4.931588,6.6303687,10GMP,0.2201362083480547
W31826,-6.40166,10.558847,16Neu,0.46520926718039657
W31827,4.613669,6.5132384,2Ery,0.4121830714691422
W31828,-5.3787675,8.248829,14Mo,0.2905740156411089
W31829,-1.1687673,5.1007366,12Baso,0.528930930269237
W31830,-2.6158621,5.514643,9GMP,0.3256186025172459
W31831,7.4335694,5.809954,2Ery,0.6043903063707388
W31832,8.305498,5.023232,2Ery,0.6142311926072099
W31834,6.447596,6.895919,2Ery,0.5814097374763267
W31835,3.8694484,6.059597,6Ery,0.334212138935661
W31836,-6.598828,6.450784,13Baso,0.30155808319549443
W31837,-3.3467143,7.4326205,14Mo,0.1778567529665419
W31838,7.032901,6.418425,2Ery,0.5989121723489956
W31839,6.1817923,5.393824,5Ery,0.5908702590482612
W31840,-7.3021016,10.937119,16Neu,0.5935537876169478
W31841,1.0673718,4.9896936,6Ery,0.36798171085254044
W31842,-3.247095,7.290405,13Baso,0.18368624120143368
W31845,-5.1444197,7.6167674,14Mo,0.27248850999569274
W31846,4.3779387,5.5489454,5Ery,0.3511678415514417
W31847,5.588774,6.476174,5Ery,0.5099424034255742
W31849,7.886807,6.8382273,2Ery,0.6022820303287028
W31850,5.7782083,4.930165,4Ery,0.5639623545939502
W31851,7.1926937,7.1159782,2Ery,0.5968854219335055
W31854,-2.9102652,6.687928,10GMP,0.22989317489596087
W31855,5.8840604,5.627713,5Ery,0.5523315556593833
W31856,-4.4779882,7.7953157,13Baso,0.20559811948040368
W31857,-5.4715714,7.662709,13Baso,0.27602164315875627
W31858,7.029447,6.4201593,2Ery,0.5987972660276686
W31859,-0.07898658,5.420951,12Baso,0.5063422912805985
W31860,-3.0531735,7.8016768,12Baso,0.1916563495221181
W31861,-5.2648087,9.873474,15Mo,0.293763892703455
W31864,-6.548299,7.8064027,13Baso,0.3333780290749839
W31865,-6.5789347,6.9871764,13Baso,0.3214191756528314
W31866,-4.339179,8.153519,13Baso,0.22917367121199736
W31868,-4.913073,7.624414,13Baso,0.23935679711260704
W31870,-4.395021,6.0497184,10GMP,0.1195482924222015
W31871,-5.173218,10.079034,14Mo,0.3412462110016845
W31872,-7.0246887,7.595495,13Baso,0.34766981624606086
W36865,-0.31704587,4.4220834,7MEP,0.48575712732921555
W36866,-5.195735,8.161657,13Baso,0.2488207771154037
W36867,-0.7401379,5.3482847,9GMP,0.6247512420953408
W36868,-7.176763,7.906358,14Mo,0.34632483900321287
W36869,9.404691,5.2576723,1Ery,0.6142297711589236
W36871,7.391104,2.8443432,3Ery,0.6273564384037662
W36873,-8.320103,6.92088,13Baso,0.41697661715563217
W36874,-5.19797,8.034777,13Baso,0.26196743545056767
W36875,-7.864139,11.213233,15Mo,0.48575712732921555
W36876,5.706852,6.885144,2Ery,0.5184279011766383
W36877,-7.8474317,8.382696,13Baso,0.3391923539666672
W36878,7.4225535,4.0758686,5Ery,0.6115485168748951
W36879,-7.393911,8.754498,14Mo,0.379054661708335
W36881,8.9253025,4.8392706,3Ery,0.6133525694408013
W36882,2.8957505,5.266265,6Ery,0.19551397777616394
W36883,8.315766,4.777311,2Ery,0.6114875417985158
W36884,-2.6110373,3.7573547,19Lymph,0.48575712732921555
W36885,-6.9132004,9.651104,15Mo,0.4152687335389645
W36886,-2.8434968,7.1242733,12Baso,0.195519101434521
W36887,-0.9877909,5.3472786,7MEP,0.48575712732921555
W36889,9.38075,5.819462,2Ery,0.6126741293367566
W36890,-0.37281448,6.6847177,8Mk,0.23836287846259713
W36891,-7.8952913,8.035354,14Mo,0.3721441725746491
W36892,-8.167539,7.974372,14Mo,0.3858904202628015
W36893,-0.9653443,6.823562,8Mk,0.19203180599385594
W36894,5.0746126,4.0054765,5Ery,0.48533983865701275
W36895,-4.8704963,9.172216,14Mo,0.24567023475433664
W36897,8.787072,6.018376,2Ery,0.6084094040012562
W36898,7.006013,3.2169776,3Ery,0.6135647494524233
W36899,-2.1975167,6.7890277,9GMP,0.08411634470696742
W36900,5.517488,5.195312,5Ery,0.5473365467278202
W36901,7.33391,5.0240088,3Ery,0.6040437354568728
W36902,5.870107,4.1165752,5Ery,0.5752506375810015
W36903,-7.3100553,7.985184,14Mo,0.35175776675276227
W36905,8.81154,4.712893,2Ery,0.6143765022534086
W36906,8.905146,5.1549773,2Ery,0.6124650904162423
W36907,-5.6137013,9.397087,14Mo,0.29214329624089436
W36908,-5.8091903,11.09127,16Neu,0.45249839809774617
W36909,-0.8159236,5.4860477,9GMP,0.6714454628175048
W36910,-7.370163,11.347171,16Neu,0.676255908983343
W36911,-8.086336,11.006884,15Mo,0.48575712732921555
W36912,-5.1691008,5.8855104,10GMP,0.14558828332022886
W36913,7.980389,4.729596,3Ery,0.6094540712263693
W36914,-6.6416593,7.7652054,14Mo,0.3207055670080516
W36915,-0.044877153,7.182089,8Mk,0.07194390678163115
W36916,-4.7556314,9.289474,14Mo,0.2582895719505472
W36917,-6.120902,9.30128,15Mo,0.3429268395994863
W36918,-5.086449,10.704952,16Neu,0.35199206102968333
W36919,5.433187,5.258136,5Ery,0.5444419313308102
W36920,-6.953974,8.745698,14Mo,0.3365289663507788
W36921,-4.956312,10.302744,16Neu,0.314257860447144
W36922,4.303886,5.501183,4Ery,0.40364154442773276
W36923,8.77515,5.4720373,2Ery,0.6105464883391278
W36924,-6.945785,7.174351,13Baso,0.38856162489694807
W36925,-7.9878287,7.5357075,14Mo,0.388019507983491
W36926,-5.9269524,7.69292,13Baso,0.28248297599172856
W36927,3.8365202,4.833439,5Ery,0.31815115588667897
W36928,-5.727532,6.8303223,13Baso,0.17331149691995623
W36929,-0.39220738,5.0608,7MEP,0.6634444987018117
W36930,-6.366048,11.090063,15Mo,0.4749997581178216
W36931,2.300768,5.310045,6Ery,0.2075805666817557
W36932,-6.429794,11.131744,16Neu,0.5107651084162944
W36933,-7.623962,9.965474,15Mo,0.5487955988029046
W36934,-2.3246913,7.3716726,12Baso,0.26939466774361864
W36935,2.4584675,5.3338265,6Ery,0.2196568148516108
W36936,-7.1500025,7.5864906,13Baso,0.48575712732921555
W36939,-6.177312,9.789951,14Mo,0.37388196495472936
W36940,-5.8403077,10.566894,16Neu,0.4429091528463714
W36941,-6.8050084,8.10211,14Mo,0.32917066051875815
W36942,-5.8179665,8.721752,14Mo,0.31937481109473026
W36943,7.12121,6.7381763,2Ery,0.5968885877722685
W36944,1.9953607,4.9145846,6Ery,0.262162356157707
W36945,0.31450805,4.081595,6Ery,0.5635228232569409
W36946,-6.240652,6.6120243,13Baso,0.27648773541327626
W36947,-5.8073072,9.045976,14Mo,0.3141885166841288
W36948,-7.0403857,10.8234005,16Neu,0.5255973872832677
W36949,8.247567,4.755536,2Ery,0.615367930931853
W36950,8.8360815,6.4228687,2Ery,0.6074849667427071
W36951,6.5787597,5.235752,5Ery,0.5932935456735776
W36952,7.030838,5.523618,2Ery,0.5958496677063377
W36953,4.553587,5.1149383,5Ery,0.44228694796680185
W36954,8.384013,6.8092337,1Ery,0.60612048229218
W36955,-6.069114,6.4995127,13Baso,0.24143891472513002
W36956,-5.372794,8.391281,14Mo,0.280438682631703
W36957,-6.4069524,8.84173,14Mo,0.3312638716569603
W36958,-6.8209796,11.458506,16Neu,0.5391114767038228
W36959,8.180371,7.0086083,1Ery,0.6049356033307199
W36960,6.1420226,3.9317603,6Ery,0.5725439622024208
W36961,-7.4633784,9.012364,14Mo,0.3964697970684209
W36962,-8.183354,8.135602,14Mo,0.3976415166624439
W36963,-7.520457,9.568637,15Mo,0.4421424553329971
W36964,-8.156442,6.877567,13Baso,0.47096604154322314
W36966,-7.66716,10.166019,15Mo,0.4379702260303033
W36967,9.130374,4.576933,1Ery,0.6197433707266651
W36969,-0.3671948,7.577974,8Mk,0.12307817596528715
W36970,-6.6568303,11.205953,15Mo,0.500949716040186
W36971,-7.2686296,8.519713,14Mo,0.36334516076733525
W36972,-4.810953,6.5511193,10GMP,0.15298194313354962
W36973,-4.1866736,6.70591,9GMP,0.10816584858690381
W36974,4.5984893,4.636793,4Ery,0.4556632697155632
W36975,-7.807185,9.486534,15Mo,0.451197691459691
W36976,0.8367808,4.07405,4Ery,0.3840034748921354
W36977,-4.48499,2.5357015,11DC,0.48575712732921555
W36978,8.797628,6.493694,2Ery,0.6081277619043443
W36979,-6.6131625,8.006395,14Mo,0.2967498469371549
W36980,-4.179651,8.2566185,14Mo,0.20385248128436065
W36981,-0.37459671,7.4898047,8Mk,0.1165022129326741
W36982,-6.943388,7.8869133,13Baso,0.24139802901320034
W36983,4.2875557,4.443317,6Ery,0.3829032481084534
W36984,-5.6261654,6.7538533,13Baso,0.22872794873116825
W36985,5.9885707,4.949278,4Ery,0.5873071989570664
W36987,-3.8062027,6.1001635,13Baso,0.16921743753512863
W36990,-6.231031,9.004506,15Mo,0.333860273931865
W36991,-5.046787,6.9429417,13Baso,0.19963408965988738
W36992,7.4973197,3.989646,4Ery,0.6147074732292598
W36993,7.6012216,6.9518557,2Ery,0.6016504454894154
W36994,-5.5109496,11.199746,16Neu,0.4293016899938865
W36995,7.045845,7.6513968,2Ery,0.5940106001712354
W36996,4.138176,5.6435256,5Ery,0.39115556843750815
W36997,8.164355,6.685472,2Ery,0.6057089463102612
W36998,3.7371387,5.2607584,5Ery,0.25016056669788084
W36999,-5.3681474,6.195048,10GMP,0.2041379499172801
W37000,-7.0114026,6.6544566,13Baso,0.31619834233025057
W37001,-4.0201964,7.4680853,13Baso,0.1788155090293525
W37003,-0.60253143,4.855122,8Mk,0.5480709171842459
W37004,-6.300107,11.266061,16Neu,0.4788751721155492
W37005,-5.79321,6.783258,13Baso,0.25106626170258634
W37006,-0.5889395,4.707505,7MEP,0.5801069959035093
W37008,7.0143943,5.4554396,4Ery,0.6030572494555921
W37009,-6.9880986,7.880734,13Baso,0.2898165591731739
W37010,0.19952232,4.4459844,6Ery,0.6788454413144875
W37011,6.354133,6.9898477,2Ery,0.5893795695796166
W37012,-2.6411312,6.8073254,14Mo,0.23887773792860847
W37013,-6.1979685,11.213185,16Neu,0.47560428142249056
W37014,7.7978654,6.278036,2Ery,0.6031453481709562
W37015,-3.9140484,7.8317614,13Baso,0.18452218317758837
W37016,-5.417725,9.770967,14Mo,0.31357026392630133
W37017,3.5055192,5.1259813,6Ery,0.2348487157454547
W37018,7.758587,7.523932,2Ery,0.5992459624521683
W37019,6.2226357,6.821067,2Ery,0.5685029743367672
W37020,7.2845635,7.457811,2Ery,0.5965982974561316
W37022,-0.8363372,6.941327,8Mk,0.14149756445064934
W37023,7.4681387,6.0034223,2Ery,0.6016968495752241
W37024,8.174262,4.3811293,4Ery,0.6146007233525727
W37025,-4.975415,8.44372,14Mo,0.2633547103119733
W37026,-1.6154197,5.6934385,17Neu,0.42584733700445554
W37027,3.1402547,5.3433213,5Ery,0.2341283268500038
W37028,-6.2727914,7.458873,13Baso,0.30534660962258997
W37029,-0.29989856,4.0952406,7MEP,0.5383294744181836
W37030,6.0470166,4.4702673,3Ery,0.587351132393939
W37031,6.716472,4.2246547,5Ery,0.6000010955553697
W37032,-6.6944947,6.8403606,13Baso,0.32052998766825685
W37034,-0.7829341,7.206635,8Mk,0.16631981704741702
W37035,0.23264387,4.345278,6Ery,0.4839210154559453
W37036,5.9038935,6.222398,5Ery,0.5631776040630341
W37037,4.337793,4.7687154,5Ery,0.28869106837805736
W37038,-4.9356318,2.3395631,11DC,0.48575712732921555
W37039,7.043603,5.977535,5Ery,0.5986534168924348
W37040,-4.3424335,9.513172,15Mo,0.22596770360549784
W37041,6.710581,6.3530593,2Ery,0.5855446194235301
W37042,7.4829993,6.5103526,2Ery,0.6018034610231812
W37043,-6.867619,10.199253,15Mo,0.4723162454524098
W37044,-5.791209,10.1043625,15Mo,0.38691925579232544
W37045,-7.615897,8.6241665,13Baso,0.33957538755862077
W37046,-6.8334146,8.646997,14Mo,0.34946813020666156
W37047,-6.435781,8.907104,14Mo,0.3326530261773482
W37048,-4.8690567,8.343133,14Mo,0.2638978289876849
W37049,4.250857,4.9528556,5Ery,0.4082397633821119
W37050,1.5661671,5.1773534,7MEP,0.2921184044697742
W37051,6.2420125,4.916616,3Ery,0.5812324931687471
W37052,7.220309,5.8630347,2Ery,0.6001632684421434
W37053,-0.041454066,5.0007367,7MEP,0.6215360047036141
W37054,7.7666388,7.4620705,1Ery,0.6004567701893606
W37055,-8.00729,8.303931,14Mo,0.37688613813337546
W37056,7.3092117,6.218591,2Ery,0.60070918755391
W37057,-6.6467853,9.499008,15Mo,0.3507830891751296
W37058,-8.380711,8.47306,13Baso,0.4540416655427892
W37059,6.466926,5.2082887,4Ery,0.5843018254694629
W37060,-8.922875,8.454506,13Baso,0.46055944118516146
W37061,3.330639,4.8272953,6Ery,0.20061715673952496
W37063,-3.7183344,6.546455,9GMP,0.09840345588706582
W37065,9.250404,4.0271726,3Ery,0.6253148455161717
W37066,3.7699785,5.0242653,6Ery,0.27596710212801256
W37067,8.297204,7.039023,1Ery,0.6024880989489392
W37068,6.886407,4.1134524,4Ery,0.6048469804572828
W37069,-7.3140087,7.3441744,13Baso,0.3478539283511413
W37070,-5.460291,5.9358344,9GMP,0.14059107250825748
W37072,-0.17038344,5.1011467,7MEP,0.48575712732921555
W37073,-5.716412,8.786999,14Mo,0.3118375668555796
W37074,-7.0172334,8.289898,13Baso,0.27925077287529915
W37075,-8.35103,7.5438113,13Baso,0.3881733999546176
W37076,-2.5166333,3.684438,19Lymph,0.48575712732921555
W37077,-3.362814,6.599012,10GMP,0.15444260335440194
W37078,-1.5541352,6.781972,9GMP,0.17398642952028087
W37079,3.9833963,5.40005,5Ery,0.33705442320498147
W37080,-6.2273755,11.451175,16Neu,0.48034824065110937
W37081,-6.110236,8.733565,14Mo,0.32368687246377625
W37082,-6.5190406,10.207891,15Mo,0.417296494092226
W37083,7.73145,5.994927,2Ery,0.5964874491184176
W37084,8.066209,4.741751,3Ery,0.6131521803922582
W37085,-5.483618,6.9301715,13Baso,0.2425825143257871
W37086,4.3505855,5.2141395,6Ery,0.39023507933848206
W37087,5.2180033,6.316096,4Ery,0.5153645507116402
W37088,8.339562,4.709255,3Ery,0.6140477829995432
W37089,-7.140652,11.171575,16Neu,0.5605170896152037
W37090,-1.5344718,7.4663815,9GMP,0.03344294579569414
W37091,-2.1941936,6.100334,9GMP,0.3438277298424788
W37092,-0.73606646,4.7939057,12Baso,0.48575712732921555
W37093,-0.786142,5.092659,7MEP,0.48575712732921555
W37094,-6.0914683,10.853625,16Neu,0.45390596798124977
W37095,2.8041565,4.637822,6Ery,0.19341579212468726
W37096,-6.019133,8.201425,13Baso,0.26228240022609056
W37097,-2.6576002,7.9036293,17Neu,0.20770624453714714
W37098,-5.9922967,9.089318,14Mo,0.30594290244012984
W37099,8.705177,5.336166,3Ery,0.6119893752686646
W37100,-7.1177235,11.576128,16Neu,0.6102566573075248
W37101,-6.2180324,7.151098,13Baso,0.2576257644300019
W37102,-6.79016,8.172062,14Mo,0.3446575959981281
W37103,9.499382,4.671831,3Ery,0.6204539065138422
W37104,-6.170737,8.485306,14Mo,0.29704432481064597
W37105,-6.629892,11.180174,16Neu,0.5181200803555281
W37106,8.237607,5.120218,2Ery,0.6096153545232506
W37107,-3.712752,8.928111,18Eos,0.17941846906541742
W37108,0.1635152,5.1134887,7MEP,0.6293001399760703
W37109,-0.3625311,4.556252,7MEP,0.6483740885306323
W37110,6.215488,5.0457964,5Ery,0.5768231595118223
W37111,-5.71645,9.445299,16Neu,0.3388473781747044
W37112,7.128195,6.501599,2Ery,0.5961453369519103
W37113,5.705553,6.037091,5Ery,0.5625552278558128
W37114,-6.297341,8.1369705,13Baso,0.3076227638655686
W37115,1.3404325,4.824792,6Ery,0.3268292075351656
W37116,-6.1481724,8.761596,14Mo,0.3303730845892671
W37117,-2.909558,7.9324803,12Baso,0.19474583232116166
W37118,-5.1664376,6.7555327,13Baso,0.20989272785064902
W37119,6.441609,4.882197,5Ery,0.5939311422097621
W37120,6.844587,5.3136444,2Ery,0.6002502652737004
W37121,8.308755,4.8409257,2Ery,0.6123892917411358
W37122,-7.552004,8.26223,14Mo,0.3636086339283447
W37123,-6.5267634,10.949099,16Neu,0.5024059062830719
W37124,-6.1591167,8.911671,14Mo,0.26866140049104326
W37125,9.176101,6.234772,1Ery,0.6101508441531942
W37126,-4.6480236,2.468634,11DC,0.48575712732921555
W37127,8.50774,6.1372037,1Ery,0.6069640834578501
W37128,-5.3646984,7.3576484,13Baso,0.22825799190601778
W37130,6.180583,5.344758,3Ery,0.5757981679299794
W37131,6.404047,5.6041512,5Ery,0.590567914772803
W37132,-6.488944,10.979863,16Neu,0.49072817409493685
W37133,-6.260787,11.372608,16Neu,0.4807224581793965
W37134,3.224035,4.877981,6Ery,0.23071547497122238
W37135,8.861039,6.6818924,1Ery,0.6078993174747218
W37137,-7.068628,8.60727,14Mo,0.2918279324075561
W37138,-7.1801724,10.439357,16Neu,0.5185339118539964
W37139,8.105336,5.073356,2Ery,0.6099052312798527
W37140,2.1993327,5.5714364,10GMP,0.11585491703318719
W37141,5.0657573,5.6146255,5Ery,0.5202577155529677
W37142,-7.3416696,7.8674207,14Mo,0.3608316661741278
W37143,6.6863728,7.239126,2Ery,0.5830820675773577
W37144,4.519587,4.4060755,6Ery,0.33780719316169133
W37145,7.057668,4.4713526,5Ery,0.6024479899247572
W37146,8.39126,7.338256,1Ery,0.6046240867420487
W37147,-0.07583079,4.6020293,5Ery,0.5629825833747546
W37148,-6.3812027,10.1722,15Mo,0.43764955569740327
W37149,-2.4525113,3.7886083,19Lymph,0.48575712732921555
W37150,-3.0135767,5.87759,10GMP,0.23186003968236654
W37151,8.165812,5.6942406,2Ery,0.606568473422113
W37152,5.927761,4.756621,5Ery,0.5814825033641094
W37153,-0.3644701,4.762347,7MEP,0.6018498191215808
W37154,5.5727205,3.4710944,6Ery,0.5666355199179359
W37155,-5.21383,2.771748,11DC,0.48575712732921555
W37156,7.3735743,4.80473,4Ery,0.6050664833352194
W37157,-7.9878745,8.431415,15Mo,0.41246072906321607
W37158,8.57571,5.2760506,3Ery,0.6117734098087193
W37159,9.139049,5.6099935,2Ery,0.6130085207859647
W37161,0.45193082,5.2715073,7MEP,0.4657095690270756
W37162,9.604436,5.130467,1Ery,0.6158298180527072
W37163,-0.33732307,4.3780813,7MEP,0.48575712732921555
W37164,4.2430634,5.424693,5Ery,0.3962241338875555
W37165,7.710259,3.7588427,3Ery,0.6140533341754524
W37166,6.178644,5.3160634,3Ery,0.5860196258429747
W37167,-7.472378,8.421759,13Baso,0.3094025009514529
W37168,7.114288,3.5745835,3Ery,0.6122060163192833
W37169,-6.7445517,10.850212,15Mo,0.5015271101899009
W37170,-7.545276,8.952161,15Mo,0.3780210586678728
W37171,6.3932133,4.827251,4Ery,0.58830371537946
W37172,-6.879145,8.869197,14Mo,0.3367544379901587
W37173,7.3821898,6.3260627,2Ery,0.6010011301993057
W37174,8.660876,5.1520276,2Ery,0.6129779855291937
W37175,-7.1271515,11.382786,16Neu,0.6227793534583279
W37176,-8.519381,7.3048363,13Baso,0.3875056500827524
W37177,-6.1944733,6.758928,14Mo,0.25618179725162693
W37178,3.8906043,5.2042093,5Ery,0.32265072949926804
W37179,-5.873295,9.976593,16Neu,0.37251842674435764
W37180,-5.3242707,8.665531,14Mo,0.28790013155293653
W37181,-5.836966,9.734493,16Neu,0.3681900589057736
W37182,-0.6053127,7.7088714,8Mk,0.09271535128293114
W37183,0.72024584,4.460789,7MEP,0.5078735923482396
W37184,-0.8551279,4.9993634,8Mk,0.48575712732921555
W37185,-5.4418716,7.886548,14Mo,0.2799415396141592
W37186,-5.3564014,6.426442,10GMP,0.20258203717795745
W37187,6.449598,5.333859,5Ery,0.5942482886523114
W37188,0.28956583,5.957987,10GMP,0.24434747289892128
W37190,6.5887856,4.927422,3Ery,0.5982061999788623
W37191,-6.5235276,6.917716,13Baso,0.2231700814999251
W37192,-5.3306155,8.484776,14Mo,0.2767618254495942
W37193,8.2206135,5.3818455,3Ery,0.6084252258344856
W37194,5.173145,6.838652,2Ery,0.521659717856097
W37195,6.524925,7.434907,2Ery,0.5739130166738414
W37196,-5.437897,10.021492,14Mo,0.3511256908816439
W37197,6.139706,6.685091,2Ery,0.581958665959687
W37198,2.7340338,5.560968,6Ery,0.20242482741674211
W37199,7.373189,5.4764376,4Ery,0.6029719764651956
W37200,-7.2963233,10.052396,15Mo,0.5235046045824643
W37201,-6.0596814,7.004704,13Baso,0.2756886326952364
W37202,3.3524787,6.0452704,6Ery,0.24104282189314075
W37203,-2.0313873,6.879191,12Baso,0.32033614150934236
W37204,-5.210641,10.727288,16Neu,0.41083307230847543
W37205,-6.6218886,9.018538,14Mo,0.3362122556698959
W37206,-6.0771976,10.174754,15Mo,0.38699641690616554
W37207,-8.837004,7.875757,13Baso,0.4088622485115502
W37208,7.598452,5.5430818,2Ery,0.6051423736256921
W37209,-4.5336843,8.452517,14Mo,0.23654263701800834
W37210,-4.2123218,8.2866125,14Mo,0.20309363079599035
W37211,-0.8931767,5.8258414,12Baso,0.4586808305417511
W37212,-2.0276394,6.4341364,10GMP,0.325667428101844
W37213,-0.4963055,4.79127,7MEP,0.5585514629887236
W37215,7.890666,5.8502955,2Ery,0.604287315626198
W37216,5.4297314,5.4455886,4Ery,0.5413067356399287
W37217,6.2713027,6.3047557,3Ery,0.5849781170827069
W37218,-5.4884934,10.51344,16Neu,0.3911615226372327
W37219,4.4088883,6.482135,5Ery,0.3288480935416894
W37220,5.980929,7.0456004,2Ery,0.5747311074142872
W37221,5.9227047,4.83552,3Ery,0.5805904411039725
W37223,6.899119,7.1175156,2Ery,0.5936519153254716
W37224,-5.0314746,8.822847,14Mo,0.28042199905773774
W37225,-7.7373986,8.485912,14Mo,0.3845022383491847
W37226,-0.6795571,7.29441,8Mk,0.15652505578700213
W37227,6.035834,6.599703,5Ery,0.5732048649540638
W37228,0.65288043,5.204069,7MEP,0.4099211265401361
W37229,-0.19688238,4.103758,7MEP,0.6832427407252895
W37230,-6.3548584,11.603846,16Neu,0.4905826512743031
W37231,6.431766,6.4346294,2Ery,0.5915392047263585
W37232,-6.865971,6.389393,13Baso,0.29923445730167847
W37233,6.83098,5.0235305,5Ery,0.5981400933587995
W37234,4.9842243,5.9303956,5Ery,0.511009074410304
W37235,-5.519839,9.71608,14Mo,0.35343243255926493
W37236,2.4900098,5.2430778,6Ery,0.21664252907008802
W37237,-5.254263,8.512966,14Mo,0.3040024838696109
W37238,-0.43966213,5.741053,7MEP,0.547367628447242
W37239,6.987594,6.8995824,2Ery,0.595692252661961
W37240,-4.3377447,6.7277946,13Baso,0.16949807026302358
W37241,7.547204,7.3172655,2Ery,0.5991611874624394
W37242,-4.2503104,7.975509,14Mo,0.18173483146123984
W37243,6.563139,6.8503156,2Ery,0.5869675474898893
W37244,-6.4139423,10.247545,15Mo,0.43693834948331256
W37245,4.850425,5.264993,3Ery,0.5058531159515726
W37246,5.70689,4.4458847,5Ery,0.5634459408348685
W37247,-0.67622995,5.9979315,10GMP,0.35826596345306755
W37248,3.092169,5.8205304,6Ery,0.23901245503936575
W37249,-3.3457744,7.5411263,15Mo,0.21191010815877706
W37250,9.482585,4.470681,1Ery,0.6222288699344438
W37251,6.9835443,3.9808624,4Ery,0.6051496825404818
W37252,-1.8727264,6.9172087,12Baso,0.32650521577395736
W37253,5.540585,6.151367,4Ery,0.49377022909162566
W37258,-8.554623,7.194008,13Baso,0.40186642318414895
W37259,6.8120894,3.335612,6Ery,0.6045052899571091
W37260,1.7545458,4.3745437,3Ery,0.22863753985175606
W37261,0.48894534,6.9811096,8Mk,0.14360300966201964
W37262,6.137447,3.0315146,6Ery,0.5852503584786868
W37264,5.954916,6.0954103,3Ery,0.5204914794841956
W37265,8.011465,3.8842356,3Ery,0.6194007345521536
W37266,8.189034,3.310589,4Ery,0.6310298727579123
W37267,-8.040725,10.480334,16Neu,0.48575712732921555
W37268,-0.14042614,5.0255513,7MEP,0.616165396967629
W37269,8.336133,3.9460406,3Ery,0.6221540993144571
W37270,-8.612205,10.330478,15Mo,0.48575712732921555
W37273,-4.528763,5.729911,10GMP,0.15224971414771313
W37274,-3.466568,7.087683,12Baso,0.12100112211820484
W37275,8.593374,3.3777957,3Ery,0.48575712732921555
W37276,7.978645,3.3240776,3Ery,0.6253548955198981
W37277,-9.020187,7.9026427,14Mo,0.4216775139367084
W37278,-3.584065,6.5622506,9GMP,0.08091625859817259
W37279,-2.902942,7.411344,12Baso,0.14424843374618432
W37280,-7.7030935,10.385229,15Mo,0.613536436676632
W37281,-8.561303,10.418258,15Mo,0.48575712732921555
W37282,8.4598255,4.5016966,2Ery,0.6172308465574404
W37283,-5.8262157,7.788393,14Mo,0.29559232424230286
W37284,6.9037967,5.6192064,4Ery,0.6017265223441123
W37285,8.319058,3.2495878,3Ery,0.6271583733675388
W37286,-7.814001,7.0003414,14Mo,0.3719640151826193
W37288,-7.4154744,7.292335,14Mo,0.3549106499265178
W37289,-0.8835433,7.9014435,8Mk,0.0
W37290,-6.8950715,11.417749,16Neu,0.5183631783324879
W37291,-1.8006912,5.740399,10GMP,0.39685439268469097
W37292,8.131497,5.8024445,2Ery,0.6076452386846098
W37293,7.745733,6.207087,2Ery,0.6049529411081005
W37294,7.3056755,3.2157478,3Ery,0.6208276983350557
W37295,1.04982,5.5294986,9GMP,0.3570505074310407
W37296,-8.603357,10.304449,15Mo,0.48575712732921555
W37297,-7.3040814,6.912628,14Mo,0.354685470816291
W37298,5.47482,5.4202995,5Ery,0.5480584078496439
W37300,-5.0774026,8.0426235,14Mo,0.22434032027018871
W37301,8.112929,5.288348,2Ery,0.6106534376238153
W37302,-8.0243635,7.000031,13Baso,0.37833192822408995
W37303,-8.55839,7.5512915,14Mo,0.4122000578651193
W37304,-8.559879,7.1222777,14Mo,0.4016121779771193
W37305,-7.4049993,8.508925,14Mo,0.3718076324189723
W37306,8.79576,4.1370997,2Ery,0.626095423463609
W37307,7.968997,6.256938,2Ery,0.6056706002848692
W37308,-5.2701592,7.3873725,13Baso,0.2653427792665082
W37309,1.7018158,5.054288,6Ery,0.2588880057610249
W37310,-0.9083194,4.686457,7MEP,0.48575712732921555
W37311,0.022367202,5.0589585,7MEP,0.57768136123517
W37312,-6.700284,6.840985,13Baso,0.28643063810250485
W37313,6.695456,3.540912,3Ery,0.6075995868615507
W37314,3.5768836,4.877995,3Ery,0.2202090913986848
W37315,-5.6456633,7.634022,14Mo,0.2791915040761945
W37317,1.4531581,4.503751,2Ery,0.2905394997467942
W37318,7.8272142,7.0477552,2Ery,0.6012494155400646
W37319,-1.2940383,7.28103,8Mk,0.046705612415615085
W37320,0.5381653,5.1607323,7MEP,0.5819762215880395
W37322,-6.4849215,11.529593,16Neu,0.4794113061342915
W37323,4.817598,5.2795844,5Ery,0.45588279481515803
W37324,-7.5335674,7.5210185,14Mo,0.36550444341908755
W37325,5.1824255,5.7691183,2Ery,0.5321353512133823
W37326,-5.8417716,8.89875,14Mo,0.3227078796973219
W37327,-0.4534925,7.5781913,8Mk,0.07186083916531567
W37328,0.66254073,5.9924874,7MEP,0.38735815005231733
W37329,-2.6866038,3.8140955,19Lymph,0.48575712732921555
W37330,-7.446385,9.374887,14Mo,0.45666712087679967
W37331,-0.5474825,4.8275614,12Baso,0.591129475646726
W37332,-6.186865,6.5458484,13Baso,0.279150959095558
W37334,0.23905389,6.7903314,12Baso,0.08715357974724806
W37335,-7.1361613,6.6532784,13Baso,0.33360283657914724
W37336,7.81533,2.9296024,4Ery,0.6309224060032841
W37337,-8.574871,8.565479,14Mo,0.46285974982035827
W37338,9.174376,3.994868,2Ery,0.6251369325048736
W37339,6.3638115,5.5086207,5Ery,0.5878562482239665
W37340,-4.7991676,2.5897236,11DC,0.48575712732921555
W37341,-7.6617947,10.936596,16Neu,0.6901666517856925
W37342,8.281409,3.0556042,3Ery,0.48575712732921555
W37343,-4.896909,2.5119476,11DC,0.48575712732921555
W37344,7.637436,3.9872916,3Ery,0.6167584573058839
W37345,8.42415,3.8077197,4Ery,0.6216574787955372
W37346,9.109431,4.173103,3Ery,0.623847500765458
W37347,2.3271272,4.775421,6Ery,0.20229579706178963
W37348,-8.4746,9.730914,15Mo,0.6662336669393216
W37349,-1.7556982,6.513358,17Neu,0.35640646899394784
W37350,-6.196678,8.017451,14Mo,0.31673504388938983
W37353,8.265685,4.0571184,4Ery,0.6191912315422854
W37354,-4.93917,5.6651306,9GMP,0.18025752410005547
W37355,0.27252144,5.377986,7MEP,0.5864045500110673
W37356,-0.1792005,4.3666153,7MEP,0.48575712732921555
W37357,-8.409734,9.497157,14Mo,0.5555333018024327
W37358,-6.5013294,6.4420652,13Baso,0.29149650435373825
W37361,6.7789783,3.558134,4Ery,0.6037992606367747
W37362,-2.664965,5.864669,13Baso,0.2620140120617327
W37363,-7.4420886,7.2352476,14Mo,0.3588870688463036
W37364,6.7274365,5.195734,3Ery,0.5986135602405057
W37365,7.918083,6.983795,2Ery,0.6018379881378242
W37366,7.822709,2.6917224,3Ery,0.48575712732921555
W37367,-8.08659,7.736306,14Mo,0.38135570079885117
W37369,5.5782375,3.4554465,6Ery,0.5416164407081223
W37371,7.1529574,6.6652102,2Ery,0.5972393889577066
W37372,-5.764362,6.330784,10GMP,0.24567158559887375
W37373,-6.0997868,7.031361,13Baso,0.30454368324592507
W37374,4.3274293,4.693126,5Ery,0.4018296682340917
W37375,0.7465358,4.576091,7MEP,0.48459937887945015
W37376,-7.7280736,7.1123476,13Baso,0.3621571915619452
W37377,7.9433947,5.879124,3Ery,0.6081893089930768
W37378,7.9469223,6.072407,2Ery,0.604581901468311
W37379,-6.184121,7.8196254,14Mo,0.3097157089497914
W37380,7.5214167,5.3761044,3Ery,0.6053219632231893
W37381,6.719037,6.401728,2Ery,0.59186700334969
W37382,-0.46828836,4.346892,10GMP,0.5197065984434175
W37384,-9.004553,7.5051928,13Baso,0.40798959577891875
W37385,-8.291619,7.318504,14Mo,0.402420735918366
W37386,6.7753544,4.610242,4Ery,0.6046944287035585
W37387,4.8093934,5.95936,5Ery,0.48479276288259016
W37388,-2.761388,7.8655634,18Eos,0.19156357549213987
W37389,4.943076,6.505018,2Ery,0.4618097771693776
W37390,-6.941669,9.993802,14Mo,0.4567444780576683
W37391,8.270228,3.0937018,3Ery,0.48575712732921555
W37392,-5.3368545,6.643661,13Baso,0.2167851799383493
W37393,5.4618316,4.687091,5Ery,0.561064314864168
W37394,-2.5797389,7.490351,12Baso,0.11848539702779479
W37395,3.1751459,5.5809116,5Ery,0.22993740233538912
W37396,7.444522,5.159362,2Ery,0.6071759894744787
W37397,-0.8689811,4.6417956,7MEP,0.6280748274462926
W37398,2.5463517,5.0715585,5Ery,0.2174699599797383
W37399,-6.720363,10.959617,16Neu,0.4712811580855736
W37401,-8.823652,9.674295,15Mo,0.6697800764187691
W37402,-3.0038574,8.132131,14Mo,0.16919229753762763
W37403,6.710558,5.4270716,5Ery,0.5854561543478602
W37405,-7.636264,9.955704,16Neu,0.539366237579069
W37406,7.0944467,5.9883647,2Ery,0.6005443890051042
W37407,8.407107,6.160387,2Ery,0.6085049543286066
W37409,4.6731586,4.2461324,6Ery,0.47836097517930415
W37410,7.6742625,6.2331,2Ery,0.6041336840005368
W37411,6.913881,5.47303,5Ery,0.6011707775416857
W37412,-5.4667435,7.2407413,14Mo,0.26171504557846903
W37413,8.592837,5.0992246,2Ery,0.6132092672283871
W37414,6.8210907,2.693111,3Ery,0.6183804053013308
W37415,6.4497128,3.8327549,5Ery,0.6012417828519797
W37417,-8.066237,10.658009,16Neu,0.48575712732921555
W37418,-5.6720304,5.759982,10GMP,0.16465019587892568
W37419,-5.645615,8.029293,14Mo,0.29814299205036787
W37420,8.347654,6.877011,1Ery,0.605153200013859
W37421,7.5099006,6.8888392,2Ery,0.6004298585218754
W37422,8.851448,3.617967,3Ery,0.48575712732921555
W37424,-6.8816786,10.728947,15Mo,0.525642252475999
W37425,0.34241414,6.051909,7MEP,0.2574013900183038
W37426,6.0859723,5.467032,4Ery,0.575710049185681
W37427,-0.37048155,5.0613956,7MEP,0.48575712732921555
W37428,4.630674,5.1748304,5Ery,0.39371673393627227
W37429,6.1042895,5.4617057,2Ery,0.5832316134346838
W37430,-6.392833,6.0953846,13Baso,0.2536013349027801
W37431,-8.219997,8.342389,14Mo,0.4222078951719817
W37432,-7.923467,8.0373955,15Mo,0.4020150174692918
W37433,8.387011,4.780604,2Ery,0.6151004099444157
W37434,-6.354806,9.010142,14Mo,0.2862172315925239
W37435,4.1378384,4.2733746,6Ery,0.3995126204227907
W37436,-4.950799,6.6739554,12Baso,0.13846903947149317
W37437,8.02009,5.047433,2Ery,0.6117364583419729
W37439,-2.8848956,3.6525707,19Lymph,0.48575712732921555
W37442,3.526246,4.0961795,6Ery,0.2397420817237803
W37443,-8.949053,8.339089,14Mo,0.4379219276782623
W37446,1.5513467,5.3143096,6Ery,0.29261037814553625
W37449,-1.6230447,6.2130475,17Neu,0.3850690193103618
W37450,4.913923,4.1222467,6Ery,0.5075875171347827
W37451,-0.19657856,4.0808845,6Ery,0.5262982190380759
W37452,-2.4055593,5.888074,9GMP,0.26529565489958173
W37453,7.392626,3.645587,3Ery,0.6168368337613804
W37454,-7.8543367,8.082126,14Mo,0.3790176447977634
W37455,4.976217,3.2588813,6Ery,0.4741783711808706
W37456,-8.881872,9.203193,15Mo,0.5478778376352545
W37457,-7.2990847,9.3916855,15Mo,0.49361011307320307
W37458,-7.928115,6.977039,13Baso,0.36945168368420983
W37459,8.026313,4.692301,3Ery,0.6146970821763297
W37460,-5.756034,10.978703,16Neu,0.41936102926481594
W37461,-0.1701754,4.421459,7MEP,0.5171691556525835
W37462,8.265381,2.6446774,3Ery,0.48575712732921555
W37463,-8.702275,8.293581,13Baso,0.434491724455225
W37465,8.539214,4.4153786,3Ery,0.6210102220583776
W37466,-6.5123005,7.906923,14Mo,0.3126589275290277
W37467,-8.055156,7.171239,14Mo,0.38607632663778113
W37468,-0.45027938,7.5511475,8Mk,0.09460056444912586
W37469,-6.2460537,11.262261,16Neu,0.4732606304638198
W37470,-6.569506,9.585972,14Mo,0.2600021494964633
W37471,-2.236967,7.373305,17Neu,0.2757502385069736
W37473,8.918461,4.1109695,3Ery,0.6268631027363453
W37474,4.6385818,5.567193,5Ery,0.40419361727526976
W37475,-3.4129717,6.552751,10GMP,0.14937755438266312
W37476,-6.751204,11.1690855,16Neu,0.4996246595300367
W37477,6.357242,5.6908746,2Ery,0.5860808157297647
W37478,-4.658768,8.421848,14Mo,0.23706041693993932
W37479,3.0783463,4.9033184,6Ery,0.1880289732954887
W37480,-8.178316,7.387079,14Mo,0.38556525896530847
W37481,-8.866838,7.422647,13Baso,0.41340802125917436
W37482,4.9833617,4.94753,5Ery,0.47275578246990063
W37483,-1.4820083,7.51902,10GMP,0.10061886730515247
W37484,-0.021592582,4.2321105,7MEP,0.48575712732921555
W37485,5.7525125,6.8712063,2Ery,0.5583004681548557
W37486,6.327117,6.478403,2Ery,0.5886600659145509
W37487,8.031146,6.025667,2Ery,0.6064492569873974
W37488,-8.543102,8.739581,14Mo,0.5033236952262186
W37489,1.7008473,5.131836,7MEP,0.2400431356107949
W37490,-0.579384,7.4501314,8Mk,0.11520470043076918
W37491,-6.0706773,7.8189015,14Mo,0.32268393944133
W37492,6.578176,7.168676,2Ery,0.5828792972352179
W37493,6.669631,6.4084177,2Ery,0.5877241386685698
W37494,-5.071054,7.4848237,14Mo,0.2390573594742093
W37496,-7.459883,6.8883033,13Baso,0.327362832942254
W37497,0.50948596,6.712285,7MEP,0.13814225587248488
W37498,8.910819,3.660163,4Ery,0.48575712732921555
W37499,-7.122164,7.688725,13Baso,0.3352092630627466
W37500,-4.5980296,8.191676,13Baso,0.2581969148068682
W37501,4.134354,5.586582,5Ery,0.2586025639545654
W37502,7.180246,6.6789594,2Ery,0.5880178635843496
W37503,-1.4638499,5.365195,18Eos,0.5109214708129592
W37504,-7.812719,9.965539,15Mo,0.5971193996691481
W37505,5.8339515,3.8610158,5Ery,0.5627080222565422
W37506,0.054015663,4.207047,7MEP,0.5150841471319936
W37507,7.377571,7.1814365,2Ery,0.5979547744963698
W37508,-7.4983406,7.109589,13Baso,0.374037961470957
W37509,-5.6598525,8.5793,14Mo,0.31394655564430496
W37510,1.5353354,4.9925795,6Ery,0.31501051218896886
W37511,5.090275,4.378488,5Ery,0.5300106921467469
W37512,6.6729712,4.377253,4Ery,0.6048817427194919
W37514,-6.41401,6.5927525,13Baso,0.3016318385494374
W37515,0.5460621,5.4291744,7MEP,0.40911588209828986
W37516,3.346682,5.526957,5Ery,0.23769278583591313
W37517,5.6447988,5.4823256,5Ery,0.5635208524907045
W37518,-3.2354486,6.182421,10GMP,0.1675058946858167
W37519,-7.3163824,10.771365,16Neu,0.5725311304501488
W37520,7.8869224,4.1035504,2Ery,0.6198156963534855
W37521,-7.5964785,9.467272,14Mo,0.4462663504168675
W37522,7.7893405,3.773153,3Ery,0.6194002817278628
W37523,7.039451,5.332884,2Ery,0.5999660612639783
W37524,-5.4272532,6.227995,10GMP,0.20812682203305624
W37525,-6.9025097,11.157858,16Neu,0.5272932837319592
W37526,-0.19693854,6.137868,8Mk,0.33627231445407346
W37527,3.241121,4.5877223,6Ery,0.2422722072826692
W37528,-8.264877,9.031892,15Mo,0.5139204233885464
W37529,5.7460256,4.2259583,5Ery,0.569712262751923
W37530,-4.4902296,7.1846666,10GMP,0.1702953361996597
W37531,0.5262484,4.534107,7MEP,0.5438357246283532
W37532,-6.9283295,7.266699,14Mo,0.352749206961711
W37533,-2.53882,3.869072,19Lymph,0.48575712732921555
W37534,8.258481,4.4378505,2Ery,0.6177780444769605
W37535,-7.397457,10.514472,15Mo,0.5891195964223976
W37537,8.109041,4.227964,3Ery,0.6188984714356898
W37538,3.8087914,4.756952,6Ery,0.31398347965283757
W37539,9.015554,5.7801685,1Ery,0.6125880303610622
W37540,8.608612,4.175675,2Ery,0.6242915491471533
W37541,8.911852,4.000248,3Ery,0.6269618514519255
W37542,8.097125,3.4346647,4Ery,0.6254311581957178
W37545,4.2497463,4.0789037,6Ery,0.4000905584908138
W37546,-6.8243155,6.5350018,13Baso,0.3123329495828824
W37548,7.416398,3.8891096,3Ery,0.6171999623407981
W37549,5.4094787,4.1671734,5Ery,0.540057598717311
W37551,-3.2353067,8.306231,14Mo,0.2766630445548517
W37552,-8.389687,8.428458,13Baso,0.4750463683172585
W37553,-6.880724,6.8912597,13Baso,0.3026855884657633
W37554,7.8885384,3.6739087,3Ery,0.6213709796148006
W37555,6.379622,4.2249312,4Ery,0.5926218079654687
W37557,0.25622076,4.885032,7MEP,0.568459232237353
W37558,-3.2266166,6.3999586,10GMP,0.16619073500242418
W37559,-5.116111,2.7392,11DC,0.48575712732921555
W37561,8.197431,3.9500933,3Ery,0.6202554005248019
W37562,-6.018018,7.9392557,13Baso,0.23206364929275783
W37563,7.056777,5.938661,2Ery,0.5987113482771074
W37564,-5.1999364,6.972656,13Baso,0.24191264859352474
W37565,7.9268126,4.379345,2Ery,0.6144361330002857
W37566,7.194919,3.7534196,4Ery,0.61340432516439
W37567,-3.1800163,5.8313084,10GMP,0.20959121964915112
W37568,-7.632116,10.8890915,16Neu,0.6441260294792326
W37569,-4.2602744,8.227399,14Mo,0.19942447262547358
W37570,-7.2444553,10.912184,16Neu,0.535166426446099
W37572,-2.256964,6.6736274,10GMP,0.18044925873483267
W37573,6.0250688,6.126628,2Ery,0.5671599876030138
W37574,8.123148,6.19002,2Ery,0.6065035539603728
W37575,3.291411,4.517032,6Ery,0.2563631247881622
W37577,8.55913,3.448222,3Ery,0.48575712732921555
W37578,-8.067598,7.9509068,14Mo,0.38655081846102923
W37579,-4.776308,8.391494,14Mo,0.2139397753556017
W37580,-6.0120316,10.429186,15Mo,0.41673484695078883
W37581,-5.281527,6.7283673,10GMP,0.17580667854651674
W37582,-5.380014,7.837181,13Baso,0.2939072264421731
W37583,6.830379,3.8902187,3Ery,0.6049542890335657
W37584,0.69439805,5.569707,7MEP,0.4234349202458236
W37585,-8.242566,7.201691,13Baso,0.3887036875813535
W37586,7.7306995,7.0981483,2Ery,0.6018301686878554
W37587,-7.3736415,7.8428965,14Mo,0.3236901333406726
W37588,-7.1308923,7.3796005,14Mo,0.36493997627366137
W37589,-6.649234,8.136887,15Mo,0.34600628088155394
W37591,7.409407,4.5831122,4Ery,0.6099001598394468
W37593,-7.740437,10.209911,15Mo,0.6232748012145289
W37594,-7.180301,7.0756574,14Mo,0.361860857076197
W37595,-2.4623048,5.6612115,10GMP,0.33025304314648424
W37596,-4.0201154,6.967408,13Baso,0.14328274733229512
W37597,-7.0764174,10.460929,16Neu,0.4909989996399995
W37599,-0.42341512,7.305499,8Mk,0.1129767540351016
W37601,-7.1952567,7.0049634,13Baso,0.34811639665199956
W37602,5.082047,4.4292083,5Ery,0.5117846046038791
W37603,3.39263,5.41169,6Ery,0.23658223259796263
W37604,-6.078179,7.624339,14Mo,0.303603887797564
W37605,6.36181,5.835831,2Ery,0.5904524799253763
W37606,3.9819183,4.228083,6Ery,0.301216391036941
W37607,7.406588,2.7039633,3Ery,0.6288243210368595
W37608,-3.6145034,7.3586645,14Mo,0.19692241242624203
W37609,3.3106418,4.9155307,7MEP,0.2588794614503268
W37610,-0.04263604,4.9030275,7MEP,0.48575712732921555
W37611,-7.1155906,7.4648814,14Mo,0.34842169870153084
W37612,4.1256704,6.107703,5Ery,0.3433517440079365
W37613,-6.563961,7.091269,13Baso,0.32933468462852694
W37614,6.9064374,6.2070975,2Ery,0.5940663389838972
W37615,-6.5501795,10.73801,16Neu,0.4788388543471891
W37617,1.2712448,5.349384,12Baso,0.2858236719250706
W37618,-7.476824,8.982482,14Mo,0.3786599863822329
W37619,-0.5007263,6.7546754,8Mk,0.21447436888015467
W37620,6.637358,4.695318,4Ery,0.6003807670257962
W37621,7.6318665,3.1595757,3Ery,0.6269468729108738
W37622,7.8204947,3.8342862,2Ery,0.6202764449184122
W37624,-8.20639,7.5511775,14Mo,0.38851157844244066
W37625,-1.9637936,5.6745276,7MEP,0.3337388979085724
W37626,-2.750095,4.061339,19Lymph,0.48575712732921555
W37627,-1.107103,7.4515133,7MEP,0.0483632966783263
W37628,-1.9653655,6.406916,10GMP,0.29051502287871184
W37629,-5.5582995,7.253644,13Baso,0.2674958146604556
W37630,8.169118,6.5186124,2Ery,0.6059985506333263
W37631,8.265395,6.138288,2Ery,0.6076044011589814
W37633,8.379157,4.114784,3Ery,0.6229875192315557
W37634,7.5564895,3.187071,3Ery,0.6256570424004867
W37635,3.3374946,5.6570473,6Ery,0.2482539919165383
W37642,-0.120996974,5.3323956,7MEP,0.5751222040338105
W37644,-0.8201454,6.604297,8Mk,0.21171883113773413
W37650,1.2896528,4.2820387,2Ery,0.2962702971515949
W37651,9.38072,5.894486,1Ery,0.6113613050252927
W37653,-3.370893,6.5052223,9GMP,0.1409299560947733
W37654,-9.065881,7.6011934,13Baso,0.4178697967470919
W37657,-4.6038504,8.930645,15Mo,0.25384522444383917
W37658,3.2164915,4.7783613,6Ery,0.18876975883596048
W37660,-8.252759,8.028722,13Baso,0.36594816462014707
W37661,8.795059,4.572333,3Ery,0.6138191653004372
W37663,-7.7326527,11.387543,16Neu,0.48575712732921555
W37664,-7.712973,7.6306977,14Mo,0.3662800268187796
W37665,5.8027134,5.6979556,5Ery,0.5573832914731317
W37666,0.17643489,4.9032435,7MEP,0.6267034695899442
W37667,-6.9504466,8.147016,13Baso,0.3493834100343259
W37668,6.2614503,3.8943343,4Ery,0.5878211878605909
W37669,-6.836058,8.274824,13Baso,0.33831573423220235
W37670,8.437878,4.554201,2Ery,0.6138184530629658
W37673,-6.270795,9.804707,15Mo,0.4125214799170544
W37674,-1.31274,4.8471646,7MEP,0.5849768744066396
W37675,8.700572,5.1336207,3Ery,0.6121689922075122
W37676,-4.3586464,6.287047,10GMP,0.12455397480561987
W37680,-8.097527,7.3742595,13Baso,0.36381804796382056
W37682,7.5363507,4.4363713,3Ery,0.6091177049851443
W37683,9.273425,5.67826,1Ery,0.6126030002378868
W37684,-7.027755,8.439275,13Baso,0.2909107931812378
W37685,-5.3292594,6.9440274,13Baso,0.2240152204774138
W37686,1.05483,5.4571967,7MEP,0.3558528960673345
W37687,-5.9082394,9.534071,16Neu,0.3668434378479451
W37689,-7.936855,8.127561,14Mo,0.37440915901359534
W37691,9.2041,3.8089428,3Ery,0.48575712732921555
W37692,8.912573,5.193435,2Ery,0.6115720740992162
W37693,8.736713,5.596207,1Ery,0.6125004703337448
W37694,-7.181107,7.376007,13Baso,0.33561677676251805
W37696,-8.181816,10.53502,15Mo,0.48575712732921555
W37698,-0.52352613,7.653165,8Mk,0.07596534331857427
W37699,9.173365,5.0750813,2Ery,0.6134542831236662
W37700,-7.738088,7.8981595,14Mo,0.4112974630073081
W37701,-7.115363,8.219511,14Mo,0.3631083552202848
W37702,-5.485135,8.053785,14Mo,0.2850983487098757
W37704,-4.817563,6.5432205,9GMP,0.14736804771583437
W37706,-7.2707686,8.139778,14Mo,0.3526285154364324
W37707,-4.546969,8.931039,14Mo,0.18002627522119327
W37708,7.686602,5.9724813,2Ery,0.605000059862579
W37709,0.29879177,4.688103,7MEP,0.6209450254183577
W37710,8.880049,4.8401475,2Ery,0.6140385013599764
W37711,-6.126807,11.000303,16Neu,0.4515991523623217
W37712,-6.1322775,5.9038944,10GMP,0.21706665457971186
W37713,2.8867414,5.188252,6Ery,0.21628090153275936
W37714,8.8863325,4.9442797,2Ery,0.6151504239940576
W37715,-6.0250807,8.903972,15Mo,0.324806893153365
W37716,-6.0161304,9.23686,14Mo,0.29466576180133924
W37717,-7.948643,10.777237,15Mo,0.48575712732921555
W37718,5.8808975,4.296012,3Ery,0.5715668805876462
W37719,-2.7038412,7.933982,12Baso,0.16786919727277327
W37720,8.80577,4.965591,2Ery,0.6119373277481044
W37721,-6.745907,6.319621,13Baso,0.28267157275532157
W37722,-6.573062,7.6908317,13Baso,0.32330856199300806
W37723,-0.19831768,4.948197,7MEP,0.48575712732921555
W37724,4.1296797,4.4513826,6Ery,0.39297940841230683
W37725,6.4789653,3.7128332,5Ery,0.5972123970413028
W37726,4.978049,6.819223,2Ery,0.4019139244626977
W37727,-2.9190133,4.1432953,19Lymph,0.48575712732921555
W37728,-6.3788757,8.982491,14Mo,0.30605645609241344
W37729,-1.0979123,5.3209534,12Baso,0.5927971264705169
W37730,7.724859,6.0685368,2Ery,0.6041415366752407
W37731,-7.27276,11.288477,16Neu,0.582692283046005
W37737,6.669811,4.0526896,4Ery,0.6028134261438276
W37738,3.0613413,5.2850647,6Ery,0.2300285079836044
W37739,-6.5454926,6.6106734,13Baso,0.26562567439944434
W37745,5.687705,4.735843,4Ery,0.5677831826885151
W37746,8.399932,4.91876,2Ery,0.6126582710730178
W37747,7.38669,5.426815,4Ery,0.6012786003896043
W37748,-3.957771,9.098424,15Mo,0.2003296652484159
W37753,9.65284,5.141886,1Ery,0.615508963438866
W37754,-8.341814,10.408089,15Mo,0.48575712732921555
W37756,-4.9033084,7.036444,13Baso,0.2055546944561057
W37758,-5.9095125,8.978225,15Mo,0.31413960440517696
W37759,4.7207274,6.776786,3Ery,0.2800798353454029
W37761,4.6807127,4.377063,6Ery,0.45500452882820136
W37762,-1.4644223,5.154567,12Baso,0.554454765174387
W37763,-1.857445,6.8180466,12Baso,0.2968313420555808
W37764,-3.9711823,7.924531,13Baso,0.1789792049470118
W37765,4.7396116,4.903797,5Ery,0.41374981688578133
W37766,-3.6810412,8.845631,16Neu,0.19204861247979632
W37769,6.1379933,4.18834,6Ery,0.5697806946191529
W37770,-7.235175,7.638071,13Baso,0.3388155276799862
W37771,9.140009,4.8594623,2Ery,0.6149293533141662
W37772,-8.319107,8.101047,14Mo,0.38447525246461256
W37776,4.060872,6.1277676,3Ery,0.3402556683829575
W37777,-6.3542895,8.484786,14Mo,0.32357366019094286
W37778,-0.53189796,6.646522,8Mk,0.2115575826467146
W37779,7.073089,7.7243047,2Ery,0.5848810501501339
W37780,-3.7634122,5.869789,9GMP,0.17579556167824031
W37781,5.3693457,4.2522945,4Ery,0.5487327678524114
W37782,6.627527,2.7989368,3Ery,0.6072464267269695
W37786,6.6129904,4.466238,3Ery,0.5970368758094171
W37788,-6.277511,8.300875,14Mo,0.3133607653510867
W37790,5.709136,7.187676,2Ery,0.5346310935943094
W37793,-5.1007,6.45956,10GMP,0.18998096724534969
W37794,-6.389792,11.473595,16Neu,0.5296761555875925
W37795,3.8361173,5.2522283,6Ery,0.3006424384874511
W37796,-7.729832,7.9568458,14Mo,0.3603621764010782
W37797,-6.526345,11.266693,16Neu,0.4828351363855702
W37798,6.672776,4.2939205,5Ery,0.6014767123237948
W37799,-2.5471199,6.18668,10GMP,0.2840823427097196
W37800,-6.1157417,8.888879,16Neu,0.3445543656988586
W37801,-1.5964875,7.0337887,12Baso,0.2258235585151523
W37802,-4.9132466,2.5738235,11DC,0.48575712732921555
W37803,-7.4205456,9.533786,15Mo,0.45964158616652884
W37804,6.7967296,6.164794,2Ery,0.5962748094506667
W37805,-7.4735427,7.1113405,13Baso,0.3554711173899225
W37806,-0.20795612,4.4232006,7MEP,0.6112188122741514
W37807,-6.247189,7.580002,13Baso,0.32056913555850275
W37809,-5.9962363,7.4129715,13Baso,0.2982011987560912
W37811,7.7158813,6.0227327,2Ery,0.5962062709529059
W37812,5.7810636,3.3907309,6Ery,0.5020742255796551
W37813,-7.228745,8.2039175,14Mo,0.3432249864751741
W37817,5.2809863,6.0756226,5Ery,0.5228714962644735
W37818,-6.1487627,11.066845,16Neu,0.44719879346983743
W37819,4.686742,5.4375863,5Ery,0.46359162596537223
W37820,4.2890153,4.6918993,6Ery,0.40244618353508155
W37821,-1.669867,4.985404,18Eos,0.6616712303858128
W37822,-7.4334264,7.767468,14Mo,0.3517458113112196
W37825,-7.8184695,7.7843256,14Mo,0.37143450170122605
W37826,-8.1675415,7.1976695,13Baso,0.37321837968897625
W37828,-7.9223337,11.122315,15Mo,0.48575712732921555
W37830,1.6596082,4.1708894,2Ery,0.2370006096021243
W37833,9.334539,4.4187646,2Ery,0.6214411257571302
W37835,-6.6463647,6.1309853,13Baso,0.2708642361679009
W37838,1.6201046,4.276744,3Ery,0.2640936227479191
W37841,8.220014,5.564866,2Ery,0.6083773367487905
W37842,-6.559307,8.8442135,15Mo,0.3321643427912258
W37843,-2.6547146,7.268367,12Baso,0.14114511460847864
W37844,2.6735425,5.2731175,7MEP,0.12762141891341403
W37847,0.9192163,3.9926102,3Ery,0.3579611959859458
W37848,1.3098977,4.0958476,4Ery,0.28774224714893276
W37849,-8.054125,10.429925,15Mo,0.7211359277189762
W37850,-7.8433743,7.7641945,14Mo,0.3931750343920784
W37851,7.761035,4.1726966,4Ery,0.6152914333332704
W37852,8.062892,5.135717,4Ery,0.6010528530687987
W37853,-6.39592,7.81647,13Baso,0.28972964430518094
W37854,-1.3277861,5.550232,9GMP,0.5564267490451934
W37857,-1.3565562,5.153868,12Baso,0.5795606882010662
W37858,8.508414,5.1248045,2Ery,0.6089566790783665
W37859,5.7448115,4.4476376,4Ery,0.5632591050405668
W37860,-1.1902608,7.234888,9GMP,0.08068413930849395
W37861,-6.968142,11.638089,16Neu,0.5893233763310464
W37863,-4.67101,9.930347,16Neu,0.2503124915445976
W37864,6.7084846,6.5617766,2Ery,0.5947867876290804
W37865,8.859036,5.41088,2Ery,0.6114499290774794
W37866,-7.226464,11.4094,16Neu,0.5804139567156155
W37867,1.2233135,5.4183025,7MEP,0.31862685509699507
W37868,-5.7739396,8.393779,14Mo,0.27953853457114025
W37870,-2.208226,6.013512,14Mo,0.3274331130793549
W37872,-7.3328743,8.559271,14Mo,0.24182758519032932
W37873,5.7796617,5.4778175,5Ery,0.5498044621368046
W37874,6.2606654,4.8716526,5Ery,0.5888989334248633
W37875,8.58916,4.7960844,3Ery,0.6138210979910849
W37876,7.866701,3.993032,3Ery,0.615137202539924
W37878,6.8516655,7.211036,2Ery,0.5902498322771842
W37879,-4.637963,9.67092,18Eos,0.22371515111617887
W37880,-7.0833254,7.9037933,14Mo,0.3491159632819587
W37881,8.373379,4.562917,3Ery,0.612696992348788
W37882,-7.689686,8.331741,14Mo,0.3615073881299241
W37883,-5.7268195,9.677655,14Mo,0.30092364974653335
W37885,-1.3125672,5.0232987,12Baso,0.5633002551037201
W37886,-6.2009068,8.834896,14Mo,0.32894008988034734
W37887,7.2557464,3.72185,4Ery,0.611144045786433
W37888,8.783972,3.014097,3Ery,0.48575712732921555
W37889,-8.112368,8.140908,14Mo,0.37732122074575647
W37890,0.4343115,5.0378184,7MEP,0.5298659367063722
W37891,1.6116147,5.199464,5Ery,0.32862688449952254
W37892,-2.7526932,7.683737,12Baso,0.0713379737208616
W37893,7.9224267,4.568148,2Ery,0.6107269266209324
W37894,-4.841522,8.481214,15Mo,0.2633615685702512
W37895,-5.3607745,10.038272,14Mo,0.3528253885201304
W37896,8.569332,4.213562,3Ery,0.6147493853470599
W37898,-5.121057,9.431838,14Mo,0.30205004001172675
W37899,7.8234377,6.289487,2Ery,0.6024504049225592
W37900,7.4852247,4.3619814,3Ery,0.6104846500261818
W37901,7.9565606,6.4252133,2Ery,0.6050441218329681
W37902,-6.5941935,11.621026,16Neu,0.5293096517959265
W37903,1.0625161,5.1322937,7MEP,0.3482386580295459
W37904,8.571057,5.9956975,2Ery,0.6076314577254516
W37906,-4.4159393,6.018359,10GMP,0.13716683042055158
W37907,-1.4115849,5.0382586,7MEP,0.5610637666380389
W37908,1.977607,4.6444106,5Ery,0.2248409000039055
W37909,1.5853755,4.811388,5Ery,0.2782827517319482
W37910,-5.761381,6.53964,13Baso,0.19825661023797336
W37913,0.9900911,4.7350903,6Ery,0.38939732005335836
W37914,0.35203227,4.58582,7MEP,0.5159930111609072
W37915,7.596453,3.501368,3Ery,0.6176489285804717
W37916,-1.1825453,5.726486,10GMP,0.47246037180264255
W37917,6.5470066,5.1733603,5Ery,0.5943776000003727
W37918,5.5114107,4.7835927,5Ery,0.5397378453268245
W37919,7.5912075,7.339872,1Ery,0.5980170689768475
W37921,-7.7760744,6.824367,13Baso,0.40090809963482005
W37922,-6.6610303,9.550965,15Mo,0.41840047903877153
W37923,4.7377,4.7679577,3Ery,0.4443660224423992
W37924,2.280758,5.2152724,6Ery,0.2136412711868834
W37929,-8.007459,8.928285,14Mo,0.42297022991509947
W37930,-4.9788337,2.6061041,11DC,0.48575712732921555
W37935,6.4456277,5.164877,3Ery,0.5612075734340162
W37937,7.03868,3.9819794,3Ery,0.6085584745809018
W37938,8.9263935,4.63718,3Ery,0.617529311728402
W37939,-6.9487343,11.122153,16Neu,0.5543009312963341
W37940,5.4386983,4.2226543,3Ery,0.5478617781351357
W37941,-6.232636,5.85885,9GMP,0.21257589257975326
W37942,-4.7244763,9.049709,14Mo,0.27105868171236797
W37943,-1.2333521,5.222149,12Baso,0.5158466619561073
W37945,-1.4453744,5.8190184,9GMP,0.3266977773800078
W37946,-6.825216,8.041737,14Mo,0.32426374528593765
W37948,-7.1835833,8.735011,14Mo,0.3760786955451505
W37951,-0.62831336,6.001675,8Mk,0.4223829906507935
W37952,4.570858,6.498145,5Ery,0.3347785219301579
W37953,-5.1515574,9.907285,15Mo,0.3108313589613323
W37954,-6.4645214,9.17941,15Mo,0.3421644376907434
W37955,9.210391,4.8472786,3Ery,0.6175374727976649
W37956,-6.6457253,10.705396,16Neu,0.5167289930107591
W37957,-4.1708255,8.995504,15Mo,0.21261773769678433
W37959,5.829625,6.33504,4Ery,0.557079041054549
W37960,5.425532,6.181367,3Ery,0.49569683550426874
W37961,-0.4428784,7.1888227,8Mk,0.15344347545171633
W37962,-7.726574,9.548381,15Mo,0.507492792701019
W37963,-5.9406953,9.499446,14Mo,0.35918796386416446
W37964,4.3787723,6.0799675,5Ery,0.3956630651815625
W37965,3.9779255,5.799178,3Ery,0.33040037945168277
W37967,1.2119339,3.9975786,4Ery,0.28282725461178043
W37969,7.007004,6.065518,2Ery,0.5991890454066842
W37970,-0.747696,6.843695,8Mk,0.14395626413108076
W37971,0.23563367,5.3631454,7MEP,0.5384168299271936
W37972,-5.798903,6.1568184,10GMP,0.21392096812394407
W37974,-5.628901,10.333202,15Mo,0.336020756598346
W37975,-8.064664,8.279493,14Mo,0.3835451060096645
W37977,-4.4935684,7.947298,13Baso,0.2198998944625489
W37978,8.426944,4.481731,3Ery,0.6137072801879172
W37979,-0.21058923,5.197772,7MEP,0.5964744111346589
W37980,8.404277,6.466417,2Ery,0.6056142335959259
W37982,-8.413895,7.7240076,13Baso,0.3904935286780173
W37983,1.1990602,3.9361844,2Ery,0.3060312488961603
W37984,-5.2616687,6.117071,10GMP,0.1951025837174617
W37985,9.260151,5.93009,2Ery,0.611731343364512
W37986,8.889812,5.8161163,2Ery,0.6089518244849423
W37988,8.436925,5.767849,2Ery,0.6074072771119936
W37989,-2.3750184,7.3872447,12Baso,0.19866252182871183
W37990,-7.4581146,8.390516,14Mo,0.3601067846409645
W37991,9.398895,5.517918,1Ery,0.6132059190375491
W37992,-3.7976017,7.6316357,14Mo,0.1821022723990517
W37993,-4.63025,9.290778,14Mo,0.19863722353201943
W37994,9.383659,5.347708,2Ery,0.6140987767065483
W37995,-7.216211,9.220328,14Mo,0.4141281089004131
W37996,-6.7547636,11.676389,16Neu,0.5457864157806849
W37997,-6.8397593,7.8946357,14Mo,0.34248401419844954
W38000,-0.5419824,6.3280964,8Mk,0.348497326142772
W38001,-5.4794445,9.445777,16Neu,0.3235949105409713
W38002,-6.3971267,11.252479,16Neu,0.47084876320889335
W38003,7.7454176,7.0257626,2Ery,0.5973939200260097
W38004,-0.89663345,7.194919,8Mk,0.15437280483639185
W38005,6.923088,3.9920042,5Ery,0.6036114958771637
W38006,4.1626964,4.4212613,6Ery,0.38719240425286017
W38007,-2.631834,3.6885335,19Lymph,0.48575712732921555
W38008,-4.3651834,9.178222,15Mo,0.2300426438613164
W38009,-3.7357116,7.5018625,13Baso,0.205255873391381
W38010,5.0336943,4.7479315,5Ery,0.5014747713364494
W38011,-7.86502,8.520437,14Mo,0.373215968788626
W38012,6.3149853,5.0393314,5Ery,0.5947145911021466
W38013,3.4401753,5.2444277,6Ery,0.24503325467548812
W38014,-6.5654225,11.32451,16Neu,0.4907137766700436
W38017,8.591359,2.8459244,3Ery,0.48575712732921555
W38018,-8.688749,9.696852,15Mo,0.6828949130799066
W38019,1.3150085,5.15425,7MEP,0.34432653530093643
W38020,0.7744259,5.4472513,7MEP,0.37494728505331126
W38021,-8.96809,7.803288,10GMP,0.37857663375993744
W38022,-8.701376,7.8398137,14Mo,0.43024137881332014
W38023,8.698633,3.5174232,3Ery,0.6284553236016377
W38025,6.619536,4.235267,4Ery,0.604895153727149
W38026,-8.230278,7.1531835,13Baso,0.3811679631275137
W38027,-8.04009,9.214622,15Mo,0.5308353069537959
W38028,-5.250106,2.7404637,11DC,0.48575712732921555
W38030,-2.306458,7.039063,17Neu,0.3181182971562731
W38031,5.780144,4.300864,4Ery,0.5617283149008607
W38032,5.4014482,3.658836,6Ery,0.5386364241594422
W38033,8.920175,4.3196526,3Ery,0.6218680816084091
W38034,8.43753,2.798611,3Ery,0.48575712732921555
W38035,-0.09063429,4.5861793,7MEP,0.6590567834379639
W38036,-0.66450465,7.39216,8Mk,0.07854768253248294
W38037,3.373883,4.335761,6Ery,0.24682587932712524
W38038,-1.1120834,4.4782057,11DC,0.6011587180493015
W38039,-7.8700666,10.769179,16Neu,0.48575712732921555
W38040,7.965906,2.7734313,3Ery,0.631849910126968
W38041,-8.545545,7.0970263,14Mo,0.4171085993399695
W38042,7.187008,4.0222726,4Ery,0.6111173719698945
W38043,7.9373803,3.4372728,4Ery,0.6248632756748319
W38044,-5.146983,2.6851776,11DC,0.48575712732921555
W38045,3.4264874,4.7439284,3Ery,0.2564171051134982
W38046,-8.882184,7.702341,14Mo,0.4183135069319818
W38047,-8.138338,8.30765,15Mo,0.4167982495935112
W38048,8.591765,2.8012586,3Ery,0.48575712732921555
W38049,-5.572243,5.950609,10GMP,0.2387328170737215
W38050,4.1356463,3.925998,6Ery,0.3365383667887755
W38051,7.3105183,5.8672543,2Ery,0.60219629821987
W38052,-7.225565,10.767605,16Neu,0.5446876747871177
W38053,-6.976084,9.9555435,15Mo,0.4515744757464109
W38054,0.36811754,5.9267206,7MEP,0.4593450673772266
W38055,8.120849,2.806261,3Ery,0.48575712732921555
W38056,-4.2737927,6.812807,10GMP,0.11253634438379466
W38057,8.124022,2.6667066,3Ery,0.48575712732921555
W38058,-7.037407,7.4600286,14Mo,0.3483086621639226
W38059,-0.13081048,4.896678,7MEP,0.48575712732921555
W38060,5.618879,4.870556,6Ery,0.544224346177422
W38061,-5.3893566,6.079801,10GMP,0.19140035090694302
W38062,-4.4692984,5.9569116,10GMP,0.14119907520265224
W38063,8.878695,3.5916119,3Ery,0.6276221450023459
W38064,-0.492831,4.59463,7MEP,0.6540064027048915
W38065,9.046087,4.228485,2Ery,0.624805829896141
W38066,7.3679447,4.7403903,4Ery,0.6074957570668843
W38067,0.59543306,4.8015156,7MEP,0.5694154524517328
W38068,-5.009715,6.7725015,13Baso,0.20835728799534547
W38069,4.394344,4.188095,6Ery,0.44132051485242013
W38070,-5.769968,9.578837,15Mo,0.36388873025131085
W38071,-0.16843258,6.3897786,8Mk,0.2720780177836951
W38072,-5.772083,6.0918436,10GMP,0.20280356081356163
W38073,6.604368,2.923482,4Ery,0.6140814735625608
W38074,7.5561247,4.2719746,4Ery,0.6149546090384093
W38075,7.291518,2.809755,3Ery,0.626781318904457
W38076,3.2254996,4.720305,7MEP,0.23157201307952122
W38077,8.393999,6.6312885,2Ery,0.6055732964700667
W38078,-7.273866,11.111779,16Neu,0.5607605195127373
W38079,6.475509,4.702332,3Ery,0.5929841431785243
W38080,7.1900883,2.7164745,3Ery,0.6261755859727843
W38081,5.4016514,3.867153,6Ery,0.5231787128037477
W38082,2.6830597,4.7851114,6Ery,0.18625768511108057
W38083,0.31558123,4.2585683,7MEP,0.5460978163586945
W38084,6.5952163,3.7450159,4Ery,0.5866986520763736
W38085,-7.808455,10.452846,16Neu,0.647080515163779
W38086,8.295014,5.188026,2Ery,0.6126184408635185
W38087,-6.435441,6.2456074,13Baso,0.2693676967098171
W38088,-3.6494129,6.2575336,10GMP,0.1683595282359094
W38090,7.7014074,4.3857346,3Ery,0.6138802444274726
W38091,7.9959893,2.8454328,3Ery,0.48575712732921555
W38092,-3.9846625,6.6012197,10GMP,0.1149904047838819
W38093,3.0476193,4.7701674,6Ery,0.2103524218100712
W38094,-5.378119,7.111691,14Mo,0.2293300186663252
W38095,-8.651726,9.748189,15Mo,0.6611117060885988
W38096,0.5512371,5.5617704,7MEP,0.5268557897484186
W38097,-4.497599,7.318918,13Baso,0.19173445971398972
W38098,-6.714777,7.634443,14Mo,0.3334155806248559
W38100,-7.321424,7.441836,14Mo,0.36051700565531614
W38101,-6.1545796,7.7372665,14Mo,0.31195959540123674
W38102,7.608502,5.5824447,2Ery,0.6034379481477007
W38103,-5.533352,10.284297,16Neu,0.38468399342557585
W38104,0.74274075,4.8933587,7MEP,0.4909618219700552
W38105,-7.5835857,8.572199,14Mo,0.3995689894526711
W38106,-6.5247912,6.087498,10GMP,0.2741043088640478
W38107,-8.34061,7.6925864,14Mo,0.4004365177053562
W38108,2.8662994,4.626576,6Ery,0.21215543797210168
W38109,-8.922946,8.108847,14Mo,0.4351396091689687
W38110,-6.517239,11.264512,16Neu,0.497274895158993
W38111,7.772987,4.6887093,2Ery,0.6149956836679836
W38112,-5.5776987,6.161588,10GMP,0.21235332833525472
W38113,-5.260207,10.665071,16Neu,0.3813279629996768
W38114,-3.2782085,7.7065964,14Mo,0.18135949873197843
W38115,-6.965807,6.948693,14Mo,0.3263218053508137
W38116,4.8944993,5.019065,5Ery,0.48337737352816906
W38117,-2.4205823,7.678276,12Baso,0.14737233973626798
W38118,7.308365,4.501156,4Ery,0.6093646990131324
W38119,9.007229,3.5615165,3Ery,0.48575712732921555
W38121,-6.5744243,6.2017655,13Baso,0.24064444041312028
W38123,8.091253,5.395855,2Ery,0.6086702977477225
W38124,6.399611,5.076629,4Ery,0.5974206453470783
W38125,5.1118784,4.6933823,4Ery,0.5213319987234797
W38126,5.9271154,6.2725596,3Ery,0.5705740782177463
W38127,5.8611054,3.9167745,3Ery,0.5868955099286132
W38128,-6.8296113,6.529938,13Baso,0.2789858051035774
W38129,-1.0608175,4.596516,12Baso,0.6427937424569138
W38130,-6.7173905,8.198007,14Mo,0.3259964487917811
W38131,-6.880278,11.430869,16Neu,0.5169145079424438
W38132,5.1689415,4.643617,3Ery,0.47550526905587537
W38133,4.8365326,4.934881,5Ery,0.48653968837958345
W38134,1.7814733,5.376075,6Ery,0.25842700477342107
W38135,-0.62583315,4.2966037,7MEP,0.549999017412238
W38136,7.2580366,3.4293017,4Ery,0.6183701438554478
W38137,6.3295074,4.1269584,4Ery,0.6021267272495855
W38138,7.0196266,4.96513,5Ery,0.5982028959574606
W38140,-6.159203,8.222714,14Mo,0.31692311542906704
W38141,-5.2178073,7.645584,14Mo,0.2629469347344568
W38142,7.3765926,6.99253,2Ery,0.5985247012353224
W38143,0.45218953,5.32203,12Baso,0.4837836121116245
W38144,8.5975065,3.2947834,3Ery,0.48575712732921555
W38145,5.9448624,6.1958804,5Ery,0.5731255200234412
W38146,7.1306386,6.3222594,2Ery,0.5895372260807531
W38147,7.629021,7.1773324,2Ery,0.5998502159799456
W38148,-5.516396,11.27882,16Neu,0.4428035761830542
W38149,-0.38872692,5.1941037,7MEP,0.6678652545236798
W38150,4.953628,6.157236,5Ery,0.4858406911186328
W38151,7.416503,7.026534,2Ery,0.5914747366660023
W38152,-0.3323023,4.233749,7MEP,0.6497781019465642
W38153,4.7169704,4.085706,3Ery,0.4533413015457525
W38154,5.2340007,5.3495283,4Ery,0.5311510825577914
W38155,7.859747,5.5105247,2Ery,0.6073348761802273
W38156,4.7572722,5.0497437,5Ery,0.43682070385090915
W38157,-3.1767685,6.457409,10GMP,0.22194900608446302
W38158,8.230895,6.8586197,1Ery,0.6047519658842421
W38159,-1.4313287,4.9508715,10GMP,0.5051498536413854
W38160,-4.7935023,2.4761913,11DC,0.48575712732921555
W38161,-6.916947,8.250994,16Neu,0.35246624002350385
W38162,6.6396117,4.8746724,2Ery,0.5972973279096023
W38163,7.9722137,5.6817317,2Ery,0.6063676934920866
W38164,7.477851,7.4407663,2Ery,0.5979711411795939
W38165,4.5797343,6.452774,5Ery,0.43118309928815346
W38166,4.983386,5.476666,5Ery,0.5206783835170565
W38167,-6.3715086,7.9776435,14Mo,0.3311553842931074
W38168,-7.804369,8.20355,14Mo,0.3815963443361187
W38169,-7.9364314,10.65135,16Neu,0.48575712732921555
W38170,-0.54839635,6.061299,10GMP,0.36682480952999236
W38171,-7.367508,7.750514,14Mo,0.34703366048191797
W38172,-7.1678987,8.426314,14Mo,0.36005607802443323
W38173,6.5586514,5.864445,4Ery,0.5815689505877059
W38175,9.000127,5.1946306,2Ery,0.6150473635393965
W38176,5.255651,3.715998,6Ery,0.5079412060200725
W38177,8.000186,6.6059227,2Ery,0.6038847747408688
W38178,-2.7817514,3.6425078,19Lymph,0.48575712732921555
W38180,-6.921359,10.713178,16Neu,0.5064999115991365
W38181,7.4893613,7.354407,1Ery,0.5973184535441075
W38182,-4.9346876,7.387418,13Baso,0.23583708897433156
W38183,8.049234,4.711622,3Ery,0.6125652999991811
W38184,-8.3024645,9.341271,15Mo,0.5411052825747354
W38185,6.823252,4.610125,3Ery,0.601449175090019
W38186,6.0507083,5.1081033,5Ery,0.5849674033553613
W38187,7.9981194,5.647473,2Ery,0.6078858586753267
W38188,7.238328,7.2964773,2Ery,0.5931631124465565
W38189,-6.322563,11.482941,16Neu,0.4894012306590595
W38190,6.4442997,4.408589,4Ery,0.5947341516080682
W38191,-2.3600287,7.3535886,12Baso,0.2648059669319371
W38192,7.773788,5.3174663,3Ery,0.6078250221785171
W38193,-0.19875735,6.6712866,12Baso,0.18340637887376057
W38194,-7.7400413,8.8196335,14Mo,0.4115409196866897
W38195,-6.8043504,10.227192,15Mo,0.45031573261884433
W38196,-6.271753,7.7586303,14Mo,0.30496887656577915
W38197,-3.935403,6.1169744,10GMP,0.15658756052814277
W38198,4.0606694,4.7793317,6Ery,0.3743793300772699
W38199,-3.1147077,7.3900757,12Baso,0.11106526983648327
W38200,7.8514233,5.1634197,2Ery,0.610707102406226
W38201,7.8195963,4.052161,3Ery,0.6172140144300184
W38202,5.730315,5.2274575,4Ery,0.5655593016367053
W38203,-0.013484624,5.1464443,7MEP,0.6972842415574666
W38204,7.3418274,4.879733,4Ery,0.6080323891554416
W38205,-8.569793,9.096493,15Mo,0.5205210494331572
W38206,8.560809,5.047326,2Ery,0.6133849017100332
W38207,-1.5444617,4.7508965,7MEP,0.8012309960205829
W38208,-6.839952,9.927226,14Mo,0.43378820626159387
W38209,7.4856753,2.9887755,3Ery,0.6250173904645554
W38210,-8.410934,7.38621,13Baso,0.39745821298086537
W38211,8.891509,3.762023,3Ery,0.6257108604913492
W38212,-7.1761236,10.329707,15Mo,0.5274904846782912
W38213,-8.320674,9.94217,15Mo,0.6934107848846466
W38214,-9.210306,7.497861,13Baso,0.41781699707433656
W38215,-8.320082,7.8045115,14Mo,0.3686398489195365
W38217,9.471977,4.335271,4Ery,0.622677715647656
W38218,-8.603419,7.505264,14Mo,0.41090755171324644
W38219,1.8517754,5.504558,6Ery,0.23835525276841776
W38220,7.245825,2.8306155,3Ery,0.6255620651040806
W38221,-7.51201,7.03775,14Mo,0.35881946293749617
W38222,1.0550274,6.172865,8Mk,0.1328766543425658
W38223,-0.54524255,6.076736,8Mk,0.38543658148718063
W38224,0.342488,4.7500505,7MEP,0.5757351346155924
W38225,-8.639525,10.19498,15Mo,0.48575712732921555
W38226,-6.698164,10.470743,15Mo,0.4277946556797917
W38227,-6.7316246,6.298154,13Baso,0.28117452652022606
W38228,-8.374807,10.868636,16Neu,0.48575712732921555
W38229,2.1394162,5.1272783,6Ery,0.24970541489820985
W38230,9.191253,4.16319,3Ery,0.6256349516146472
W38231,8.679114,5.21469,2Ery,0.6147647117827268
W38232,-8.263069,8.447943,13Baso,0.34812859148436287
W38233,8.185321,4.084219,3Ery,0.6195290001429934
W38234,7.854902,3.0496795,3Ery,0.6280004821554034
W38235,-8.801679,7.221926,13Baso,0.40955924729062054
W38236,-5.3670483,2.9626734,11DC,0.48575712732921555
W38237,-4.6304035,6.2252192,10GMP,0.16102855832109728
W38238,7.3537464,3.5863264,4Ery,0.6160389850747723
W38239,8.314831,6.482144,2Ery,0.6060993439178268
W38240,1.8727411,5.748033,7MEP,0.18762432726050704
W38241,-0.2943302,5.160822,7MEP,0.48575712732921555
W38242,5.3948927,4.425219,6Ery,0.4985758157909875
W38243,7.135402,4.3362226,3Ery,0.6100515574905333
W38244,-6.395087,10.458719,16Neu,0.43530199903213934
W38245,0.03273824,4.8288665,7MEP,0.6169048382412754
W38246,-7.5429096,9.046365,14Mo,0.39238309562464746
W38247,6.7067494,2.6798544,3Ery,0.611443806026399
W38248,5.616823,4.7573643,6Ery,0.5474752605703898
W38249,-4.566721,5.8352885,9GMP,0.1334857392414319
W38250,-2.28948,7.206335,12Baso,0.18305754250555817
W38251,8.340115,3.5679152,3Ery,0.625911491317543
W38252,-7.7638845,7.0632286,14Mo,0.36807991247313937
W38253,-4.484611,6.3251834,10GMP,0.134554591715903
W38254,6.0090227,4.5561576,4Ery,0.5892517167002369
W38255,1.5386528,5.4581547,7MEP,0.30195695783916987
W38256,3.8575406,4.6437697,6Ery,0.2657689382291493
W38257,-6.512558,6.984726,14Mo,0.30869060561043205
W38258,-7.463398,6.956718,14Mo,0.3577070464502813
W38259,7.210509,4.948631,4Ery,0.6071631504032738
W38260,8.429059,5.1287694,3Ery,0.6132483500621007
W38261,6.9472327,4.22581,3Ery,0.6057270221114572
W38262,7.93129,5.115829,2Ery,0.6105655301728936
W38263,-8.31733,10.2903385,16Neu,0.48575712732921555
W38264,9.073802,3.8678608,3Ery,0.48575712732921555
W38266,1.8202918,4.9422135,7MEP,0.3141412627192193
W38267,-2.6033926,7.942907,18Eos,0.18233118867594778
W38268,4.8245597,3.8133998,6Ery,0.4717212252182622
W38269,-8.776755,7.0740347,13Baso,0.4063148170103856
W38270,6.073455,4.3768883,4Ery,0.5910247349352332
W38271,-3.9856474,6.6745152,10GMP,0.14307715479562447
W38272,4.844626,3.4122608,6Ery,0.4524129785152488
W38273,6.9507747,5.033416,2Ery,0.6037352300873331
W38274,-0.8482099,4.7499876,12Baso,0.6592149065004811
W38275,7.87707,6.915375,1Ery,0.6018042853300306
W38276,4.49371,4.4804254,4Ery,0.42382087748665576
W38277,-6.54732,7.099985,13Baso,0.31075836501205106
W38278,-6.405654,8.912323,14Mo,0.32989134139376897
W38279,-6.9539666,9.553023,14Mo,0.39873328013408227
W38280,-5.851346,6.69986,13Baso,0.2002920497489242
W38282,7.299984,3.8421097,3Ery,0.6119631600614686
W38283,8.734379,5.099786,3Ery,0.6155307540743705
W38284,-6.5276403,10.954303,16Neu,0.48549658000825757
W38285,-7.7198267,10.11081,15Mo,0.598586931918337
W38286,-5.555029,7.2215514,14Mo,0.23717671351233705
W38287,6.220691,3.3976676,3Ery,0.586588837053451
W38288,3.789126,4.552508,6Ery,0.2911337202604148
W38289,7.6417623,4.765505,2Ery,0.6090977544712922
W38290,-5.5600786,5.9892898,10GMP,0.21936344036468014
W38291,-6.779449,8.967597,14Mo,0.31525102821161
W38292,4.4066086,4.4375615,5Ery,0.40731741695973417
W38293,6.3922496,5.247367,4Ery,0.5950605431299211
W38294,-8.001195,9.858656,15Mo,0.5708843280883752
W38295,-6.1619773,7.562597,13Baso,0.3211671360664376
W38296,-5.8739777,8.339881,15Mo,0.32055467431515167
W38297,-5.843042,8.333148,13Baso,0.3007789869245115
W38298,-5.8991075,7.0934954,14Mo,0.29249972484062303
W38299,-1.595143,5.290393,12Baso,0.5271259799005799
W38300,-6.5175962,10.555272,16Neu,0.46782564524506043
W38301,-2.803208,5.963777,13Baso,0.2431937531260979
W38302,4.1416564,5.067972,6Ery,0.3174480488319741
W38303,-6.4949684,9.900001,15Mo,0.3772219701595355
W38304,6.430773,4.879394,4Ery,0.5991582175005674
W38305,-7.3803782,9.218515,14Mo,0.3185330009655952
W38306,-4.299508,6.813457,13Baso,0.15484449229978264
W38307,-7.2041016,10.152254,15Mo,0.5330575069479512
W38308,6.669316,5.0827584,3Ery,0.599347123111561
W38309,-1.2359186,6.6928086,10GMP,0.1774903667563355
W38310,-5.2065935,6.916096,13Baso,0.21938117364772894
W38311,7.836204,4.042145,4Ery,0.6194000638472907
W38313,0.25017273,6.1382704,8Mk,0.26445320714003867
W38314,6.914122,4.807386,3Ery,0.6035437783729102
W38315,-5.3905797,7.923544,14Mo,0.26857332780620374
W38316,-5.11755,8.412923,15Mo,0.27109794921939345
W38318,-6.079629,9.606661,16Neu,0.36250793259759306
W38319,-7.1380205,9.170603,15Mo,0.381841282785294
W38320,-5.459183,5.740318,9GMP,0.14701709457561854
W38321,-5.982556,11.384484,16Neu,0.4670459688831123
W38322,-2.482403,7.6450787,12Baso,0.18875095657672739
W38323,-1.0704124,5.240393,10GMP,0.5546130275356802
W38324,-7.2100616,9.058133,14Mo,0.3632441110521518
W38326,-7.1994987,8.640307,14Mo,0.35771996312217963
W38327,-6.071008,8.791444,14Mo,0.3185491495904978
W38328,2.6289895,4.961383,7MEP,0.18882737556938
W38329,-7.9050245,8.398871,15Mo,0.3808394612611483
W38330,-2.039086,6.700344,17Neu,0.3209482891695278
W38331,7.876558,5.0936236,2Ery,0.6098791246582307
W38332,-6.58898,9.661654,14Mo,0.40455313011084115
W38333,-5.489246,7.8586636,14Mo,0.2653114598598906
W38334,6.969076,3.306329,4Ery,0.6139899379067286
W38335,3.445842,5.268938,6Ery,0.22348561186884403
W38336,-8.4550905,10.367347,15Mo,0.48575712732921555
W38337,7.1954603,6.3378577,2Ery,0.6004657670056534
W38338,7.230545,5.1508784,2Ery,0.5996910440736677
W38339,3.7857485,5.886061,5Ery,0.303202784302014
W38340,6.1497087,6.9329333,2Ery,0.5820602900417856
W38341,6.3931475,7.0828314,2Ery,0.5805108619412916
W38342,-5.64009,8.736523,14Mo,0.31416141228413197
W38343,7.175147,5.760378,2Ery,0.6026882436753556
W38344,-7.098807,7.697711,14Mo,0.3331486682957711
W38345,-6.2558513,8.474103,15Mo,0.32901187092483647
W38346,4.906084,4.783162,5Ery,0.5030189247149985
W38347,2.375197,5.248579,6Ery,0.2174920110990276
W38348,-3.3095999,6.247503,13Baso,0.20899980165034387
W38349,0.4839796,4.559941,6Ery,0.47944184246898375
W38350,-4.6797624,7.856265,13Baso,0.23054750108689073
W38351,3.422826,5.0352397,5Ery,0.22365246161753283
W38352,-8.1461315,7.510088,15Mo,0.39418894378995606
W38353,6.0596657,5.8578057,3Ery,0.5753252770972477
W38354,-2.7695165,6.860273,10GMP,0.24319362093204785
W38355,6.159834,6.6628466,2Ery,0.589212109306863
W38356,-5.5553384,8.191482,14Mo,0.3029150270939734
W38357,5.702641,5.437189,2Ery,0.5784877240153169
W38358,-3.102957,7.6373534,14Mo,0.17739435424214522
W38359,6.937449,6.022282,2Ery,0.5974190604905127
W38360,9.051765,4.8159456,2Ery,0.6178823349553331
W38361,7.3709087,6.0496955,2Ery,0.6027396287635832
W38362,5.8154006,5.2097673,5Ery,0.5732589832656447
W38363,-6.120133,8.432777,14Mo,0.32063017364675156
W38364,7.410411,7.4927645,1Ery,0.5976808384687667
W38365,6.197847,5.396748,5Ery,0.589287583268122
W38366,6.551988,6.3831334,4Ery,0.5865498739448157
W38367,7.370514,6.7519064,2Ery,0.5986406775764702
W38368,-3.5769625,6.5580564,10GMP,0.08173174167109999
W38369,5.6156654,5.5379343,2Ery,0.5649085692533188
W38370,5.7769747,7.004889,2Ery,0.5625001175264456
W38372,-0.0270879,3.9589877,7MEP,0.5193581662818283
W38373,7.4040055,7.521813,2Ery,0.5951709856895778
W38374,-1.2263083,4.677429,7MEP,0.6075374827390173
W38375,8.742012,7.0210514,1Ery,0.60656587758087
W38376,0.013290556,6.961427,7MEP,0.12585221033455032
W38377,-2.19874,5.298212,9GMP,0.42876427795519606
W38379,6.8457513,6.4025927,2Ery,0.5945024354281494
W38380,-1.3466673,4.88926,17Neu,0.552722720953063
W38381,-5.14788,7.3457446,14Mo,0.25494250603343704
W38382,-7.236692,7.534674,14Mo,0.4259649454230227
W38383,-7.6465874,7.1068106,13Baso,0.3428254198990382
W38384,-0.21643642,4.1951437,7MEP,0.5554372597594415
W38385,-5.901746,11.031288,16Neu,0.45887267787989894
W38386,6.6431274,6.2955317,2Ery,0.5931984193331415
W38387,6.794402,6.639831,2Ery,0.5927826245181951
W38388,-0.667892,4.45577,7MEP,0.5564800058156473
W38389,2.496601,5.6321206,6Ery,0.20638181162065636
W38390,-7.369084,7.8844438,14Mo,0.35790449567536003
W38391,7.158802,4.138906,4Ery,0.610967073088947
W38392,1.5175222,4.824053,6Ery,0.3083231497837945
W38393,8.565838,5.150311,2Ery,0.6132101552943113
W38394,6.916104,5.492919,4Ery,0.5985737768298527
W38395,8.62795,5.4314713,1Ery,0.6112238685644518
W38396,5.0358906,5.660339,5Ery,0.5177635459473289
W38397,-2.6309185,3.6381252,19Lymph,0.48575712732921555
W38398,-0.9052957,6.4550557,8Mk,0.2149621892577908
W38399,6.193544,5.3907056,4Ery,0.5834884936895728
W38400,1.7190112,4.8399134,6Ery,0.2598641067516209
W38401,-8.402943,7.1416,13Baso,0.4036681228728951
W38402,4.8541083,3.7847495,6Ery,0.45246441213487765
W38403,-8.053973,7.617172,13Baso,0.3939370973272845
W38404,-0.7134841,5.130355,7MEP,0.5886001894337538
W38405,7.9554534,2.7170632,3Ery,0.48575712732921555
W38406,8.81526,3.0941272,3Ery,0.48575712732921555
W38407,-7.520607,7.5695214,13Baso,0.3619472102468049
W38409,4.857155,3.8875928,3Ery,0.4753640965190756
W38410,-8.478725,9.487984,15Mo,0.5702590014648163
W38411,-8.071649,7.765475,14Mo,0.42652320715881553
W38412,4.7601867,4.300238,6Ery,0.4663750229163565
W38413,-4.8544064,5.736057,10GMP,0.14868700626123849
W38414,-7.966393,10.788011,16Neu,0.48575712732921555
W38415,7.1427884,3.443161,4Ery,0.6142428841266447
W38416,-7.6341157,7.4851885,14Mo,0.3776388204155038
W38417,-9.004067,7.8871927,14Mo,0.41824543862719227
W38418,-4.01181,5.869987,10GMP,0.14701915876912883
W38419,6.373458,4.5110116,3Ery,0.5935121613993356
W38420,-6.4705524,5.908318,10GMP,0.25578747831263193
W38421,-6.7782187,9.380319,14Mo,0.29408680063191894
W38422,6.9388523,2.885739,3Ery,0.6175307139505747
W38423,7.924171,4.791547,4Ery,0.6118166135928039
W38424,-2.7992253,3.6550288,19Lymph,0.48575712732921555
W38425,-4.974593,8.511774,14Mo,0.26093989049433536
W38426,7.6410284,6.7737617,3Ery,0.600758198741767
W38427,-7.0807705,9.174029,15Mo,0.37067225374153495
W38428,-7.926452,9.720999,15Mo,0.5123970108079278
W38429,-5.31605,6.4427514,10GMP,0.20327656597832064
W38430,-8.0639305,9.690092,15Mo,0.5762835418170962
W38431,-5.557374,9.816612,15Mo,0.31856590668230694
W38433,-6.497808,8.300878,14Mo,0.3285682635248044
W38434,-4.876577,8.66685,13Baso,0.2876466732344288
W38435,-6.18272,10.705733,16Neu,0.44488859274894826
W38436,-4.431606,8.667426,14Mo,0.21197947483375057
W38437,6.706417,3.7181053,4Ery,0.5990947455858708
W38438,-5.0914726,9.779823,14Mo,0.2965923327372538
W38439,-0.18167317,5.655783,9GMP,0.46633093517250723
W38440,8.446383,4.254627,3Ery,0.6190276057054377
W38441,-7.0045557,7.317055,14Mo,0.3382269947463291
W38443,7.6867695,4.2436523,3Ery,0.6097756802839678
W38444,-3.5989895,6.5895276,10GMP,0.1715964598545066
W38445,-5.4154215,10.46034,16Neu,0.3808723408344625
W38446,-5.613185,11.377067,16Neu,0.4167695841878245
W38447,-6.887125,7.821125,13Baso,0.3315982976004594
W38448,9.2,4.0466366,1Ery,0.6250151729279936
W38449,1.9589128,5.1585536,6Ery,0.2841333529726914
W38450,5.6533566,7.036182,2Ery,0.566548435015905
W38451,-3.2528777,7.6670494,14Mo,0.1674322613338815
W38452,6.720022,6.3833327,2Ery,0.5979265277062418
W38453,-4.9588685,9.603103,14Mo,0.27171348253909866
W38454,4.506831,6.2219234,5Ery,0.4279934373649744
W38455,7.135766,6.9270315,2Ery,0.5940940302129566
W38456,-6.3868947,6.069691,9GMP,0.24125547921055093
W38457,-7.312085,8.256623,13Baso,0.34909669615681377
W38458,5.8792825,7.314476,2Ery,0.5775464487838624
W38459,5.63084,5.9727187,3Ery,0.5409774412663387
W38460,-5.3793583,11.240386,16Neu,0.4398095613178705
W38461,-4.9919844,8.436288,13Baso,0.21596225819631992
W38462,-5.7384796,8.644665,14Mo,0.32666856595282556
W38463,5.7503495,4.4929037,4Ery,0.5761447935188178
W38464,7.092837,3.0528567,3Ery,0.6164417437960209
W38465,5.142426,3.8574438,6Ery,0.4150791352217918
W38466,-0.9127453,4.7131934,7MEP,0.5175699138713307
W38467,-3.5558906,6.832814,10GMP,0.18256912914042422
W38468,5.3830156,6.559761,4Ery,0.555514292026645
W38469,6.1976995,7.2165513,2Ery,0.5805543413973058
W38470,-6.4154463,10.707333,16Neu,0.4804239952507027
W38471,-2.7224567,7.6747136,12Baso,0.20731623036680316
W38472,-2.8615305,4.0238204,19Lymph,0.48575712732921555
W38474,-0.23756902,4.454736,7MEP,0.5964953972705371
W38475,-4.8471313,8.156161,13Baso,0.2426702238088485
W38477,5.974957,6.0443354,4Ery,0.5868167698332627
W38478,-0.15476748,4.148563,7MEP,0.595996519027618
W38480,5.8920717,4.5789304,4Ery,0.5866536924234313
W38481,-2.540769,7.6096497,12Baso,0.2614344241532312
W38482,3.6787639,5.840915,5Ery,0.2926098687688
W38483,5.7337937,7.3457575,2Ery,0.5577830946482658
W38484,6.599554,7.424796,2Ery,0.5884571071361354
W38485,-2.6624742,6.5755486,9GMP,0.20922470069460417
W38486,7.9092355,7.5956736,1Ery,0.6018135146520084
W38487,-4.760529,2.336036,11DC,0.48575712732921555
W38488,7.2887754,4.600712,3Ery,0.6073268371864375
W38489,-4.5074387,8.481568,14Mo,0.22542758432675683
W38491,-6.2058406,10.303071,16Neu,0.42421171993222156
W38492,8.430776,5.465526,2Ery,0.6088220433995594
W38493,6.086354,4.859995,5Ery,0.5931784906965162
W38494,-6.6050415,9.256855,14Mo,0.3573937160934235
W38495,-7.182521,8.879688,15Mo,0.36909487547158387
W38496,-5.7628975,5.838447,9GMP,0.15550673454961728
W38497,-1.9569161,5.7680016,9GMP,0.39820919884326367
W38498,-7.1187215,8.643008,14Mo,0.3527056030946695
W38500,7.2087297,7.1833434,2Ery,0.5949652187411374
W38501,7.6885085,4.8609242,4Ery,0.608210961104982
W38502,5.79706,6.2465844,5Ery,0.5695515912891789
W38503,7.177779,4.89864,4Ery,0.6023451654715506
W38505,8.121529,3.5518153,3Ery,0.6236297146873241
W38506,-5.742458,11.102773,16Neu,0.45983232290532056
W38507,6.786701,7.728231,2Ery,0.5939699169666075
W38509,-6.2042584,10.768573,16Neu,0.4472311336238354
W38510,7.0183854,7.5624743,2Ery,0.5997154827141644
W38512,-5.9470153,5.9302382,13Baso,0.20403473702025446
W38515,6.251144,7.370436,2Ery,0.5825187625353279
W38516,3.2707133,5.8521333,6Ery,0.2471655921387245
W38517,3.7371695,5.9727516,6Ery,0.3437756128884592
W38519,-5.1461716,9.181218,14Mo,0.2928397684313736
W38521,6.4676247,7.74513,2Ery,0.5855680832683365
W38522,6.2847776,7.830467,2Ery,0.5848865667914225
W38523,-1.0988398,6.706687,8Mk,0.21954750750700677
W38524,-1.1120232,6.842818,8Mk,0.19985582627823448
W38525,-4.481817,8.727672,14Mo,0.23009918375574512
W38526,-5.280642,8.850314,14Mo,0.29956704242919685
W38527,7.187658,7.3457036,1Ery,0.5946848895815999
W38528,7.8318057,3.5635176,4Ery,0.6195858686183865
W38529,0.25693068,4.410613,7MEP,0.5316375433273368
W38530,-5.6827574,10.394244,16Neu,0.3998145380009927
W38531,-4.8411403,10.153056,16Neu,0.29757975265470926
W38532,-4.0620193,8.430479,14Mo,0.19033572960309963
W38533,5.6550813,6.608289,3Ery,0.575883731993958
W38534,6.3814583,7.6470766,2Ery,0.5916885708545965
W38535,-6.6617656,9.203155,16Neu,0.3772972956332558
W38536,-2.2928946,7.5588183,17Neu,0.28491979099029396
W38537,5.159499,5.971495,6Ery,0.5132050253937357
W38538,6.1079993,7.3221946,2Ery,0.5873788483437274
W38539,-4.747123,8.218158,14Mo,0.22272291501897054
W38540,-5.1306157,9.495017,16Neu,0.3089186354839921
W38541,-0.6146161,4.232779,7MEP,0.5764230791812235
W38543,7.531078,5.276954,2Ery,0.604771934096613
W38544,8.435099,2.938002,3Ery,0.48575712732921555
W38545,4.8882623,6.715266,2Ery,0.5021388144048534
W38546,0.14540605,4.1011724,6Ery,0.45530872802288963
W38547,2.8653946,5.956994,6Ery,0.2120919307064436
W38548,0.3543043,3.9637964,6Ery,0.5375838427364669
W38549,-1.16225,5.4248514,10GMP,0.49676358260571485
W38550,-1.6652707,6.628596,12Baso,0.33950027837064445
W38551,-0.33693033,4.8922687,12Baso,0.6220099685420339
W38552,6.4255815,4.1632147,4Ery,0.5966706201259742
W38553,6.019857,7.323477,2Ery,0.5574650150949086
W38554,3.3933246,6.0772853,4Ery,0.2515451323986735
W38555,6.4099746,7.8012733,2Ery,0.5842986979936422
W38556,-5.6738462,8.6097975,14Mo,0.30169584386617637
W38558,5.406069,6.925073,3Ery,0.5428764961679822
W38559,2.629778,5.5428624,6Ery,0.2150513751452722
W38560,8.628338,4.818235,3Ery,0.6142145957589394
W38561,-1.5771737,5.2982655,10GMP,0.5081037823108845
W38563,5.9792266,7.507856,2Ery,0.5775184599620254
W38564,-4.51741,8.792991,14Mo,0.2275138916264246
W38565,-5.261886,10.977333,16Neu,0.4154738487088384
W38567,-3.4441435,8.069221,18Eos,0.17418493264012244
W38568,-6.6472936,7.2265964,13Baso,0.30688111166131626
W38569,3.9667137,6.182795,6Ery,0.28695728368625373
W38570,-6.401241,8.509616,14Mo,0.32666102262732627
W38571,-4.5311317,7.676299,13Baso,0.20502973369391977
W38572,4.9078298,6.5152044,2Ery,0.5176521471381095
W38573,6.376029,7.5457606,2Ery,0.5826358203559511
W38575,2.6030965,5.282993,5Ery,0.18569360888934333
W38576,-5.2509747,6.1186266,10GMP,0.1934507986693531
W38577,6.231469,6.668448,5Ery,0.5768805280607574
W38578,-4.906969,8.942812,14Mo,0.28720516378584654
W38579,-3.007966,7.1482134,13Baso,0.2131942613312285
W38580,-4.542233,8.679881,14Mo,0.2411903026345548
W38581,-5.7516212,11.137035,16Neu,0.440274799016866
W38582,6.010421,7.1814556,2Ery,0.5751176418349441
W38583,-0.790008,7.032084,10GMP,0.16571433655351162
W38584,6.947662,5.2081647,4Ery,0.6005423595705022
W38585,-6.3868327,11.660956,16Neu,0.49664009663447833
W38586,2.645049,5.1338153,6Ery,0.21714203411632718
W38587,-5.580814,9.697939,15Mo,0.3465315267242412
W38588,-6.8879967,8.241993,14Mo,0.2605950209147835
W38589,-1.8306955,6.6457224,12Baso,0.35333338663327646
W38590,0.093522094,5.2709417,7MEP,0.5962675248124929
W38591,-3.7636194,6.570995,10GMP,0.1639666787921532
W38592,-6.0915933,8.981292,15Mo,0.2943880289174144
W38593,8.695142,2.778051,3Ery,0.48575712732921555
W38594,-8.084967,10.359912,15Mo,0.6706257734008235
W38595,8.433449,2.8312926,3Ery,0.48575712732921555
W38596,-3.7885144,5.831992,9GMP,0.1961718094005382
W38597,7.345807,6.05979,2Ery,0.6013385771637454
W38598,0.012399723,5.566988,7MEP,0.5644495109951674
W38599,8.336701,4.773339,3Ery,0.615524245050086
W38601,-6.304151,8.007452,13Baso,0.3253184776074618
W38602,-6.0724826,11.499321,16Neu,0.48738151184628076
W38603,-6.6494613,7.011133,13Baso,0.3184649957992109
W38604,9.206254,4.3944426,2Ery,0.6237344139074336
W38605,-6.6081867,10.493226,15Mo,0.4852407279805245
W38606,-1.0015237,4.96052,7MEP,0.589593755363954
W38607,2.8214233,5.164683,6Ery,0.20473595011118417
W38608,5.4462824,4.8846135,5Ery,0.566384057072927
W38609,-7.672811,6.6215925,13Baso,0.37505730031981493
W38610,-4.5788264,6.3649154,10GMP,0.14908463671053124
W38611,-1.7916166,5.0972395,9GMP,0.5269589613482237
W38612,-5.9380083,6.508132,13Baso,0.24536291263952714
W38613,-6.9357576,6.6498795,13Baso,0.3185350620916671
W38614,-1.278239,4.470504,12Baso,0.7149136175506651
W38615,5.311374,5.9658976,5Ery,0.5262537976413393
W38616,-3.1378548,7.150095,13Baso,0.18390310833368137
W38617,-7.998908,11.066019,15Mo,0.48575712732921555
W38618,-6.6427174,8.856755,14Mo,0.34677794007946516
W38619,-4.6114564,6.684252,10GMP,0.16212883225346492
W38620,-6.0140576,9.06002,15Mo,0.3217275749859468
W38622,5.072347,5.2174683,4Ery,0.549745696766339
W38623,5.251694,6.5610514,5Ery,0.4824594890376522
W38624,-1.0368627,6.7303953,8Mk,0.22077913471256339
W38625,-7.3784695,8.108744,13Baso,0.3411329518837222
W38626,0.34060118,4.2923174,7MEP,0.5291949672612708
W38627,-4.8590784,8.814789,14Mo,0.28103376336693675
W38628,-6.50566,8.550557,14Mo,0.3172878207742079
W38629,6.8159266,7.493404,2Ery,0.592256732120295
W38630,0.96923417,4.4499373,6Ery,0.3840893258092253
W38631,7.5891557,7.0397024,2Ery,0.6021919250848954
W38632,-5.8975186,8.393787,13Baso,0.2774047468909442
W38633,-0.22880614,6.319684,7MEP,0.3491071361090016
W38634,-5.3109493,11.135367,16Neu,0.4196174599352724
W38636,-4.8734417,8.712891,14Mo,0.2783198679006695
W38637,4.3079314,6.401958,3Ery,0.4807674173145366
W38638,-5.7468233,10.831527,16Neu,0.43778108324498194
W38639,-1.3031743,4.3225327,19Lymph,1.0
W38640,-3.4976115,6.5282097,10GMP,0.13401287251696659
W38643,-1.6343734,5.3672214,12Baso,0.5257482371555686
W38644,-2.110618,5.9681005,10GMP,0.34937842364793004
W38645,-5.312376,7.5715413,13Baso,0.24860200999544937
W38646,6.937501,7.7771807,1Ery,0.5929961447208505
W38647,-5.2107387,10.297166,16Neu,0.3582027288626631
W38648,0.050642222,4.12488,6Ery,0.5366652663825998
W38649,-7.2018228,8.248991,14Mo,0.35439353468595675
W38650,6.3740315,7.059758,2Ery,0.5754115672216376
W38651,-4.9112506,9.124896,14Mo,0.23203535459758412
W38652,-2.2799788,5.6946955,10GMP,0.4061162184349153
W38653,-3.8368204,8.217874,14Mo,0.17930955798669368
W38654,-5.254768,10.495115,16Neu,0.3837198947186317
W38655,-0.3832501,5.581681,9GMP,0.4494232997613839
W38656,4.3165746,5.692,3Ery,0.4037662227889561
W38657,8.018235,3.9230306,3Ery,0.6192806913696071
W38659,-5.234211,9.992114,14Mo,0.338317391129143
W38660,6.2655773,6.925957,2Ery,0.5906766700601194
W38662,-1.7051831,6.5474257,12Baso,0.3270978337818419
W38663,-2.4134066,6.426064,9GMP,0.2959218687601514
W38664,8.656397,6.6365004,1Ery,0.6074502765797488
W38666,6.784615,4.705625,3Ery,0.6010155008508259
W38668,5.338247,6.4815083,5Ery,0.5704964019234025
W38669,5.7836056,7.004111,2Ery,0.5723703812653615
W38670,-0.5054858,7.298626,8Mk,0.15773720656914875
W38672,8.1879225,6.026009,2Ery,0.6063755171138793
W38673,-6.8255196,11.511325,16Neu,0.522225208921345
W38674,5.124684,5.925114,5Ery,0.5317681149168079
W38675,-1.3654009,6.8598557,10GMP,0.1699531510203335
W38676,-6.0654864,7.5293183,13Baso,0.3119750682280722
W38677,-5.432084,11.08879,16Neu,0.4270519199553964
W38678,-5.1903596,8.998495,14Mo,0.28807488842740187
W38679,6.4920177,7.259062,2Ery,0.5895993665467961
W38680,4.9265227,6.3404713,5Ery,0.5060088071620777
W38681,-8.023503,8.121385,15Mo,0.3811755357092984
W38682,-0.017336674,4.328303,7MEP,0.5591290355148606
W38683,-6.5557346,10.34556,15Mo,0.4242943701500484
W38684,5.5991735,5.7438946,5Ery,0.5563165340737853
W38685,3.6364477,4.4342537,6Ery,0.3022640399183115
W38686,3.8006468,5.4310083,5Ery,0.30950711734976744
W38687,7.390303,5.502921,2Ery,0.6044999977671619
W38688,7.4809732,5.0655904,3Ery,0.6062369699130091
W38689,-6.951523,10.897537,15Mo,0.5273523660160865
W38690,1.1170561,5.084708,7MEP,0.3811895307040405
W38691,7.454346,3.9593754,3Ery,0.6121354191192041
W38692,-5.6029887,8.21066,15Mo,0.2931857119144279
W38693,-7.085828,11.473891,16Neu,0.5808549349931018
W38694,3.6889048,4.5990696,6Ery,0.2157110166138507
W38695,-0.6380424,4.3495245,7MEP,0.5961866599448261
W38697,3.7181373,4.270027,6Ery,0.29434366311848564
W38698,2.3603969,5.3963647,6Ery,0.21653491972890204
W38699,-1.8248286,5.712441,10GMP,0.4086688288970922
W38700,6.4263573,5.268304,4Ery,0.5915471114954473
W38701,-6.2312903,7.275054,13Baso,0.30827868005783937
W38702,-6.0984106,10.1945305,14Mo,0.39795997451516113
W38703,-6.3610477,8.032626,13Baso,0.29906179763938096
W38704,8.719615,4.2636914,3Ery,0.6212432483742675
W38705,3.2059047,5.4013705,6Ery,0.22710736240913873
W38707,-1.1613165,5.594817,8Mk,0.596237247582651
W38709,-5.5677996,9.031138,14Mo,0.29684981009218797
W38710,6.830704,7.3899226,2Ery,0.5926770371634184
W38711,-2.3902535,5.788467,9GMP,0.30810237466676677
W38712,4.0561047,3.9748502,6Ery,0.3477070422746342
W38713,-5.5451097,10.042641,15Mo,0.35077887669591157
W38714,-6.430727,8.161996,13Baso,0.2729960364520581
W38715,4.026411,6.335801,3Ery,0.34184497061188623
W38716,-5.915645,11.35681,16Neu,0.46335614298837713
W38717,7.199468,7.4869037,2Ery,0.6007072732150125
W38718,-2.4772444,6.5704823,9GMP,0.19612076747817792
W38719,-5.8229847,9.825332,14Mo,0.3495895774857209
W38720,7.2977853,3.4997663,3Ery,0.6143697830733884
W38721,-6.349079,8.73364,14Mo,0.3310187244008878
W38722,-5.3687787,8.769691,14Mo,0.2972547438182932
W38723,-5.259407,9.416491,16Neu,0.30650024037964396
W38724,-5.1304045,9.260173,14Mo,0.30772368029687974
W38726,-1.6430473,6.4238806,9GMP,0.311099470767538
W38727,6.7166295,5.1188784,3Ery,0.5958152089894126
W38728,-8.746583,7.3965483,13Baso,0.40410035299672264
W38729,-0.45212877,5.26907,10GMP,0.5438897915086708
W38730,-4.8743176,9.423774,14Mo,0.274206357157854
W38732,2.9902263,5.80521,3Ery,0.21723571636889308
W38733,3.2105038,5.7645526,6Ery,0.22682245049345187
W38734,-5.917557,7.8945837,14Mo,0.2889369917035844
W38735,5.0386167,5.874649,4Ery,0.5205732455025202
W38736,8.635229,3.663851,3Ery,0.6276128914885499
W38737,6.042631,7.688759,2Ery,0.5766499594116029
W38738,5.9355564,7.5741806,2Ery,0.5714551848462942
W38739,-4.6533885,9.09939,14Mo,0.25682993312303243
W38740,6.02918,6.9307265,2Ery,0.5862019872808913
W38741,0.90688545,4.818237,8Mk,0.3151412107591648
W38742,-2.97261,6.8694797,10GMP,0.1253754650745042
W38744,-2.4335291,6.01715,10GMP,0.2728481348304999
W38745,-4.8103495,8.826787,14Mo,0.2605448358303449
W38747,-2.113304,5.788379,10GMP,0.3550972202996518
W38748,-5.272413,9.293263,16Neu,0.31850678661973136
W38750,-5.4304447,6.375906,10GMP,0.21938056076715629
W38751,-5.0867696,7.217895,10GMP,0.21673345547627007
W38752,-8.0072565,7.4476113,13Baso,0.3890974195083505
W38753,-5.5078344,11.128165,16Neu,0.44322720294178586
W38754,4.638812,6.663731,2Ery,0.46166694952605636
W38755,-5.4378543,10.317387,16Neu,0.39153656381104635
W38756,6.125405,7.4424224,2Ery,0.577315899892289
W38757,-5.172187,8.663002,14Mo,0.2950599668338539
W38758,-4.5291104,2.4953995,11DC,0.48575712732921555
W38759,-5.301544,9.335513,14Mo,0.31103223036019434
W38760,-4.8602657,2.3822174,11DC,0.48575712732921555
W38761,-3.5902305,8.061336,14Mo,0.1538588708963956
W38765,-6.0405517,8.433429,13Baso,0.31613511449656156
W38767,6.5466647,6.5140395,2Ery,0.595886239745767
W38768,8.352176,4.6157155,2Ery,0.6175048630607715
W38769,-5.7208004,10.700705,16Neu,0.4032921988353607
W38770,4.9109616,6.901423,2Ery,0.47974537540971357
W38771,6.786704,6.9412465,2Ery,0.5954103628205627
W38772,-5.0692987,8.498886,14Mo,0.28951922538277863
W38773,5.09398,6.679942,5Ery,0.5223571294098822
W38774,5.473961,6.682248,2Ery,0.5720177383507915
W38775,0.1043344,4.7589645,7MEP,0.5966132596506964
W38776,-1.8080169,5.9095807,9GMP,0.3354343010073678
W38777,7.1159697,6.080918,2Ery,0.6002765607900697
W38778,-1.413611,4.9258485,10GMP,0.4986782951243709
W38779,-0.5922052,5.259398,7MEP,0.5816187082132542
W38781,2.2859294,5.1435056,6Ery,0.20688753178891053
W38782,-6.7803507,8.765997,15Mo,0.3567979967114982
W38783,5.714961,4.6042066,5Ery,0.5782834815016578
W38784,5.7943573,5.2836,5Ery,0.5761987665475696
W38785,-7.7383285,10.654455,15Mo,0.6194863615176542
W38786,-4.867002,7.532244,14Mo,0.22704836077712162
W38788,-0.6762404,7.035876,8Mk,0.1505118614113784
W38789,-7.9094296,7.295396,14Mo,0.3747796706010251
W38790,-6.9148145,10.429473,15Mo,0.4616468667366744
W38791,3.51874,5.7034826,4Ery,0.26218155358353296
W38793,-7.23355,7.2719574,14Mo,0.35210806004738243
W38794,-2.8852732,6.7120976,13Baso,0.2464500440425034
W38795,1.0967427,5.1570992,6Ery,0.3225446151010393
W38796,7.382455,3.6783135,4Ery,0.6166077586205405
W38797,-8.331009,7.206967,13Baso,0.4095535498225571
W38798,6.4690003,4.978928,4Ery,0.5964972272130107
W38799,-4.0383205,5.8085093,9GMP,0.13905529249018087
W38800,8.67232,3.8614929,3Ery,0.6242938434968005
W38801,-1.0466548,6.8110085,8Mk,0.15902029419685704
W38802,-0.6725786,7.7891946,8Mk,0.06898652040921228
W38803,-7.3113217,9.882894,15Mo,0.4630903475272435
W38804,8.256595,6.58101,2Ery,0.605683977470538
W38805,-2.090271,7.0997415,12Baso,0.27736401909752095
W38806,5.214289,3.4655368,3Ery,0.4867095588619914
W38807,-7.5953155,11.033722,15Mo,0.636262760719976
W38808,-8.332818,10.257791,15Mo,0.6928074971844209
W38809,-2.5866404,5.4357533,9GMP,0.3210351223617473
W38810,8.546208,4.002698,3Ery,0.6247262426052459
W38811,-4.3947563,6.0964947,10GMP,0.1462181410723908
W38812,-6.181997,10.270071,15Mo,0.41706276472506953
W38813,-6.555235,11.209514,16Neu,0.5049016973237755
W38814,6.204549,3.8035138,4Ery,0.5957707595036732
W38815,6.91461,3.1823087,3Ery,0.6073173765370975
W38816,-7.7012906,7.6100273,14Mo,0.38214497431421324
W38818,7.4295573,2.7126553,3Ery,0.6302174401962309
W38819,-7.6154294,11.268443,16Neu,0.6577372261500738
W38820,3.4295611,4.804235,6Ery,0.24966612870573585
W38821,4.5872574,4.975414,5Ery,0.4316117100629776
W38822,-5.824843,6.544066,13Baso,0.2077205012540632
W38823,-7.447146,6.7223096,13Baso,0.3883161263003685
W38824,-4.984527,2.4657307,11DC,0.48575712732921555
W38825,-7.979479,7.1630096,13Baso,0.3814153302271076
W38826,-0.40413478,6.633417,8Mk,0.20329222824846346
W38827,8.162149,6.416971,2Ery,0.605964399927626
W38828,-5.94984,7.8549824,13Baso,0.2961183261724237
W38829,-8.269077,8.328511,13Baso,0.4152340877824247
W38830,-0.28432557,7.480559,8Mk,0.08201150953674594
W38831,-0.5998423,6.371396,8Mk,0.2598141580353815
W38832,-8.576451,10.130829,15Mo,0.48575712732921555
W38833,-6.017057,7.976251,14Mo,0.3342680154159527
W38834,-4.236878,9.415312,14Mo,0.19022574519825255
W38835,-2.4681628,3.95079,19Lymph,0.48575712732921555
W38836,1.5239915,5.22023,6Ery,0.24375041340081224
W38837,5.2598033,5.0731955,5Ery,0.5340139372871472
W38838,-6.4487386,10.032335,15Mo,0.38486682840984815
W38839,1.0449891,5.364421,7MEP,0.4662584339804699
W38840,-6.6259646,10.429296,15Mo,0.4100254738920464
W38841,-8.579577,9.997839,15Mo,0.48575712732921555
W38843,4.3625402,3.8469899,6Ery,0.3951396969744436
W38845,-2.7176871,6.628803,12Baso,0.2076408135495042
W38846,7.8105435,6.033009,2Ery,0.6080489063928526
W38847,-8.128883,6.800067,13Baso,0.39485713436840797
W38848,0.7687995,3.9858963,3Ery,0.3729894885085465
W38849,7.7152843,3.1065595,4Ery,0.6277068413937795
W38850,-4.00479,8.589142,14Mo,0.1774333841538374
W38851,-4.050455,6.2521176,10GMP,0.11712267542200896
W38852,-6.905021,11.04382,16Neu,0.47518560461293974
W38853,-7.354548,10.957476,15Mo,0.592937692805362
W38854,0.6762377,5.5407014,6Ery,0.4055273528058877
W38855,-8.366417,6.860557,13Baso,0.3652058798211352
W38856,-2.8351212,3.8575258,19Lymph,0.48575712732921555
W38858,-7.741015,10.268538,15Mo,0.6097538352231667
W38859,0.9794065,5.4521484,6Ery,0.38469346153224454
W38860,8.218078,6.7598553,2Ery,0.6047035092385559
W38861,-7.9826503,10.273947,15Mo,0.7049094686900279
W38862,8.304409,4.2604403,3Ery,0.6218173212107467
W38863,-4.280467,8.082522,13Baso,0.1714651238193624
W38864,1.870775,5.4357023,6Ery,0.23447145883718434
W38865,-6.10939,6.7762055,13Baso,0.2785366891563529
W38866,-3.366517,6.751327,9GMP,0.145171214192854
W38867,-2.427381,5.7191796,10GMP,0.3135257484739448
W38868,-4.551816,6.1568265,10GMP,0.14817710783676824
W38869,-6.9841533,7.5072484,14Mo,0.32727409386571654
W38870,8.159652,5.7931404,2Ery,0.6090154074955496
W38871,1.6395153,5.439936,6Ery,0.24136791248381081
W38872,-5.111698,6.0457993,10GMP,0.18760977355553574
W38873,0.59340227,4.9353676,7MEP,0.5137088768806746
W38874,0.4239402,4.494627,6Ery,0.5225576549759878
W38875,-4.6535215,7.933236,14Mo,0.23881077536750447
W38876,7.961209,4.989918,2Ery,0.6117952589573884
W38877,8.177718,5.925887,2Ery,0.607713245885567
W38878,0.13967101,4.6153555,7MEP,0.5618635766675856
W38879,6.5140314,4.886103,5Ery,0.5878515994698533
W38880,-7.3242855,6.2815886,13Baso,0.3483215382154008
W38881,-6.726923,8.216443,13Baso,0.3466728655900517
W38882,-5.2702007,8.38065,14Mo,0.29043299778008014
W38883,9.079253,4.632158,3Ery,0.6194599000960207
W38884,-7.6853704,6.7790275,13Baso,0.39198856759753425
W38886,7.082236,3.9211357,4Ery,0.6090537315457847
W38887,8.334765,4.229131,3Ery,0.6206321311835152
W38889,8.988376,4.7579045,2Ery,0.6183204370580818
W38890,-6.3032,10.539391,15Mo,0.40125884884031326
W38891,0.14374071,4.7920713,7MEP,0.5839413246670933
W38892,8.3446045,7.180168,1Ery,0.6046773036739443
W38893,-6.48936,10.348459,15Mo,0.47871346302355755
W38894,8.268189,5.6231775,2Ery,0.612375956026113
W38895,-4.191696,8.387197,13Baso,0.19334839888649374
W38896,-0.07256317,6.303549,8Mk,0.24644484609238526
W38897,-4.8328457,6.293698,9GMP,0.12296564125988761
W38898,-1.9704965,4.0853996,19Lymph,0.48575712732921555
W38899,-4.7897696,2.3924263,11DC,0.48575712732921555
W38900,-0.9451974,6.6915164,8Mk,0.2084729173779641
W38901,-2.4414027,7.3928666,17Neu,0.24386590281880555
W38902,-5.963353,6.3772397,13Baso,0.23276274630781496
W38903,-5.5192533,6.513948,13Baso,0.19823839742980903
W38904,-6.407215,9.388063,13Baso,0.2671978719958913
W38905,8.692038,3.805248,3Ery,0.6257763114058663
W38906,2.1843026,5.1607113,12Baso,0.16633510228789888
W38907,-6.9131336,11.029456,16Neu,0.5151109660441696
W38908,-4.7376456,5.975302,10GMP,0.12702385881748038
W38909,-7.406711,10.214587,15Mo,0.5022054598320289
W38910,0.28686407,4.7534494,7MEP,0.6335777089632325
W38911,-5.739605,6.8672013,13Baso,0.23601009768159573
W38912,-5.9558797,8.258007,13Baso,0.3103443732359805
W38913,-8.080873,9.834768,14Mo,0.5730568207380963
W38914,-6.513588,11.216639,16Neu,0.49544654695305307
W38915,7.561047,3.1222386,3Ery,0.6228187896319101
W38916,-0.073119834,4.843593,7MEP,0.6232638390394217
W38917,-6.7988696,7.4839134,13Baso,0.33842589546948343
W38918,-5.905157,7.265512,13Baso,0.2832355678274152
W38919,7.1733413,4.0194335,3Ery,0.6094085585723531
W38920,9.538445,4.4010124,1Ery,0.6231786290797631
W38921,-7.7147994,6.9001985,14Mo,0.3715957239860048
W38922,-7.318461,10.644325,15Mo,0.5445224693912473
W38923,-4.4125504,6.727228,10GMP,0.14554463245125765
W38924,-5.767044,9.256073,15Mo,0.35430759869680745
W38925,7.145748,3.2212408,4Ery,0.6170324503054477
W38926,-2.4574025,6.214678,9GMP,0.27131186154572884
W38927,-8.387056,9.375073,14Mo,0.5810528783005947
W38928,-6.239176,5.7111125,9GMP,0.21148791995300098
W38929,-4.7977996,6.0390534,13Baso,0.17282351533554305
W38930,-3.0082846,6.281418,10GMP,0.219019414744353
W38931,-1.9567152,5.4632535,9GMP,0.41651665307330404
W38932,3.7099602,5.3094864,5Ery,0.29413287366330904
W38933,7.5522676,6.0182266,2Ery,0.6040777585386566
W38934,0.4658997,5.2942924,7MEP,0.6039045651471822
W38935,-6.031171,7.715046,13Baso,0.31927480215642823
W38937,3.3977761,4.63931,6Ery,0.24687644748391457
W38938,1.066602,5.146138,7MEP,0.47610573866268324
W38939,-2.9621804,5.8286796,10GMP,0.17386765838102924
W38940,0.8787282,4.873798,7MEP,0.5262581127292368
W38941,-5.511018,5.854171,10GMP,0.15024650288864863
W38942,7.028246,4.047182,3Ery,0.6093603563519123
W38943,7.101023,3.8439906,5Ery,0.6108455537530487
W38944,-1.4123354,5.2532063,10GMP,0.5118962392300476
W38945,0.56067365,5.1361294,6Ery,0.47667637700844095
W38946,-2.2997365,3.9822187,19Lymph,0.48575712732921555
W38947,-1.0256672,7.156776,8Mk,0.1322192210727457
W38948,6.45808,4.3973455,4Ery,0.600703935704669
W38949,-6.363195,7.9237275,14Mo,0.32185921550708585
W38950,-7.640403,10.952165,16Neu,0.6694988337033434
W38951,-7.2642837,7.7779803,14Mo,0.3421262145758953
W38952,-4.383332,6.2214556,10GMP,0.11627636585718167
W38953,-2.9573805,5.9043508,10GMP,0.21381021742118317
W38954,-7.635244,7.240877,13Baso,0.36274510739836485
W38955,-0.24949665,5.570193,7MEP,0.5605956948438984
W38956,-7.418333,10.608196,15Mo,0.5876570317311339
W38957,-3.9565651,6.550883,10GMP,0.13355118934285778
W38958,-7.393624,10.305148,15Mo,0.4989750153749093
W38959,-8.37453,10.43834,15Mo,0.48575712732921555
W38960,-7.161738,9.467921,14Mo,0.399520564190122
W38961,4.6648593,4.4412613,5Ery,0.4307077512802225
W38962,-6.938442,6.523552,13Baso,0.3182015340073678
W38963,-1.8731103,5.8157926,9GMP,0.4168842882389425
W38964,0.06522193,4.8303666,7MEP,0.48575712732921555
W38965,-7.305403,10.124526,14Mo,0.5254238763209979
W38966,3.8741744,4.5278735,6Ery,0.3360708948884066
W38967,8.497475,6.255425,2Ery,0.6098088182897947
W38968,-0.6220212,6.2792416,8Mk,0.3176695977342262
W38969,0.11829153,5.082707,7MEP,0.5395157883566001
W38970,5.1217823,4.389202,5Ery,0.5284635563068933
W38971,-0.06621456,5.8128796,7MEP,0.43758606386734467
W38972,-6.9125905,6.786949,13Baso,0.3389866041275404
W38973,-0.07862733,4.825365,7MEP,0.48575712732921555
W38974,6.2589035,4.0651145,5Ery,0.5931612900381076
W38975,-0.58243835,7.698192,8Mk,0.051199129183706685
W38976,8.3934765,6.684436,2Ery,0.6064348188378438
W38977,8.001052,5.505118,2Ery,0.610443316206797
W38978,6.516317,4.137349,4Ery,0.5982928899187592
W38979,-5.383242,8.712892,14Mo,0.2976087899947852
W38980,-7.135703,10.784898,15Mo,0.5846134387245141
W38981,-6.067075,6.1774974,13Baso,0.24910967086252594
W38982,7.7308836,3.8221047,3Ery,0.6197184391233236
W38983,7.504121,4.608969,2Ery,0.6116819858979119
W38985,2.8040595,5.5474377,5Ery,0.18040060669366492
W38987,-4.8389935,6.7343426,13Baso,0.18347465716187644
W38989,6.4918246,3.9920325,3Ery,0.600195485653322
W38990,0.23215929,4.2205477,6Ery,0.48575712732921555
W38991,-0.9112042,6.5031686,8Mk,0.2193177753128913
W38992,1.6563356,5.754481,6Ery,0.21822807510181044
W38993,-6.6799192,11.401422,15Mo,0.5142723551643538
W38994,7.407113,4.8350964,2Ery,0.6083576161569818
W38996,5.5951805,5.4656143,5Ery,0.551801072258047
W38997,1.2925496,5.7916627,6Ery,0.1895539549966891
W38998,-2.4847214,6.5993114,9GMP,0.28325717821585844
W38999,-0.47379935,6.922631,8Mk,0.1356940265439325
W39000,-8.266608,10.19068,15Mo,0.48575712732921555
W39001,-7.525383,7.233816,13Baso,0.3351555972443401
W39002,-3.2006857,5.9995017,10GMP,0.17879915610952843
W39003,-6.216613,11.4516325,15Mo,0.46251963990146605
W39004,-7.3395505,10.990214,15Mo,0.5886544368047115
W39005,8.132824,6.4289293,2Ery,0.6060734997696227
W39006,-6.177555,7.223552,13Baso,0.31039319366634116
W39007,-5.300755,8.281396,14Mo,0.281532865473837
W39008,0.31762385,6.46872,9GMP,0.1451094233338376
W39009,7.975461,6.072769,2Ery,0.6055506167864548
W39010,7.389693,4.308917,3Ery,0.6100640093420494
W39011,-2.2352753,7.0682344,17Neu,0.28959535316404816
W39012,-6.029272,11.295561,16Neu,0.4697187613265687
W39013,-6.5657363,6.7468085,13Baso,0.31675234503688704
W39015,3.463462,5.663647,6Ery,0.2585549055414439
W39017,-7.531481,6.677442,13Baso,0.3633673139424188
W39018,-3.3618672,6.0150886,10GMP,0.21570092117694994
W39019,-6.096865,7.9745307,13Baso,0.31098543103523735
W39020,-5.2225385,7.7616773,13Baso,0.3080149840080662
W39021,5.56548,5.496254,2Ery,0.5571794631361553
W39022,0.06493737,4.193606,6Ery,0.5693893581632449
W39023,-8.730375,9.794588,15Mo,0.7331141336423211
W39024,-7.015814,9.409607,14Mo,0.3976126218305157
W39025,-7.6500154,7.3549056,14Mo,0.3741927218849204
W39026,-5.6375446,6.5531445,13Baso,0.25252219771064416
W39027,-5.1201615,8.100804,14Mo,0.270085717959068
W39028,3.424513,4.8147874,6Ery,0.25972908209433293
W39029,-6.1776676,7.675938,13Baso,0.3208347795364166
W39030,-1.4462024,5.096874,17Neu,0.5039376733966544
W39031,6.5609117,5.3780484,2Ery,0.5833822004420552
W39032,0.5950291,5.0186973,6Ery,0.5138886886677217
W39033,-0.13998336,4.921328,7MEP,0.48575712732921555
W39034,-5.314852,6.2380023,10GMP,0.15945096831646913
W39035,-4.563782,6.3746753,10GMP,0.1636489550486133
W39036,3.214563,5.3720345,6Ery,0.22931842497398208
W39037,-6.4715714,10.314479,15Mo,0.4327410326153576
W39038,-5.891288,11.182425,15Mo,0.44489941727395943
W39039,0.37137324,4.4811826,6Ery,0.5758561490411865
W39040,6.378169,3.880797,4Ery,0.5975209053267905
W39041,-0.66888106,6.3618402,8Mk,0.22719288651728084
W39042,0.6531927,4.313983,6Ery,0.4693865061198809
W39043,-5.418813,8.484921,13Baso,0.2584124511529596
W39044,-4.8442683,6.816372,13Baso,0.18521248554860784
W39045,5.7374034,5.1907783,5Ery,0.5455253436784337
W39047,-3.140336,6.7167864,10GMP,0.20515574418361568
W39048,-0.34063962,6.899281,10GMP,0.1381883541243435
W39050,-5.1434054,6.2018313,10GMP,0.1606555655173806
W39051,6.3388433,5.4773107,2Ery,0.58659101953519
W39052,-4.618153,2.461622,11DC,0.48575712732921555
W39053,-6.56943,10.66296,16Neu,0.46123955363638325
W39054,-7.4861755,9.755414,14Mo,0.4950243206352596
W39055,4.4394994,5.1720734,5Ery,0.3713125895138076
W39056,-4.762665,5.8041425,10GMP,0.16814318255343083
W39057,3.7766266,4.4570165,6Ery,0.31006601034737297
W39058,7.676221,5.399698,2Ery,0.6086260746366504
W39059,-6.1528563,5.977588,10GMP,0.2287341286674716
W39060,-7.145168,11.006191,15Mo,0.5253367775509973
W39061,-6.235249,11.524231,16Neu,0.46286632568151925
W39062,2.0187714,4.878422,6Ery,0.28282201358585385
W39063,-2.7420115,3.6916416,19Lymph,0.48575712732921555
W39064,-4.5194516,5.7379003,10GMP,0.1406391666007547
W39065,-8.531234,10.606937,15Mo,0.48575712732921555
W39066,-8.038437,7.1098948,13Baso,0.38338161814225785
W39067,3.887996,4.722336,5Ery,0.3224563585458515
W39068,-0.48414764,5.466729,7MEP,0.5419710461011369
W39069,6.1800566,4.046728,4Ery,0.5914692170042885
W39070,-0.9306277,5.016328,7MEP,0.5916130410322206
W39071,5.933621,3.2562447,3Ery,0.5691127456268046
W39072,-3.1044862,3.955415,19Lymph,0.48575712732921555
W39073,-7.2068663,9.877679,13Baso,0.4217514009567864
W39074,-5.271618,8.145875,13Baso,0.27445434206052455
W39075,-6.8926606,6.767444,13Baso,0.3025205473064822
W39076,7.786749,4.6058307,3Ery,0.6151470118387448
W39077,8.767065,6.270249,1Ery,0.6090225345698954
W39078,-7.1121826,9.393899,15Mo,0.4206750250395858
W39079,-0.37655598,4.710095,8Mk,0.6682758824121589
W39081,-0.539669,5.1101055,7MEP,0.6091046165376602
W39082,-0.46826306,5.3297067,7MEP,0.6399718568811426
W39083,-2.7910862,6.7387395,13Baso,0.2361188301376225
W39084,-5.445962,6.929274,13Baso,0.23128186381124505
W39085,5.112727,5.387633,5Ery,0.5148374494914454
W39087,0.34949687,4.2189155,6Ery,0.5179514082949299
W39088,-8.104756,10.65132,15Mo,0.48575712732921555
W39089,-6.467838,7.1474605,13Baso,0.34212128601381436
W39090,-6.6907716,9.236062,14Mo,0.39014512172835664
W39091,-1.3355186,5.734169,10GMP,0.3883623483069874
W39092,-4.2950497,7.3691726,13Baso,0.1973442225732932
W39093,-0.10699386,4.4057527,7MEP,0.5514243068079244
W39094,-5.5710673,11.083705,15Mo,0.4413619777684919
W39095,-0.5129576,7.4888835,8Mk,0.08891570201477532
W39096,-4.7690296,5.8227816,9GMP,0.1523151894581766
W39097,4.497389,5.31854,4Ery,0.4357964600032486
W39098,-1.7885833,5.5800285,17Neu,0.42875431995412583
W39099,7.761197,6.110367,2Ery,0.6058225378075771
W39100,-6.1368732,7.213644,14Mo,0.280310080076182
W39101,-7.3761888,11.307129,15Mo,0.5934462719710402
W39103,-6.910909,8.6697,14Mo,0.3722642551458902
W39104,5.0964284,3.7160385,6Ery,0.4925617751012009
W39105,0.36115083,4.1313787,6Ery,0.4208130664143065
W39106,-4.072043,6.505716,10GMP,0.15009274334470252
W39107,0.4687493,4.5357285,6Ery,0.593214476184332
W39109,-5.0605435,7.4126205,13Baso,0.2379877409151209
W39110,0.1869366,4.206794,6Ery,0.5150985567746393
W39111,-2.3762908,7.526433,12Baso,0.2596314633330822
W39112,8.014356,2.7687776,3Ery,0.48575712732921555
W39113,-5.4852185,7.771075,13Baso,0.25539271132926983
W39114,-5.7349625,7.525774,13Baso,0.29546034426910467
W39115,-6.5997515,11.272566,16Neu,0.5007768064353586
W39116,-5.3399205,6.5720243,10GMP,0.22003898573120603
W39117,-5.8100557,11.014118,16Neu,0.42864217382729186
W39118,-4.445838,8.19116,13Baso,0.23406904788197624
W39119,4.6652236,4.965199,5Ery,0.4709394373200788
W39120,8.343262,5.4677734,2Ery,0.6126182711369332
W39121,-1.3890048,4.695487,9GMP,0.44287562257084184
W39122,-6.825092,10.90619,16Neu,0.5039522197946749
W39123,-0.90755755,6.4319863,8Mk,0.25431167975567914
W39124,-4.3794746,2.619842,11DC,0.48575712732921555
W39125,-4.6229506,7.0845776,13Baso,0.20638454966958272
W39126,-3.5435958,6.878648,10GMP,0.1445586485373861
W39127,5.6547723,3.7242727,5Ery,0.5474845475932952
W39128,-5.929437,10.413169,15Mo,0.40158644612320155
W39129,-7.5564456,7.7204623,13Baso,0.38137613410854404
W39130,-3.2137704,5.734091,9GMP,0.294247000428415
W39131,-6.6254935,9.491011,14Mo,0.33439121405941263
W39134,-5.156183,8.260843,13Baso,0.22748818429500114
W39135,-5.8215218,8.011482,14Mo,0.3006423472831755
W39137,-5.826576,10.452394,15Mo,0.42007471564307325
W39138,-6.823004,10.317708,15Mo,0.5014608102147857
W39139,-4.223108,6.6766562,10GMP,0.13758392462592775
W39140,-6.9399886,11.024361,15Mo,0.538844835457263
W39141,-6.689301,11.089838,16Neu,0.5009182356808803
W39142,3.3999252,5.483913,6Ery,0.23937370096520794
W39143,7.103565,4.838649,2Ery,0.6046309750554566
W39144,-7.7973094,7.8664193,13Baso,0.3952185983109834
W39145,2.3591902,5.269727,5Ery,0.2204268695697875
W39146,0.3093219,5.4758496,7MEP,0.6238987292474815
W39147,-2.6848388,3.8126502,19Lymph,0.48575712732921555
W39148,1.5821474,4.9111857,6Ery,0.2834012820446815
W39149,-6.371533,7.264146,13Baso,0.32073961874837054
W39150,8.202955,6.0174155,2Ery,0.607147246385021
W39151,-4.797211,2.48884,11DC,0.48575712732921555
W39152,0.411806,4.5905027,7MEP,0.628645661037087
W39153,-3.3453133,7.2845774,13Baso,0.16446783947710308
W39154,7.187694,5.1546936,2Ery,0.606051832363648
W39155,-6.787224,7.388941,14Mo,0.34038660317550984
W39156,-5.986661,7.678313,13Baso,0.3156088703717638
W39157,-0.52523947,7.733884,8Mk,0.09944586901609548
W39158,-7.7132635,8.722851,13Baso,0.3756332282878387
W39159,-0.046113856,7.2235255,7MEP,0.10503522775438563
W39160,-4.062339,6.3545423,10GMP,0.10015699629220132
W39161,-4.2859173,6.547193,10GMP,0.14819058088735065
W39162,-7.411805,9.362801,14Mo,0.4377031861562585
W39163,-6.8690777,11.526388,16Neu,0.5354644169772829
W39164,6.788565,4.8916063,2Ery,0.6007937560187314
W39165,-8.209247,6.9851108,13Baso,0.3995438934495855
W39166,0.19944483,4.9273653,7MEP,0.48575712732921555
W39167,-8.02136,9.81573,15Mo,0.6236627925726783
W39168,7.666936,3.6751907,3Ery,0.6203088544086423
