,umap_1,umap_2,paul15_clusters,11DC,19Lymph,7MEP,15Mo,3Ery
W31105,-0.042982515,4.9391413,7MEP,0.003431910865713275,0.048405615326973135,0.8544371592712483,0.0046231824083562785,0.08910213212770997
W31106,-7.29048,7.8913746,15Mo,0.03841797890519232,0.0015549704361023443,0.06793118959896222,0.8429533870003072,0.0491424740594371
W31107,8.920913,3.6123116,3Ery,4.6200094714111586e-05,0.00492012776933397,0.0006440728965021079,0.13150143101320108,0.8628881682262497
W31108,-8.715149,9.499612,15Mo,0.01276718779741397,0.0024425886621187625,0.010780923452815743,0.9098632237592958,0.06414607632835667
W31109,8.98244,4.066399,3Ery,4.5093718965795654e-05,0.004900420924729081,0.0008889045764429733,0.13144526931943118,0.8627203114604319
W31110,-6.5154243,8.743474,15Mo,0.01755415459488551,0.007082326118712009,0.19811578376531983,0.7321181829671493,0.04512955255393431
W31111,5.072736,3.8488007,4Ery,3.38222709031084e-05,0.004258352150449521,0.05000472759059479,0.12526024868951768,0.8204428492985358
W31113,1.378745,4.4413023,2Ery,0.002136101236175215,0.034051828873248605,0.6948834511303328,0.02434238675890518,0.24458623200133925
W31114,4.614032,3.4123058,3Ery,0.00014384337950491499,0.004382782497001949,0.08781699250451279,0.12272128661652366,0.7849350950024577
W31115,7.754226,6.3932805,2Ery,3.212151054129428e-05,0.004691283775838156,0.004995285921420188,0.13066782700292615,0.8596134817892752
W31116,6.664053,5.812242,2Ery,2.6110775212452224e-05,0.004615978230762647,0.008010386534561686,0.13018271047782817,0.8571648139816361
W31117,-2.5683348,7.315169,17Neu,0.008031269874521315,0.033667954597249146,0.7169955628962004,0.21513748800651877,0.02616772462551133
W31118,-7.834097,8.6683445,14Mo,0.03193840565825141,0.0018130391617848355,0.0735604683715241,0.8416951637868476,0.050992923021593056
W31119,-4.3723564,7.1258645,13Baso,0.02611250242785461,0.01983035773111832,0.34355903247648834,0.577590366334045,0.032907741030494674
W31120,7.506144,5.1862526,3Ery,3.585500530311476e-05,0.0047568569456139295,0.003817482817453033,0.13090850762566345,0.8604812976059675
W31121,-0.006649152,4.0180225,7MEP,0.008680966469266147,0.06573163473102564,0.8183280575839751,0.00919538598168571,0.09806395523404828
W31122,7.2904825,3.1258366,3Ery,4.365374866973599e-05,0.004882083102251325,0.002203679682653496,0.13129844235285995,0.8615721411135665
W31123,7.538723,5.0355964,3Ery,3.5396277096055334e-05,0.00475108707659418,0.0042487711856643235,0.13084263779821984,0.8601221076624267
W31124,8.600008,6.163725,2Ery,3.686093991522627e-05,0.004756361174191655,0.003014147560728464,0.13100402386858326,0.8611886064565824
W31125,-0.8384341,7.4859266,8Mk,0.0060815678319654275,0.002846431336458391,0.6989029629438589,0.1838136641809493,0.1083553737067689
W31126,4.713569,3.915215,3Ery,4.1170504723580754e-05,0.004284236888280969,0.08180891573882422,0.12082011469709637,0.7930455621710759
W31127,-5.1437883,5.9059477,9GMP,0.021446309493134662,0.014688658155208856,0.34684235670859703,0.5443031445891693,0.07271953105389112
W31128,-0.42173293,7.096389,8Mk,0.00546383415966281,0.006463452375312873,0.6455962720969031,0.1717263025372037,0.17075013883091858
W31129,-2.0927708,5.6256785,10GMP,0.012955191960630576,0.07104911115401319,0.7606579973979235,0.108814642402633,0.04652305708480082
W31130,-4.5987387,8.477653,15Mo,0.031643983007863696,0.01744240175769357,0.25823711392786236,0.659996080123051,0.0326804211835304
W31131,-7.335084,9.786362,16Neu,0.010873985747094698,0.0040298539790572605,0.060662508461555104,0.8688956545821784,0.05553799723011547
W31132,6.685638,5.7824955,4Ery,2.8588121828463924e-05,0.004652645189162754,0.007684879770666655,0.13024073753637003,0.857393149381973
W31133,-4.2535605,6.3367877,13Baso,0.02006851020516668,0.02058854194080681,0.40363221078224154,0.5193353605952208,0.03637537647656527
W31134,-2.219283,6.098724,17Neu,0.006292450741098659,0.08390380817229265,0.7680803200646357,0.12405470548238254,0.017668715539591453
W31136,8.229297,3.7720444,3Ery,4.43757494308917e-05,0.004891900646488841,0.0013573863175707264,0.13138948119835958,0.862316856088151
W31137,7.8272395,4.999436,2Ery,3.77623632741654e-05,0.00478218493731139,0.003011613042118156,0.13104143065127064,0.8611270090060267
W31138,6.768849,3.078549,3Ery,4.4875590344957644e-05,0.004863362645668058,0.00390013355347254,0.13115035046348206,0.8600412777470333
W31139,3.920943,5.29666,5Ery,0.00023446673523507474,0.00702779057893557,0.24836209033492815,0.09582757705653105,0.648548075294371
W31140,6.454656,3.6715126,3Ery,3.811252049915962e-05,0.0047041783709298925,0.011932568394079765,0.12999971400370786,0.8533254267107844
W31141,-5.7202544,7.0516257,13Baso,0.048192007136309944,0.01047223186644167,0.16423512374244345,0.7380802617047701,0.039020375550035895
W31142,8.118655,7.5247884,1Ery,3.2116410090632726e-05,0.00467872572566932,0.004818401672564127,0.13065783928778207,0.8598129169038947
W31143,9.050803,4.455307,3Ery,4.459058877221429e-05,0.004890322947398716,0.0010327340135428582,0.13140926535516412,0.8626230870951229
W31144,5.968749,3.3591366,6Ery,8.798067082440721e-05,0.004727231128806766,0.02477231193363428,0.12960059321518336,0.8408118830515522
W31145,-6.072276,9.8092,15Mo,0.01165600361466593,0.006041046698849782,0.10770062365758003,0.8260068948534949,0.048595431175410396
W31146,5.378461,4.4766626,3Ery,8.155570876499099e-06,0.004350624363251902,0.03400595452635164,0.12646138876490332,0.8351738767746176
W31147,8.22752,5.704415,3Ery,3.7873433771821584e-05,0.004781897239639374,0.003071397186703198,0.13102081015967096,0.8610880219802156
W31148,-8.334054,8.053911,14Mo,0.04272089281344693,0.0007030642422374759,0.04773127754365368,0.8563589870391515,0.052485778361511436
W31149,-2.7521448,3.7298682,19Lymph,0.00013969658326903214,0.7929351746279505,0.015545888509537207,0.12702190237877303,0.06435733790047128
W31150,-2.9810274,7.585816,12Baso,0.012881370621475756,0.016792397033792393,0.5079082565510947,0.39199277321203974,0.0704252025815984
W31151,8.70292,3.6804798,3Ery,4.64913531705521e-05,0.004927588613787635,0.0006089476382160204,0.13151143314517263,0.8629055392496541
W31152,-7.486655,7.5224233,14Mo,0.04468214109090739,0.0014492128352655796,0.07340396015880218,0.8329622273928917,0.04750245852213414
W31153,5.9150434,4.053491,6Ery,2.3670525456873368e-05,0.004542159100663483,0.019640794054752383,0.1286750045371738,0.8471183717819544
W31154,7.105807,4.6799912,4Ery,3.224416951105966e-05,0.004704884903961851,0.005946052282665716,0.13059294462359144,0.8587238740202708
W31155,-0.7433455,4.743268,7MEP,0.007031542465850043,0.062370502943176635,0.8333476793407899,0.019733075888730797,0.07751719936145361
W31156,8.395204,5.936741,2Ery,3.7275817796909135e-05,0.004766582426968345,0.0037215839053520716,0.13089883873693686,0.8605757191129468
W31157,-3.3646357,5.9576144,13Baso,0.019906343639071948,0.05523324265084984,0.5718597120891096,0.3215965614134017,0.03140414020756785
W31158,-7.4977517,9.826473,14Mo,0.010636207622043755,0.0034174941722378152,0.04788323346973328,0.8800896503672154,0.05797341436877067
W31159,4.726878,4.3733172,6Ery,1.215044078827375e-05,0.004125091444221407,0.073385746857552,0.12139324852998627,0.8010837627274531
W31160,-1.2114888,5.3994107,18Eos,0.01715705413297602,0.09352474886091706,0.7537502955093077,0.07882333042611561,0.056744571070684556
W31161,7.223895,5.6933665,4Ery,3.0380317060517788e-05,0.004676490008411151,0.007643318993469235,0.1302561500132035,0.8573936606678566
W31162,6.8714604,4.8542895,3Ery,2.8429897618398608e-05,0.0046453491650579656,0.007620748501677934,0.1303245400099634,0.8573809324256833
W31163,6.563403,5.0750494,3Ery,2.6651949041301376e-05,0.004635246799724539,0.013386677971637449,0.1294148702662216,0.852536553013376
W31164,-7.618788,7.8451877,14Mo,0.04352275895345134,0.0012711813118761552,0.07326459211834283,0.834041070505212,0.04790039711111874
W31165,8.439215,5.519137,2Ery,3.897571104861867e-05,0.004795184203363874,0.002715531985799375,0.13108216067162068,0.8613681474281685
W31166,-6.180852,7.211436,13Baso,0.04063573441035504,0.004267538835568457,0.1249933018136289,0.7885034161768895,0.041600008763559175
W31167,8.876543,5.7588716,2Ery,3.9500795125815515e-05,0.004800422236460911,0.002741697192280499,0.13107244761399517,0.8613459321621386
W31168,-9.124124,7.4622064,13Baso,0.06474570852985882,3.0064401244407585e-05,0.02896192822260056,0.8526483677547375,0.05361393109155977
W31169,-6.5899463,6.645201,13Baso,0.04624322302692177,0.004669232107313328,0.1315651347253006,0.7765949562313995,0.04092745390906584
W31170,-8.742626,8.173448,14Mo,0.04455202389969087,0.0006094284362980766,0.03476170480635329,0.8651086516572893,0.05496819120036954
W31171,-0.42331254,4.5307345,7MEP,0.003296981831134876,0.05261628870580751,0.8690446441872068,0.004564251970045705,0.07047783330580593
W31172,4.6910763,3.4499671,7MEP,9.381851784884637e-05,0.004299761567914602,0.07215218671825188,0.12378494822814248,0.7996692849678432
W31173,-0.43272984,5.0966415,7MEP,0.003800161224234412,0.05452834750157752,0.8463824331331954,0.01313376443942077,0.08215529370157287
W31174,-4.037222,5.916346,10GMP,0.026998429270554535,0.05464537858682061,0.44758321791207223,0.439065492091189,0.031707482139364626
W31175,-3.1104596,7.335657,12Baso,0.013107573504145313,0.016502060089877396,0.529734665272527,0.38490860640831204,0.05574709472513919
W31176,3.3129866,4.4364796,6Ery,0.0005924575987993381,0.007379975446112178,0.33097927178572023,0.0942275601233272,0.5668207350460421
W31177,4.770334,4.839007,5Ery,4.597830706422209e-05,0.004452429597056245,0.09347117327343799,0.11863538532800864,0.7833950334944338
W31178,5.1526136,5.212995,5Ery,4.404377036930211e-05,0.004584605176448243,0.06347286788560154,0.12262647098326399,0.8092720121843179
W31179,-6.902704,9.858998,14Mo,0.010479134205077642,0.004663821542991481,0.09967957151986082,0.8320310029758431,0.05314646975622794
W31180,7.4907575,5.547132,4Ery,3.1552579613086915e-05,0.004693259442968083,0.005432451321051628,0.13061794958751888,0.8592247870688492
W31181,-7.0057745,11.19231,16Neu,0.0020328192635152924,0.004118267935744997,0.03587324268596582,0.899165887860351,0.05880978225442386
W31182,-7.7878046,10.278083,16Neu,0.0072537984865293495,0.003121869655547134,0.022956758170006003,0.9057365381066127,0.0609310355813058
W31183,7.834867,3.6850026,3Ery,4.286243165794795e-05,0.004865036958309748,0.0022529965371404833,0.1312604950951032,0.8615786089777897
W31184,7.0833535,5.5468774,2Ery,3.080385457482553e-05,0.004681676139613724,0.006371546821304688,0.13046723389869144,0.8584487392858164
W31185,6.610882,5.8981333,6Ery,2.476378236579245e-05,0.004605089044962465,0.010707095504488012,0.1297336233970913,0.8549294282710934
W31186,-6.321574,6.243715,13Baso,0.05593418973813321,0.00794547706170093,0.1613757783826409,0.7347267591584902,0.040017795659035724
W31187,-4.7218065,6.0698895,13Baso,0.026573737982762826,0.019538063337267386,0.36411190760366735,0.5490958677696061,0.040680423306697355
W31188,-3.4964306,6.246165,10GMP,0.024177797473242925,0.027563102433096332,0.49054088184641625,0.4193104072988441,0.03840781094840141
W31189,-6.9072967,9.758239,14Mo,0.009981110950506472,0.004638546569584923,0.08768301431954202,0.8453049816594238,0.05239234650094385
W31190,5.6891356,5.8354936,5Ery,1.0490717239690655e-05,0.004420533553469555,0.02335774004041997,0.12780780568029385,0.8444034300085779
W31191,0.08362714,4.468735,7MEP,0.0028592953692513955,0.04273229481190354,0.8462975466402042,0.00435079932900981,0.103760063849632
W31192,0.22372517,5.430943,7MEP,0.003115657288013845,0.04111230834895194,0.8311519642645665,0.018738501397530957,0.10588156870093769
W31193,7.3735237,4.730391,5Ery,3.590367270366934e-05,0.0047611934935566785,0.004171105864435221,0.1308812078821329,0.8601505890871725
W31194,4.3655915,4.8688145,6Ery,0.0002341510901215728,0.005304991272147781,0.17241903372178183,0.1103767782452308,0.711665045670719
W31195,8.776019,5.5844355,2Ery,4.026620219847049e-05,0.004813429033346541,0.00237671853440329,0.13113956112693717,0.8616300251031155
W31196,3.1143901,5.1856966,10GMP,0.0022127254652832737,0.008370704733246945,0.44246528560961246,0.11972569538402031,0.427225588807838
W31197,-4.2914557,6.22651,10GMP,0.02029172385005217,0.015751979812461653,0.4106637638755793,0.4731879637739629,0.08010456868794505
W31198,7.86488,5.681798,2Ery,3.3830414095527914e-05,0.004718686868270686,0.004112608478934662,0.13082463690199508,0.8603102373367051
W31199,-1.1155785,4.5420365,7MEP,0.004390300376193947,0.07689949721053176,0.8483203613941254,0.034082711630162146,0.03630712938898773
W31200,3.6927958,4.716976,6Ery,0.0006737743253980814,0.005777771701841754,0.26617936443653045,0.10843651667353989,0.6189325728626909
W31201,0.6363948,4.744288,7MEP,0.0026900018777000225,0.042401316773093695,0.7980357999542792,0.013977618665756598,0.14289526272917147
W31202,-6.583789,7.7894077,14Mo,0.03334490192860174,0.0038342598110064304,0.1212561036174887,0.7969560178351597,0.04460871680774446
W31203,-5.3342667,8.885079,16Neu,0.025562840196905405,0.007879290483058203,0.1484059489951154,0.7771936781793788,0.0409582421455433
W31204,-4.1332955,5.768752,10GMP,0.02557923710418242,0.04326918747375565,0.47600066786853706,0.4207379292263063,0.034412978327219484
W31205,5.5675316,5.7888193,3Ery,1.2561198250719695e-05,0.004434246580568441,0.027544873815258643,0.12719210545047188,0.8408162129554514
W31206,8.526059,3.2985451,3Ery,4.7268141484576586e-05,0.004940459953748872,0.0004718755902314393,0.13154975729402626,0.8629906390205098
W31207,-7.687627,7.9795933,13Baso,0.05137471559768921,0.0009752207355105046,0.060032602593789904,0.8386935384864312,0.04892392258658019
W31209,8.931653,5.9454117,1Ery,4.050845096321419e-05,0.004817062349912823,0.002130662820978197,0.13118080093794304,0.8618309654402038
W31210,-5.8293824,8.87446,14Mo,0.03035077505938755,0.004659606072491645,0.12233463476279627,0.8009122201394273,0.04174276396589824
W31211,-7.1839247,8.513858,15Mo,0.03640676880854085,0.001867156023929726,0.07755971268356128,0.8367959382326189,0.047370424251350234
W31212,6.6068754,6.982534,2Ery,2.2618846623288564e-05,0.004560978643031207,0.008874577041846058,0.12997926154427406,0.8565625639242264
W31213,2.5148087,5.308216,5Ery,0.0007964413635226747,0.01247612930690597,0.459307447331854,0.06724086273600291,0.46017911926171545
W31214,7.4498653,7.474091,2Ery,2.8058985093449017e-05,0.0046266383617550085,0.0065398578607729005,0.13035991587962348,0.8584455289127562
W31215,3.8586366,5.4305196,5Ery,0.0002826864109218497,0.007094497734912639,0.2822733649637821,0.09196748765100456,0.6183819632393799
W31217,7.955603,3.8850405,3Ery,4.2541728631494615e-05,0.004862591661953228,0.0018813118173368123,0.13129339184849181,0.8619201629435875
W31218,-6.013776,8.6976,14Mo,0.03182907834616785,0.004176178758329766,0.1150594970432462,0.8057430036496752,0.04319224220258193
W31219,-4.7301393,5.846579,10GMP,0.03677013605217151,0.03204480820280972,0.38694079757053573,0.5083818916031945,0.03586236657128961
W31220,7.534758,7.0543485,2Ery,3.0036549075947593e-05,0.004658048124768556,0.005731545483201258,0.13051238148574523,0.85906798835721
W31221,-0.20238236,4.331738,7MEP,0.003497963542307204,0.05919689591080619,0.8592435970340653,0.002168339996247534,0.07589320351657468
W31222,7.200543,4.4488006,4Ery,3.690675098760984e-05,0.004778379454058096,0.003927814067896251,0.13092838909752014,0.860328510629539
W31223,-4.0981097,5.9837403,9GMP,0.015454710654630784,0.009218482173377613,0.43719010673935704,0.42203355190738095,0.11610314852525457
W31224,0.10845386,5.7396417,7MEP,0.0031593423874796242,0.03523829769439438,0.8181902664716764,0.03315499179624198,0.11025710165020856
W31225,6.9955974,6.848842,3Ery,2.940689350474129e-05,0.004657503502630169,0.008335385142186645,0.13010255204346435,0.8568751524182151
W31226,-6.2619967,10.882542,16Neu,0.0021258078863058373,0.005751195367684954,0.08313367590488233,0.8554750604327019,0.053514260408425975
W31227,-4.593146,2.4399097,11DC,0.8388833234544523,0.029527250178226425,0.004206001680610801,0.12736263287298125,2.0791813730335706e-05
W31228,-1.8898668,6.424313,10GMP,0.025411987185984617,0.05049856621280068,0.7252342596435649,0.14860648665110837,0.05024870030654234
W31229,4.6131706,3.7135854,6Ery,0.00011712611714779352,0.004640909520491677,0.10092981160773533,0.11948793689780852,0.7748242158568176
W31230,3.71109,5.1600027,3Ery,0.00034314539676258936,0.005534997375614234,0.23577639060058064,0.10362023606420127,0.6547252305628424
W31231,6.5778017,7.0445576,2Ery,8.036956015702283e-05,0.005250108366565425,0.03909874927947305,0.1251435194253745,0.8304272533684309
W31232,7.3097353,5.501037,5Ery,3.1104927111683816e-05,0.004682641800403587,0.005336662600628153,0.13063284056406702,0.8593167501077906
W31233,5.319697,6.7736597,2Ery,0.00010433624130915159,0.00543128459400147,0.06594904686613479,0.1208393611288051,0.8076759711697504
W31234,7.9342985,6.397823,2Ery,3.153322223463383e-05,0.004683648315091859,0.005653950244697482,0.13054855246684421,0.8590823157511328
W31236,5.3737106,6.6324277,5Ery,1.42965129551925e-05,0.004476867811613484,0.036056072371606115,0.12568195227499124,0.8337708110288349
W31237,-6.083748,7.9982724,14Mo,0.039649863432944916,0.005023374126697237,0.13106925100480973,0.784379740252718,0.03987777118283123
W31238,5.9984684,4.0964994,5Ery,2.862686150733948e-05,0.004560970122523285,0.023513872759937094,0.1282418677820372,0.843654662473996
W31239,-6.6491537,8.088634,14Mo,0.036190044870755195,0.0026741425573245897,0.0960128951676857,0.8199605857234461,0.04516233168078945
W31240,6.061717,3.7745166,3Ery,3.233666448318352e-05,0.00462095398574869,0.014420469810437448,0.1296234014634489,0.8513028380758828
W31241,6.3900504,6.750216,2Ery,2.4354529730249508e-05,0.004593508063559231,0.01295689303796825,0.12933847368824872,0.8530867706804945
W31242,-4.9375734,10.511647,16Neu,0.006969981906037749,0.009684607656113186,0.16281349689966615,0.7761822243052685,0.04434968923291532
W31243,8.687581,6.5254617,2Ery,4.0160616327674865e-05,0.004793537221735457,0.005498815102790192,0.13059660577251755,0.85907088128663
W31244,-3.0432088,6.8876266,13Baso,0.02816925678419499,0.05384089031425202,0.6265326271396394,0.26311990888541503,0.028337316876499558
W31245,-5.23218,10.537728,16Neu,0.005563473512532072,0.006387929972055856,0.10594110037982349,0.8328501139622869,0.049257382173302576
W31246,7.060069,7.497469,2Ery,2.610693489663676e-05,0.004603833218136064,0.00814592916283801,0.13008966243389222,0.857134468250238
W31247,8.82626,5.5685496,3Ery,3.9469902407538e-05,0.004800400809974409,0.0026198173882021653,0.13109424693430743,0.8614460649651094
W31248,7.534723,3.469337,3Ery,4.413274808701669e-05,0.004887826969007977,0.00181570737036512,0.131338482875636,0.8619138500369049
W31249,-6.021461,7.556961,14Mo,0.04121376863317211,0.00580632935471516,0.1358470902730319,0.7775797922511002,0.03955301948798175
W31250,5.8841777,6.563425,5Ery,2.7118941148626524e-05,0.004664158613669184,0.032299294933831414,0.1263606877476714,0.8366487397636803
W31251,-6.9069767,11.5337105,16Neu,0.0009049884978592588,0.004099408940343103,0.035550247443861524,0.90077783511309,0.05866752000484721
W31252,-6.158548,8.150014,14Mo,0.03739771258635965,0.004137924505899186,0.12619988892802472,0.7915226700558359,0.04074180392388145
W31253,-3.4380953,7.8133545,14Mo,0.0241976160962808,0.03570799083505826,0.5003823840295648,0.41604829711850033,0.023663711920596832
W31254,-8.61359,7.386631,13Baso,0.07383515234682349,0.0005138678043640078,0.04135025087227024,0.8339885243537297,0.0503122046228136
W31255,7.7250595,5.2818217,3Ery,3.645940835068658e-05,0.004759481792215623,0.0034018750813691757,0.13096428032167612,0.8608379033963894
W31256,-5.1962247,8.498979,14Mo,0.029831929463822,0.009836847415522692,0.18044206467956858,0.7420755436370146,0.037813614804073296
W31257,0.316784,4.6810546,7MEP,0.003012249230674282,0.0468643664959367,0.829608273624838,0.007225475225952391,0.11328963542259961
W31259,-6.248795,7.1067553,14Mo,0.027581686681249117,0.007121234017923944,0.20538435980211192,0.7178318870892295,0.04208083240948644
W31260,-2.9334772,6.9361405,10GMP,0.04427242436608876,0.05150508063137418,0.6077495591530188,0.2683581999270409,0.028114735922478283
W31262,3.8928912,6.307788,2Ery,0.00011236383838103352,0.005856242106018375,0.17277577459139937,0.10540069875505922,0.715854920709143
W31263,-3.3753717,7.3688393,14Mo,0.021335952085765508,0.03273807823828502,0.511156203423079,0.4059034408290841,0.02886632542378739
W31264,-4.4747286,9.068005,15Mo,0.020570515878853345,0.016795794514283358,0.24939163437866763,0.6777393282104534,0.0355027270177434
W31265,-6.897299,7.894335,14Mo,0.03934308049972865,0.0030052752213070785,0.09984004070134213,0.8130690323684747,0.04474257120914844
W31266,-6.932581,11.1018095,16Neu,0.0016704454480660175,0.00410099219509185,0.03707274029970553,0.8984352376311663,0.05872058442597141
W31267,-2.4566905,5.690261,10GMP,0.016522574149493673,0.08127645134568448,0.6972120420787848,0.16372281798625338,0.041266114439784514
W31268,-0.94226265,4.599181,7MEP,0.004566032298435113,0.0928228059677679,0.8289309313533205,0.02035926707868478,0.05332096330179264
W31269,3.818592,6.178908,5Ery,0.0002730592059475534,0.007558420737018633,0.2424509657221939,0.09553142349987107,0.6541861308349698
W31270,-5.7481785,11.292136,16Neu,0.0031962320009520577,0.004630595230429914,0.06309614974823385,0.8751061828665855,0.05397084015379972
W31271,5.4218407,7.0031533,2Ery,4.553505538393218e-05,0.0048505549796355844,0.048890499248630336,0.12370555395091311,0.822507856765438
W31272,-5.6267095,10.168095,16Neu,0.0072106172018279995,0.008184586109023834,0.13810931395983506,0.7992811230580811,0.047214359671233046
W31273,-5.5009785,9.695501,14Mo,0.01260890303229931,0.008812241089951161,0.17207890717091154,0.763017730509,0.04348221819783897
W31274,-4.3513703,6.6779017,10GMP,0.023032939797414973,0.02287979888747612,0.41688395164120334,0.49751105806886786,0.03969225160503872
W31275,-5.9793415,11.077106,16Neu,0.0016267300567712677,0.005256637918740009,0.06561677900276752,0.8728065196138131,0.0546933334079091
W31276,-0.3313447,5.565086,8Mk,0.004394952489177206,0.049137874143094985,0.8324740170569324,0.022229602616530866,0.09176355369426555
W31277,0.40562698,4.335606,7MEP,0.0030755230367766843,0.042906669933340344,0.8248077905011841,0.00886322766401224,0.12034678886468757
W31278,-6.8320413,7.5471554,14Mo,0.038765403337885224,0.003986606277862908,0.11276698998369503,0.8010992981484933,0.04338170225206442
W31279,0.10151079,5.3775845,7MEP,0.0031719828155483873,0.041678890922733296,0.8416765093133435,0.017800854419619306,0.09567176252875645
W31280,6.879241,6.3392053,2Ery,2.852816266587389e-05,0.004643234731383374,0.00784064646039118,0.13018405596978436,0.8573035346757761
W31281,-6.606892,7.471148,14Mo,0.046259764270161444,0.0028900761050258345,0.09978622014248922,0.8079688818510888,0.04309505763123558
W31282,-3.7758138,7.631547,14Mo,0.027607062749179023,0.0471714418288163,0.4590687064700487,0.43408266385798633,0.03207012509397062
W31283,6.1814537,6.0008907,4Ery,2.5713384237884392e-05,0.004622343024788584,0.016908753277295897,0.12875402650355425,0.8496891638101244
W31284,4.742543,6.1586623,5Ery,3.571311362465703e-05,0.004727049985929009,0.08743060863416026,0.11838386077283157,0.7894227674934555
W31285,-3.9721773,8.020278,14Mo,0.0274358709160943,0.03203435490745648,0.36766387982884113,0.5436258132356002,0.029240081112008834
W31286,-3.9922996,8.096142,14Mo,0.027728925250057622,0.02122033269730154,0.32890686415804027,0.5938659400889676,0.028277937805634056
W31287,-0.5974041,6.192097,10GMP,0.004786017589847527,0.03478877398984963,0.8118736287548379,0.06462545586830212,0.0839261237971637
W31288,0.7996437,4.7628675,6Ery,0.0023144593407657607,0.03417266779756888,0.779535132207068,0.01549251485355219,0.16848522580104602
W31289,5.3717055,5.8472238,5Ery,2.270291843413268e-05,0.004581985643401277,0.05445823805662477,0.12324572742044929,0.8176913459610914
W31290,-5.7215133,8.28938,14Mo,0.03241654754041799,0.0068869830596708,0.14972148928687956,0.7712594556586498,0.03971552445438295
W31291,8.511718,4.024507,3Ery,4.393310081096286e-05,0.004882225689630669,0.0012505594185669583,0.13138112426130566,0.8624421575296867
W31292,5.468979,4.3052273,5Ery,1.4521455247629401e-05,0.004426364040246632,0.03064130840220049,0.12702369157663732,0.8378941145256689
W31293,-7.3291965,8.902886,15Mo,0.02502517381690243,0.002682425103515817,0.0768595673065022,0.8447838280774813,0.05064900569559924
W31294,5.485282,6.029569,5Ery,8.196317527686152e-06,0.004396243675069451,0.025643120670563912,0.12742860881632592,0.842523830520514
W31295,-5.4887476,8.612965,14Mo,0.031147525201339298,0.007234178287099049,0.15157746938934577,0.7712509312875802,0.03878989583463672
W31296,-6.1507134,9.163359,16Neu,0.028799844260769206,0.003923426146390881,0.11198034420228539,0.8120176554019014,0.04327872998865403
W31297,-0.80641735,5.292503,8Mk,0.008862625310237527,0.05652023410212031,0.8516401431372028,0.016127058617611486,0.06684993883282869
W31298,9.115197,4.43004,3Ery,4.443866820856899e-05,0.004887120087467369,0.0010138103784432541,0.13141047736909228,0.8626441534967895
W31299,-7.8723097,8.7765045,14Mo,0.022363018522143605,0.0030358317095721663,0.09268579341810337,0.8260271170265288,0.05588823932365314
W31300,-0.91828823,4.7729807,12Baso,0.004229936524300467,0.0682922474169706,0.8570116903202696,0.01626202138862012,0.054204104349840194
W31301,-7.6433434,8.224742,14Mo,0.025352199617815842,0.00364463437537846,0.14370963398315642,0.7731330463151476,0.05416048570850274
W31302,8.661044,3.2262049,3Ery,4.729584890332288e-05,0.004941267532395053,0.00041974344528749604,0.1315554415138237,0.8630362516595914
W31303,4.0408716,4.940801,5Ery,0.00025463807785238693,0.005886036368987366,0.23621130130441897,0.1003205681607513,0.657327456087991
W31305,-3.406898,7.795356,16Neu,0.02436282553135988,0.03638380098383544,0.48523634340120847,0.42969248947694094,0.02432454060665619
W31306,-8.328582,10.008635,15Mo,0.00785532587536436,0.003099049204356916,0.013831927921965866,0.9115308397443914,0.0636828572539224
W31307,-7.6293297,7.436349,13Baso,0.05474560139031041,0.0009376133403599346,0.06639518193729514,0.8305210107848439,0.04740059254719167
W31309,6.667664,5.11794,5Ery,2.7825872436501808e-05,0.004635184008816782,0.008414857308835138,0.13019475604270728,0.8567273767672053
W31310,8.383248,3.0805888,3Ery,4.794320333720418e-05,0.00495321769643349,0.00036410285761222916,0.13158329804342603,0.863051438199192
W31311,-5.043832,6.908363,13Baso,0.035854067524546285,0.022040374241595075,0.27286860718453365,0.6354089144824382,0.033828036566887786
W31312,-2.1264508,7.1271152,12Baso,0.008396122998121694,0.026964575180386176,0.6791031711390068,0.2273138786684079,0.05822225201407845
W31313,-0.67308885,5.180282,8Mk,0.004785215366619467,0.05503890342817345,0.8648909223091389,0.013252276450882661,0.06203268244518647
W31314,-0.024969006,6.7633767,7MEP,0.004583417708242138,0.021221861027347095,0.6953433077942032,0.12070491924660465,0.15814649422360388
W31315,4.1758404,4.297141,6Ery,0.00015069044927867355,0.004503296025667095,0.1398903494839603,0.11485304627381256,0.7406026177672823
W31316,8.038893,5.9081883,2Ery,3.5819471856435805e-05,0.004746262999329013,0.003869440826540787,0.13086816614400215,0.8604803105582727
W31317,9.138056,3.8143394,3Ery,4.590180131612886e-05,0.004913720181569984,0.000656166879866595,0.13148764928855355,0.8628965618486948
W31318,8.681322,4.464376,3Ery,4.329271746333945e-05,0.00487217492880579,0.0014553305699637612,0.13133841226367884,0.8622907895200892
W31319,-7.657315,8.831456,15Mo,0.031127845067434545,0.0019724256042106944,0.06726339433117746,0.8490831213445952,0.05055321365258316
W31321,4.456927,3.6593604,3Ery,0.000156253846536389,0.004947315708212401,0.13743849027345797,0.11464252347475538,0.7428154166970389
W31322,7.1391096,4.513862,3Ery,3.443535424224054e-05,0.004721844436213688,0.0072526512794411245,0.1304619243993376,0.8575291445307663
W31323,6.2097096,3.5804744,3Ery,3.925490431726346e-05,0.004718976043757843,0.01023679793620497,0.13028135694637855,0.8547236141693424
W31324,0.62089634,6.310852,8Mk,0.0032194033910474067,0.02248876558142048,0.6903562377090731,0.08138474521083604,0.20255084810762392
W31325,7.0264645,6.250723,2Ery,2.661378977058006e-05,0.004618605781233623,0.007379814464853256,0.13025843249492067,0.8577165334692228
W31326,8.445577,5.28545,2Ery,3.765770950702671e-05,0.0047767439069407395,0.003061717864070509,0.13102427742857492,0.8610996030909077
W31327,-7.9408283,8.706441,14Mo,0.028795983299069034,0.0019294802067440354,0.06368707251105518,0.852553048889921,0.05303441509321177
W31328,6.8419676,4.275044,3Ery,3.3692135185916364e-05,0.0047228251129643305,0.007175274742944134,0.1304582017889165,0.8576100062199902
W31329,-8.705162,8.708712,15Mo,0.031611516814836316,0.001275040006514609,0.03131034736287914,0.8773325733703531,0.05847052244541789
W31330,-7.921681,8.148488,14Mo,0.03520522095382909,0.0016389062256438336,0.07013884485785564,0.8423216015060606,0.05069542645661192
W31331,0.59174377,4.7835345,7MEP,0.0023775063921904144,0.04071538687784674,0.7989501472547869,0.012271344172728469,0.1456856153024485
W31332,-4.8534126,9.599878,15Mo,0.014439996242476699,0.01321104524335869,0.19725853351933378,0.733364146935803,0.04172627805902883
W31333,6.9644694,4.9322586,3Ery,3.110724925647244e-05,0.004692424980861782,0.006221985400000504,0.13051618729055958,0.8585382950793226
W31334,6.899088,5.529348,3Ery,2.765839119505733e-05,0.004649096227416865,0.012330069150709687,0.12952844179672543,0.853464734433954
W31335,-4.004297,7.8145757,13Baso,0.017823463640836375,0.021647921892729734,0.3396338625832876,0.5797375803016844,0.04115717158146284
W31336,-8.7603655,8.858503,15Mo,0.030789806499736252,0.001243045128706978,0.02475674997004483,0.8846049312693247,0.058605467132188255
W31337,8.495904,4.1211276,3Ery,4.41897954866081e-05,0.004886959236006251,0.0012487884054171309,0.1313818875414803,0.8624381750216106
W31338,-8.377621,9.016525,15Mo,0.024797920349507268,0.0017157379087110484,0.03484179411623408,0.8809215130696207,0.05772303455592791
W31339,-7.7679543,7.448685,13Baso,0.0493721358496952,0.0011088179817328075,0.06594448703692109,0.8351181709228201,0.04845638820883191
W31340,5.5335836,3.9626744,3Ery,4.6609473693105235e-05,0.004598342803980518,0.03082473036934833,0.12763540323368008,0.836894914119299
W31341,-6.448397,9.6318655,15Mo,0.014849173863229466,0.005181992456519563,0.09435781161703112,0.8348064437852017,0.0508045782780191
W31342,-8.047958,10.243289,15Mo,0.0070969254100642296,0.0031303571364430303,0.014541020315162342,0.9123789795729049,0.06285271756542654
W31343,-9.1610985,7.7366304,13Baso,0.06464876874951457,0.00014217132101639518,0.028429877693455955,0.853035859056136,0.05374332317987818
W31344,-3.0457592,4.5507903,19Lymph,0.002444890239441202,0.6775027703691149,0.11073413494233604,0.1476739384424799,0.061644266006628985
W31345,6.2928877,4.1796255,4Ery,2.824198295006018e-05,0.004642245648034893,0.012874869263372087,0.12960107841794258,0.8528535646877013
W31346,6.911158,4.6481895,3Ery,3.12451137793213e-05,0.00468566870550664,0.006969888646986977,0.1304504711865431,0.857862726347185
W31347,-6.338546,7.8014836,14Mo,0.03407869929841285,0.005449929504131786,0.1500707848443795,0.7697806289262243,0.04061995742685252
W31348,7.2015305,5.252429,4Ery,2.9589736106293098e-05,0.004667771375265459,0.0066937165398458,0.13042859620092417,0.8581803261478592
W31349,3.1149566,5.319823,6Ery,0.0006754675095416489,0.008512451242338922,0.35143989893329897,0.08841432454867393,0.5509578577661475
W31350,-8.196431,11.014519,16Neu,0.0030728235888285342,0.0033822380661503487,0.0025975129224495587,0.9260143395324175,0.06493308589015509
W31351,-8.600605,7.9374843,14Mo,0.046508821814921386,0.0005290289900306222,0.0439920308324743,0.8563879757922299,0.052582142570344846
W31353,8.578993,5.888066,3Ery,3.7087905382928716e-05,0.004767046192649211,0.003179857236612922,0.13099157103906192,0.861024437626294
W31354,-1.7574196,6.2755327,17Neu,0.004515311217424892,0.05134518776980582,0.8288453367508508,0.11176003131877338,0.0035341329431459677
W31355,-7.533683,8.556509,15Mo,0.031110941470303237,0.0018760451000728782,0.06650703458752995,0.849834524586597,0.050671454255497794
W31356,5.5798154,5.119098,4Ery,1.628735909660678e-05,0.0044994325593573775,0.032959114203424913,0.12645715260625803,0.836068013271864
W31357,8.085135,3.6755073,3Ery,4.469989829018967e-05,0.004895902488811069,0.0012504125770243907,0.13141017912068528,0.86239880591519
W31358,2.8152795,5.273638,6Ery,0.0005147484581478095,0.009389624767506842,0.4205446425835385,0.07359583458135681,0.495955149609451
W31359,-6.5830073,8.325587,14Mo,0.03161846171394883,0.004067382226259468,0.12280193608253956,0.7981335193257174,0.04337870065153569
W31360,6.989852,2.775784,3Ery,4.8073065122900154e-05,0.0049133132914004896,0.002675880234048067,0.13135559889089696,0.8610071345185325
W31361,-5.2915115,9.522899,16Neu,0.015577324241250468,0.008154938705803944,0.13214997139307177,0.7990079973194153,0.045109768340459454
W31362,-7.653389,7.628838,14Mo,0.05259337066708466,0.0006946140958499754,0.06451067079721386,0.8345346914667509,0.04766665297310158
W31363,-6.972907,10.306787,15Mo,0.00620284492351425,0.004000356892239788,0.05403336942135971,0.8798339977252291,0.055929431037658066
W31364,1.4155152,5.615716,7MEP,0.0014491525458408012,0.021655052139519133,0.6875758814302482,0.03691923339977751,0.2524006804846154
W31365,-5.7703314,6.4553156,13Baso,0.040558338351633735,0.009671406433596623,0.202521522692392,0.7098967766924749,0.0373519558299038
W31366,-5.4871144,9.669698,15Mo,0.011471014947411757,0.008824832710306284,0.17532644174354428,0.7594215596055536,0.04495615099318499
W31367,-8.116472,7.343806,14Mo,0.06238560358334484,0.0003873746911964551,0.05277891012244942,0.8356075115088606,0.04884060009414981
W31368,8.260337,3.7752762,3Ery,4.39692341514487e-05,0.004886462699358288,0.0016488138895704974,0.13133435664387974,0.8620863975330411
W31369,6.724791,6.603598,2Ery,3.47433557281685e-05,0.004723855051512732,0.017488448529662522,0.12862546967765137,0.8491274833854462
W31370,7.8743534,5.2301164,2Ery,3.812918312539988e-05,0.004785751906195588,0.002804148570114527,0.13107052438569894,0.8613014459548667
W31371,-7.7596703,8.704549,14Mo,0.026134319695636045,0.002696921420627066,0.09200129066842659,0.8267033089381375,0.05246415927717382
W31372,8.77646,5.6463284,2Ery,3.960807052941811e-05,0.0048039191532316325,0.0026863823643378188,0.13108582075992095,0.8613842696519812
W31373,-7.8944435,8.518277,13Baso,0.024424045457421013,0.004441630959443885,0.16504323718791994,0.7504983686043715,0.05559271779084464
W31374,7.890264,5.3823185,2Ery,3.43919936549183e-05,0.004730957555128052,0.004075197904260626,0.13084902126481343,0.8603104312821439
W31375,6.8760977,3.816393,3Ery,3.5979002530312896e-05,0.004729932670153339,0.006647950239621418,0.13063432673127848,0.8579518113564174
W31376,-4.0952134,6.279497,13Baso,0.020438443479941486,0.016625552409236608,0.45026218257801526,0.45704138168645264,0.055632439846354895
W31377,-0.9456432,5.954358,12Baso,0.0061885797664061526,0.04707266853100633,0.7964599670581356,0.07014508262453292,0.08013370201991989
W31378,6.979105,6.4758935,2Ery,2.818902718433677e-05,0.004637112050837676,0.0066638105343544704,0.13036725752244493,0.8583036308651795
W31379,-3.4583957,6.073271,10GMP,0.01918299451189241,0.031241757414628354,0.5425304372342981,0.36932886008733606,0.037715950751846146
W31380,5.0816374,5.9284935,5Ery,2.236837711264756e-05,0.0045260032021711225,0.06127313940822946,0.12229989960683023,0.8118785894056576
W31381,-6.3558574,6.962519,13Baso,0.054894172722996445,0.0054378250445612595,0.12704830793757424,0.7724673900948481,0.040152304200020916
W31382,6.7633624,4.344008,3Ery,3.2093144909701e-05,0.004701640301554525,0.007052980710280643,0.1304572009408599,0.8577560849023963
W31383,-3.1539729,6.0628285,9GMP,0.021477453401122455,0.04893835355117962,0.6141514272697858,0.28662822429713175,0.02880454148078137
W31386,-7.1394296,10.193412,15Mo,0.006616149461139927,0.0035887075803826894,0.04129084724254963,0.890707431747683,0.05779686396824568
W31387,7.8500056,5.841158,2Ery,3.4030752691505726e-05,0.004718568549933405,0.0040610063022379975,0.13082455307361746,0.8603618413215205
W31388,-2.6111088,6.18266,10GMP,0.020068762546591262,0.06220439526735401,0.7033278277384709,0.18665507470159237,0.02774393974599238
W31389,5.9752893,5.1990595,5Ery,1.7132244527913442e-05,0.004498950826711551,0.017301590589652582,0.12881555888392054,0.8493667674551884
W31390,5.429587,5.4055696,5Ery,1.8237121878657132e-05,0.004471964276914371,0.03711546449328545,0.12597617810051354,0.832418156007409
W31391,7.814388,7.0397205,2Ery,3.182519555165863e-05,0.004680189590161278,0.005039763099041977,0.13063265920217387,0.8596155629130722
W31392,-4.487215,7.6164355,14Mo,0.028557949029147187,0.016596320440094934,0.27715624996562305,0.6450237236063778,0.032665756958758
W31393,-4.714574,7.1082683,13Baso,0.03809667554609449,0.028845582581816305,0.2994091978578636,0.6016448772971322,0.03200366671709438
W31394,7.651481,6.378571,2Ery,3.3321800564676774e-05,0.004709963253701953,0.00508421943403079,0.13065148066918467,0.859521014842519
W31395,-7.2779546,7.6242185,14Mo,0.03662368548985382,0.0022265747566432214,0.08949117471530003,0.8241584387918266,0.04750012624637737
W31396,-6.0194345,10.520669,16Neu,0.003703569777109092,0.004795114261892028,0.06787336899832337,0.8698437877284034,0.05378415923427313
W31397,-1.4923825,5.314934,12Baso,0.011038955116044729,0.09081622595205624,0.8124591608225592,0.05042264647979154,0.035263011629549236
W31398,-6.192528,7.805163,14Mo,0.0371328762030652,0.004062953704236812,0.12251299197397426,0.7946502898017835,0.0416408883169412
W31399,-4.5750947,7.823456,14Mo,0.07689236048854428,0.029391388371231328,0.25365078662142587,0.6097424607889775,0.03032300372982196
W31401,7.6268115,5.6295495,3Ery,3.318495825711394e-05,0.004712185223915491,0.004749671622472886,0.13072862263940171,0.8597763355559538
W31402,-5.198767,7.811311,14Mo,0.03613728965664736,0.010969517474346916,0.1916576008775161,0.7247618812136666,0.03647371077782402
W31403,-5.94453,6.2227473,13Baso,0.04166745974272693,0.008766149773510283,0.1857538048869674,0.723986456837324,0.039826128759472425
W31405,-3.2695227,7.0727835,12Baso,0.019577946581583492,0.03425324385914426,0.5790327774947616,0.33539679010963613,0.031739241954875555
W31406,4.9724784,5.721441,5Ery,2.1753356954350785e-05,0.0044987006010868994,0.05891813313694305,0.12273348592130985,0.8138279269837069
W31407,-1.2318679,5.4429812,10GMP,0.008169140455548361,0.06283260411583358,0.8315569346426558,0.03961106190496635,0.05783025888099681
W31409,-4.5576987,7.719601,14Mo,0.03488280829800403,0.01603899264865945,0.23272408889048093,0.6833249809525085,0.03302912921034805
W31410,5.1754208,5.1388083,4Ery,1.921643082944813e-05,0.004482454965374696,0.044078865151845524,0.1250091709839811,0.8264102924679702
W31411,-5.823014,9.355245,15Mo,0.023461255119393225,0.004851182771898623,0.11452939768823449,0.8133127211211663,0.043845443299308326
W31412,-4.9332056,2.5259058,11DC,0.8238100083392281,0.023200295696210835,0.00030686293836165387,0.15152844547221483,0.0011543875539854961
W31413,6.7080193,3.2447116,3Ery,4.2958996450078176e-05,0.004831585149058899,0.004898480773913515,0.13099200703529637,0.8592349680452822
W31414,6.4409733,4.4141755,4Ery,3.250153394029928e-05,0.004693777715888133,0.011537104033783802,0.12979851646132487,0.8539381002550639
W31415,4.500155,5.657457,4Ery,7.277991781774608e-05,0.00512498477697904,0.13447792780576825,0.1117661753205352,0.7485581321789008
W31416,6.1840596,4.7605243,4Ery,2.339392179306651e-05,0.004583273970030701,0.010111302504980366,0.12992461272542796,0.855357416877769
W31418,7.0687366,5.5492635,4Ery,2.936222027945303e-05,0.004660223801086722,0.006718040453855075,0.13039801429650627,0.8581943592282736
W31419,4.699251,6.2007957,5Ery,7.032221478799576e-05,0.005163198219097973,0.10251239216569055,0.1156144032177273,0.7766396841826971
W31420,8.281961,7.349485,1Ery,3.313731220745467e-05,0.004695164144508763,0.004295464851126896,0.13075414806202404,0.8602220856301338
W31421,-7.4257913,11.282601,16Neu,0.001993313473620405,0.0037591537431281557,0.021641615288101743,0.9113710077347904,0.061234909760360376
W31422,-6.9306316,8.244937,14Mo,0.03874144080010288,0.00221831467625478,0.08786321138547791,0.825394781820188,0.045782251317977404
W31423,7.8535748,6.5189466,2Ery,3.241883916094916e-05,0.004695286926677593,0.004688652812379334,0.13071120958272428,0.8598724318390588
W31424,5.342258,4.933967,5Ery,2.123900427260454e-05,0.0044516021096361,0.02830312355394778,0.1274630726740593,0.8397609626580852
W31425,-5.858436,10.392793,15Mo,0.0052850402505879536,0.005483234649889296,0.08173328182263172,0.8552260081950891,0.05227243508180294
W31426,5.586513,4.312015,5Ery,3.516121656492663e-05,0.004414113754553736,0.03338467390142849,0.1272879017454906,0.8348781493819633
W31427,5.604319,6.7775655,2Ery,1.2886064293878433e-05,0.004446780011585928,0.01731663697671995,0.1286246773954557,0.8495990195519455
W31428,5.4530535,5.4278383,5Ery,9.358482956593992e-06,0.004400432493092113,0.03234842925580954,0.12647215801609688,0.8367696217520458
W31429,7.656668,7.547634,1Ery,3.174853994940092e-05,0.0046729420175272,0.006428547098129643,0.13038888990296857,0.8584778724414261
W31430,-0.23478436,4.8183103,7MEP,0.002950823622713014,0.05185131261294992,0.8679334629920477,0.005627369184002091,0.0716370315882883
W31431,5.8470984,6.9946647,2Ery,3.606989762694214e-05,0.00472988508407319,0.02703302042815804,0.12705732803834596,0.8411436965517968
W31432,-5.8723903,9.189902,14Mo,0.022413426061053506,0.005329843840633117,0.12313191947579732,0.8049460815035808,0.04417872911893616
W31433,-0.73451906,5.6766324,10GMP,0.005261671453789941,0.04294507718614937,0.8286212132557804,0.044805565204578894,0.07836647289970221
W31434,6.406768,6.2932734,2Ery,2.4211684031012617e-05,0.004592490809468594,0.013863569678256292,0.12921696208694267,0.8523027657413025
W31436,-5.6719136,8.462145,14Mo,0.03588525812193297,0.006455563814082065,0.14188706180365088,0.7764099454420599,0.0393621708182752
W31437,2.0788536,5.2496305,6Ery,0.0012849494733139983,0.020789319620165052,0.6034484667885134,0.04356048069980005,0.33091678341820846
W31439,-0.9116752,7.3744245,9GMP,0.006738298919309669,0.007912687923386464,0.6261905490076312,0.20862735351266143,0.15053111063701227
W31440,8.7987585,3.2216895,3Ery,4.7449855658421876e-05,0.004943411606219232,0.00036468441456621046,0.13156374643296304,0.8630807076905942
W31441,6.001687,6.7201495,2Ery,3.414867090660639e-05,0.0047106009215564576,0.029670723915586995,0.12665027668900783,0.8389342498029432
W31442,6.2287307,6.051025,3Ery,1.9000778861679413e-05,0.004539431079973958,0.018586812343851896,0.1284972674401102,0.8483574883572033
W31443,-0.6710484,5.303244,12Baso,0.004655267587016051,0.051437672639074374,0.8657988052934724,0.014276690886262676,0.06383156359417543
W31444,5.7117167,6.6246166,2Ery,1.5659274824856137e-05,0.004487167281647589,0.021585379753583666,0.12797915602707588,0.8459326376628691
W31445,-1.4501141,5.430197,18Eos,0.015437538305540479,0.0986079924473627,0.7802103783833164,0.049174386035920704,0.05656970482786071
W31446,5.889288,5.657797,5Ery,2.04304104889183e-05,0.004538263208984825,0.024215949093301586,0.12772726998693376,0.843498087300292
W31447,5.719186,5.786039,3Ery,4.051123312342232e-05,0.004824892071095903,0.054748166993173794,0.12309030109529785,0.8172961286073099
W31448,-6.586682,8.630167,15Mo,0.027671692685445733,0.003344311943057242,0.08298593022562074,0.8377994238960194,0.04819864124985787
W31451,-3.6090326,7.149794,14Mo,0.02479085579370454,0.03573017697669423,0.5372407110645688,0.37670078833641135,0.025537467828621974
W31452,8.083237,6.5734243,2Ery,3.296677712051503e-05,0.0046988042535567685,0.004255594845054227,0.13077542090910466,0.8602372132151647
W31453,2.2130961,5.0416365,6Ery,0.0014141146948474278,0.031170482674574566,0.5269023515066852,0.060409518105692166,0.3801035330182016
W31454,-4.347417,8.810299,14Mo,0.033784023768918564,0.017072615317522837,0.2643709438588559,0.653443714555035,0.03132870249966864
W31455,7.703478,7.6186657,2Ery,2.9157183670679264e-05,0.004639117539794348,0.006173552940171937,0.13042173257209597,0.8587364397642681
W31456,5.170271,5.760442,5Ery,1.722768798023154e-05,0.004492620557533377,0.04975510818374863,0.12391380443028001,0.8218212391404587
W31457,-1.4098593,5.19944,12Baso,0.0048525665938785965,0.07791432534002321,0.8367130175588748,0.05079134256590426,0.02972874794132002
W31458,-0.16955502,5.3441577,7MEP,0.0033090473136324775,0.04960303933539829,0.8616761096271063,0.010952379774123958,0.07445942394973991
W31459,-1.7599375,6.199442,17Neu,0.004964186721161821,0.053066187469128834,0.8286936163360455,0.11020851244547195,0.003067497028192801
W31460,-5.2371902,8.984008,14Mo,0.029367456597475562,0.007027767933658496,0.1473696638413233,0.7769707013742458,0.039264410253297695
W31461,5.757348,6.766873,2Ery,1.740126352582368e-05,0.004517988786541875,0.026871833829275375,0.12715650961023564,0.8414362665104224
W31462,4.6271486,6.3908267,5Ery,4.23453397839879e-05,0.0048259008723347445,0.08766501244451012,0.11819083192314618,0.789275909420226
W31463,6.751166,7.5674233,2Ery,2.351182490041151e-05,0.004571042786474943,0.00867273227617474,0.12999887369341237,0.8567338394190385
W31464,-6.116191,7.3348403,14Mo,0.056058399434018906,0.005167929109408143,0.12372974117553713,0.7759066888728556,0.03913724140818115
W31465,-4.386809,7.9912353,13Baso,0.046104615383191425,0.024439550266112126,0.28252978671532747,0.6165163521587669,0.030409695476603157
W31466,-7.7271104,8.445296,15Mo,0.03375473421246578,0.0016285392601664223,0.05642959260949708,0.856551420600481,0.05163571331739088
W31467,7.2437153,6.008056,2Ery,2.887620042465962e-05,0.004648152744915742,0.006980606119829097,0.1303454987044512,0.8579968662303803
W31468,-4.8852544,6.874078,13Baso,0.03029026429989591,0.016432031728392537,0.29504138764502913,0.6225955828145667,0.03564073351211658
W31469,-6.728712,10.907471,16Neu,0.0015608972696588247,0.004099901810184308,0.04211511989970529,0.8946287216889631,0.05759535933148953
W31470,7.469227,5.5826964,5Ery,3.230116279061538e-05,0.004702632343617765,0.00547451684764479,0.13061371841479186,0.859176831231156
W31471,-8.050146,7.000232,14Mo,0.07413574633914602,0.0011620905201536454,0.062147828386607415,0.8158368219332436,0.04671751282085022
W31472,-5.1319375,10.021127,16Neu,0.008879028870567914,0.00931021451241767,0.14680358776374347,0.7894725901967429,0.045534578656529066
W31473,-6.0806384,7.940958,14Mo,0.03385052522078537,0.004751577272104383,0.12548100111611368,0.7934547664800441,0.04246212991095348
W31474,-6.0843987,10.8744335,16Neu,0.0007752857429205281,0.004492849360342381,0.04942462971190364,0.8886825628183493,0.05662467236648509
W31475,-6.0152845,7.8154244,14Mo,0.042845932891790464,0.006724301545083074,0.13264491198160747,0.778085335784571,0.039699517796949156
W31476,-0.70211715,7.11879,8Mk,0.005228535859980808,0.009153493732454169,0.76709088948052,0.13040526574306752,0.08812181518397852
W31477,-3.4974685,6.250562,10GMP,0.01543666132846604,0.024116931972347738,0.5540329212680077,0.347916677454014,0.0584968079771654
W31478,-4.0343585,8.19833,14Mo,0.031424807280703466,0.020052179032300246,0.29492593334889994,0.623629351087988,0.029967729250109234
W31479,5.1180744,6.0614724,5Ery,8.657717649172458e-06,0.004391754553403411,0.0446285882390663,0.12459101276963923,0.8263799867202429
W31480,0.2135026,4.0582557,7MEP,0.003062706095345793,0.04472587710059703,0.8525888674688537,0.0016558092262663104,0.0979667401089381
W31481,7.4054694,7.263427,2Ery,2.8071916404388876e-05,0.004625623188086291,0.0071314406386641565,0.13026526632083485,0.8579495979360113
W31483,-4.4583616,9.619621,14Mo,0.010421546838164347,0.017114375095033933,0.3418997426732936,0.6004535017673639,0.030110833626145122
W31484,-6.3163657,7.371815,13Baso,0.054401448496905716,0.003046400290385702,0.10250788804487139,0.7982430598037321,0.04180120336410612
W31485,5.7259927,5.404242,2Ery,1.8935422668714137e-05,0.004515949385727257,0.015576130607939744,0.12909166454137672,0.8507973200422887
W31486,5.2325683,5.389278,5Ery,1.6907790481158938e-06,0.00426458638343846,0.039400481458922464,0.12557886511637054,0.8307543762622214
W31487,-5.1300726,8.29045,14Mo,0.04153382269833862,0.00950001375429194,0.17205296060862268,0.741340311200558,0.035572891738189644
W31489,-7.9130635,7.4637856,14Mo,0.04418559284207662,0.0008462793812278881,0.0560180659239736,0.8485003611047222,0.050449700748000856
W31491,-4.310503,6.48701,9GMP,0.024004510588819424,0.021241663086645563,0.3849480080544468,0.5211148020276887,0.048691016242400485
W31492,7.5589604,4.2455683,4Ery,3.931487670570355e-05,0.0048129636582662,0.002758777531318448,0.13112103473703773,0.861267909196673
W31493,-1.9921159,5.267385,10GMP,0.03495635300518924,0.11778091375003709,0.7160066121033516,0.08622789403250888,0.04502822710891412
W31494,-7.066772,8.518725,13Baso,0.02565251559657164,0.0038302154279982355,0.1064943612906801,0.8156513650142733,0.048371542670477635
W31495,-3.8035471,6.344913,10GMP,0.015874770914298182,0.018465503137487824,0.5113334138673895,0.3726752716589263,0.08165104042189916
W31497,0.22366296,4.876212,7MEP,0.0035606718358716268,0.0498804195711891,0.8294665809629297,0.00886490337372101,0.10822742425628958
W31498,-4.1038556,6.7536864,10GMP,0.035759053319519465,0.029893512095761268,0.44718170017545267,0.45622453442715993,0.030941199982107655
W31499,5.3206644,3.5682127,3Ery,6.401135712155e-05,0.004495910663388234,0.03358378113581539,0.12810558541429293,0.8337507114293827
W31500,8.183383,5.7823577,2Ery,3.628934665276309e-05,0.004754905470107781,0.003218667648948248,0.1309820342920116,0.8610081032422805
W31501,-7.6123385,7.380409,14Mo,0.04293077527812959,0.0011653913651249572,0.06444007305962461,0.8421462871611495,0.04931747313597231
W31502,-2.02977,5.443314,10GMP,0.04916696752865887,0.09343233895820849,0.7340713984344674,0.07646900395747502,0.04686029112119111
W31503,-6.0000076,10.009545,15Mo,0.008381480786867165,0.007837368129698274,0.1563430983256268,0.7819749123016336,0.0454631404561751
W31504,-8.773387,8.861551,13Baso,0.023269529454623735,0.0018130160209101375,0.03397747310173942,0.8790045617229657,0.06193541969976197
W31505,-0.4307863,5.0218015,7MEP,0.003451510462101523,0.05112066312391007,0.8584366990509937,0.010749882136268964,0.07624124522672662
W31506,1.0733453,4.5451026,6Ery,0.0021209044204944373,0.03476607697934967,0.7640221871749345,0.016082013456526382,0.18300881796869592
W31507,2.1008947,5.723624,7MEP,0.0007872785469539672,0.012625631094333891,0.504207001894248,0.06289936905914628,0.4194807194053187
W31508,5.00414,4.8817754,5Ery,2.3733896851693033e-05,0.004393026335300017,0.056159962252542446,0.1235586905680422,0.8158645869472647
W31509,-5.604191,8.22682,14Mo,0.03220389466860026,0.005979272030768177,0.14609398863388914,0.7764495212041025,0.03927332346264095
W31510,-7.0794573,7.1036663,13Baso,0.044766381197199875,0.001771793654262002,0.0847366977960002,0.8231647967119783,0.0455603306405606
W31511,-4.5090694,6.2603106,10GMP,0.04236389124925969,0.028077405459705423,0.37168823960653025,0.5234968239882242,0.0343736396962815
W31512,3.0437624,4.764085,7MEP,0.0006141893379984513,0.008313722860008381,0.37435272185075025,0.08594872813520184,0.530770637816042
W31513,8.032711,2.89187,3Ery,4.814399359994249e-05,0.004955025334323393,0.0004302457588616752,0.13158464727746186,0.8629819376357541
W31514,0.027878728,5.168976,7MEP,0.0034782567051751746,0.045275901979669464,0.8647355683249841,0.003112885004451547,0.08339738798572065
W31515,-5.474255,6.82358,13Baso,0.04018887712460392,0.012887432335064888,0.19945508737992362,0.7101263640367483,0.03734223912366027
W31516,8.171197,7.233042,1Ery,3.273379318700974e-05,0.0046896749558444605,0.004487648302098834,0.1307215512792756,0.8600683916695951
W31517,-3.9765813,7.9048553,14Mo,0.03946459362533828,0.024342365591514238,0.3253231210252041,0.5828409006750819,0.028029019082862483
W31518,-5.731432,7.485481,13Baso,0.08034705713144769,0.010983919087931657,0.15261376573672408,0.7208531428305374,0.0352021152133603
W31519,-2.1760488,6.07918,10GMP,0.020186749708530922,0.06117448846487045,0.7441545295787104,0.13519381570733935,0.03929041654054986
W31520,-5.0370526,6.107799,9GMP,0.021958486074651735,0.009286179771087052,0.34134194003159374,0.5549316225017613,0.07248177162090709
W31521,6.8205633,3.019844,3Ery,4.576227198661427e-05,0.0048870002549565835,0.0030099830747342318,0.13126575198446136,0.8607915024138623
W31522,-7.0153155,6.391736,13Baso,0.04065819083936333,0.003546483651663075,0.12259785481093904,0.786549772685351,0.04664769801268457
W31523,7.669446,6.9113197,2Ery,3.0488112337933518e-05,0.0046638618870827,0.005782728127391086,0.13051105590457743,0.8590118659686119
W31524,-4.207211,7.37562,13Baso,0.030841665755944474,0.03548611826716025,0.34282642554752774,0.558912331021417,0.031933459407951496
W31525,7.962481,6.2279053,2Ery,3.36745995428562e-05,0.004713499404458676,0.004114852183572034,0.13081348972197224,0.8603244840904551
W31526,-0.110207476,4.335728,6Ery,0.0036837541625165597,0.04865748449032195,0.8479824861141377,0.005530593619602881,0.09414568161342185
W31527,2.0013182,5.1462483,6Ery,0.0011673818175871656,0.019297538768851544,0.5926004494238821,0.04639291660166396,0.3405417133880162
W31528,-4.8705597,7.6006722,13Baso,0.03741341369170409,0.015716512264286303,0.23640557990884425,0.6776340719266989,0.032830422208467484
W31529,6.266911,3.1691914,3Ery,4.4382248030254575e-05,0.004758277305327818,0.010632471853311523,0.13037928414101546,0.854185584452316
W31530,-4.8058653,8.364532,13Baso,0.03088165996890978,0.02275451298276596,0.2010451878197336,0.7074843816617998,0.037834257566791735
W31531,-4.420668,2.591462,11DC,0.8107845106732635,0.053451797297676816,0.0063361289404691296,0.12730977586582062,0.0021177872227710515
W31532,-6.0890408,10.138378,14Mo,0.008469103905055836,0.006287569164193303,0.10720054642302908,0.8285647184421644,0.04947806206555839
W31533,-2.278245,5.731822,10GMP,0.022342029994266384,0.0763605109712644,0.7429604522828572,0.10468420140495353,0.053652805346659414
W31534,-0.76244164,6.832388,8Mk,0.006046635316672839,0.011873395630251323,0.7489433535292503,0.13492895151312267,0.09820766401070373
W31535,-2.7098572,6.3596826,9GMP,0.01652273983793853,0.04216645990442703,0.6253273070244112,0.27660425831085317,0.03937923492237102
W31536,6.828476,5.662307,2Ery,2.9653404544416784e-05,0.0046639181881731355,0.00590151912637782,0.13053468322475378,0.8588702260561518
W31537,-3.5493007,7.589979,13Baso,0.029159893889743323,0.0679447586170036,0.42693858758445,0.4472908062882833,0.028665953620520726
W31538,-5.7496157,7.599089,14Mo,0.03768869075107727,0.005644087121609776,0.13752054637744668,0.7789584749098957,0.04018820083997157
W31539,-2.836953,6.645484,13Baso,0.018188388868438314,0.03734054050296925,0.6253552040152143,0.272845081677737,0.04627078493564216
W31540,-5.237881,8.528769,14Mo,0.036210710750634596,0.008486842085036635,0.16646729820361517,0.7522567240267518,0.036578424933962815
W31541,5.8090634,6.11023,5Ery,1.2362478480205748e-05,0.004435943132967913,0.020980432737393317,0.128172420354273,0.8463988412968865
W31542,-4.872874,7.735725,14Mo,0.0350130530467009,0.010213576627433952,0.2091468762655486,0.7111005519744287,0.034525942085888765
W31543,4.1565814,5.7715607,5Ery,0.00017870786415712534,0.005783214119279576,0.15733877845913297,0.10918382830227462,0.7275154712551567
W31544,-6.354317,7.4178677,13Baso,0.036274138313200054,0.003877870355576146,0.11872315053688608,0.7978275406736807,0.04329730012065806
W31545,-2.497124,7.3997607,12Baso,0.006518916935385287,0.030311507055674373,0.7092099445080975,0.24289899007413832,0.011060641426705597
W31546,-5.871572,10.863985,16Neu,0.0015092993306632624,0.0047307699198324065,0.06005503501538067,0.8785870238859377,0.05511787184818701
W31547,-2.0313432,4.8528113,11DC,0.276782048591261,0.22159672570547093,0.37847369195150865,0.08672686556224338,0.03642066818951711
W31548,-3.0954647,6.984994,13Baso,0.020743880758993548,0.046546098668743874,0.6043009909194715,0.2999931086609525,0.02841592099183947
W31549,-5.858094,7.624063,13Baso,0.03855904184072636,0.004819515470962711,0.1338937791407889,0.7828956565477918,0.03983200699973117
W31550,7.2828546,6.7081904,2Ery,2.9192858980072138e-05,0.004652714572180299,0.008139282639987061,0.13012961289560834,0.8570491970332452
W31551,6.222214,6.116078,2Ery,1.830625783988596e-05,0.004519514689523283,0.013804682586830326,0.12922860920854756,0.8524288872572598
W31552,-5.045147,7.8801513,14Mo,0.03207155774457458,0.010272954680469116,0.20693652267431162,0.7153664693844604,0.035352495516185294
W31553,-0.47799045,4.3771305,7MEP,0.0035343350636186464,0.05398292200517187,0.8666218211831719,0.005081428156262608,0.07077949359177586
W31554,6.2524843,5.6601467,4Ery,1.7745962413739554e-05,0.004499638110651339,0.027493593738559165,0.12732406874494237,0.8406649534434344
W31555,2.4904454,5.1786323,6Ery,0.0007121834902294658,0.01343616915325557,0.4655345572805906,0.06358060210237786,0.4567364879735474
W31556,-4.7610703,7.457248,13Baso,0.03488069740616699,0.018184991775733794,0.2646625030786001,0.6488649531682307,0.033406854571269254
W31558,-4.575172,8.281192,14Mo,0.02563623935232878,0.015774409589270386,0.251168689326009,0.6728402330713996,0.034580428660993194
W31559,-6.016952,7.5207667,14Mo,0.04047475051216083,0.0037555220212408067,0.11890018066174989,0.7956654868128596,0.04120405999198983
W31560,-0.021945689,4.858086,6Ery,0.003897531386632645,0.04651748893200072,0.8323712109340545,0.0149729853497713,0.10224078339754177
W31562,-1.8009598,6.0724363,12Baso,0.005018180051176399,0.06806499060973416,0.8102221296557655,0.10066003245779079,0.016034667225534142
W31563,5.4975524,4.188285,6Ery,1.697505209871337e-05,0.004352801413067135,0.034628399367762845,0.12669689009670382,0.8343049340703684
W31564,-3.7606447,8.001924,14Mo,0.019145152803390443,0.023556137459629103,0.4356673667206098,0.4974666167284886,0.024164726287883045
W31565,6.7236533,5.4436502,2Ery,2.7244641950289207e-05,0.0046360362277251665,0.007512629468397086,0.13029814955637664,0.8575259401055517
W31566,-5.3313904,9.346571,13Baso,0.01906746138743929,0.010773354788642771,0.19511373897015893,0.7346448952841365,0.040400549569623564
W31567,-5.434622,7.7287846,13Baso,0.04226509614669197,0.006877957586768714,0.1514477298148727,0.7620787029454567,0.03733051350621094
W31568,-5.48702,8.594429,14Mo,0.028849514321886753,0.006663807539810806,0.15799469046732761,0.7671970782997464,0.03929490937122945
W31569,0.11208733,4.3361025,7MEP,0.0031288650274229873,0.04300874370219055,0.8307813043259397,0.006255384157695205,0.11682570278675257
W31570,-0.35714623,4.9803634,7MEP,0.0037103277772613233,0.05240780034596589,0.860867043421644,0.01035182737387256,0.0726630010812571
W31571,-6.053581,10.364436,15Mo,0.004363576961312443,0.006120533561979747,0.09343183467323117,0.8442345075331316,0.05184954727034618
W31572,3.8075042,5.561493,5Ery,0.00019125712768279293,0.005909214224035826,0.23747629002062806,0.09827650006085113,0.6581467385668032
W31573,3.2636156,5.2720504,5Ery,0.0003206109628299435,0.009049421179272054,0.32286905558476,0.08511235577821394,0.5826485564949251
W31575,2.6900773,5.0638456,5Ery,0.0009222716063949566,0.01530134568329392,0.49465261443056713,0.06019528517415471,0.4289284831055903
W31576,4.89974,5.5042763,5Ery,1.2974432645585658e-05,0.004351433181224891,0.06174455501658319,0.12242698569765835,0.811464051671889
W31577,-7.403586,10.556179,15Mo,0.0038786618817054216,0.003945660909205036,0.033110888844122575,0.8993635135077346,0.05970127485723337
W31578,8.187921,6.8706675,1Ery,3.353463770584223e-05,0.004703055626838721,0.00410670456712404,0.13079383902760217,0.8603628661407302
W31580,-4.8055277,7.187372,13Baso,0.028584596721556464,0.013140745141144052,0.2603180164201303,0.66127563757118,0.03668100414599015
W31581,-5.050185,6.1764174,10GMP,0.02863451628725081,0.015482503279852615,0.3010936701766509,0.6115926995329388,0.0431966107233078
W31583,-1.3203542,7.13976,12Baso,0.005391314795788603,0.020699469694291876,0.7021699774033172,0.15742244265695216,0.11431679544965109
W31586,7.9833117,4.4556274,4Ery,4.0974729439229184e-05,0.004837389566684033,0.0020794203746968866,0.13122598570553717,0.8618162296236436
W31587,-0.561962,4.532533,7MEP,0.006634586678154515,0.07070170214526883,0.8501435745035685,0.008595548172373528,0.06392458850063562
W31588,-7.7992315,11.06002,15Mo,0.002563138410589702,0.003612824874449618,0.014018077825465351,0.9167907242080782,0.06301523468141822
W31589,-2.6332886,3.9561276,19Lymph,0.003756902975427902,0.7814177769055772,0.024842915464489926,0.12624414797951194,0.0637382566749938
W31590,-7.9769855,7.1444573,13Baso,0.049379870668527504,0.0007222194934795808,0.05875448859045991,0.8414548281327845,0.0496885931147496
W31591,-7.6036777,7.563788,13Baso,0.03976718347904423,0.0016440158596281033,0.07930296776721275,0.8309261627117366,0.048359670182379286
W31593,8.165981,2.9717185,3Ery,4.711030339527234e-05,0.004938554679489205,0.0005720873850469156,0.1315404123967229,0.8629018352353467
W31594,6.508781,5.445412,3Ery,2.4466075255671994e-05,0.004603919817785361,0.011319160309596761,0.12967370418506668,0.8543787496122963
W31595,-6.1638117,10.515844,15Mo,0.005093143732661441,0.00800362321244823,0.11624326495727254,0.8197308329130323,0.050929135184586506
W31596,-5.9328628,11.214544,16Neu,0.00045977087308809,0.004603704488201975,0.04942544224734355,0.8889126670934356,0.05659841529793186
W31597,-6.7857256,7.2397017,13Baso,0.04399213068445702,0.0025431455820501205,0.09413422407089603,0.8146187422443275,0.04471175741827027
W31598,8.164842,5.827756,2Ery,3.639552836504085e-05,0.004756748596833316,0.0032759419038826984,0.13097442887519609,0.8609564850957238
W31599,-6.9364576,10.554101,15Mo,0.003313365872085468,0.004623436489422115,0.05503337619262377,0.8798148699095609,0.0572149515363088
W31600,-1.5295837,5.962796,17Neu,0.004825550953111455,0.06704436405496486,0.8289233737896538,0.07881792823762644,0.020388782964644456
W31601,-6.4056497,9.908239,15Mo,0.009260637639938469,0.00606926119440717,0.12634836568905503,0.8091883428872979,0.04913339258930232
W31602,-4.925856,6.5746613,13Baso,0.031121513742583623,0.015270507563190164,0.29671059896806556,0.6179932643171075,0.038904115409054085
W31603,-5.852114,10.299813,16Neu,0.00558794462181187,0.005698350674036288,0.08467605007807169,0.8522907407864367,0.051746913839644366
W31604,0.97442895,4.364757,6Ery,0.0025172923126576883,0.037256106426894836,0.7722700232123068,0.014254581426775336,0.17370199662136626
W31605,5.180549,4.3530216,5Ery,8.500550679142598e-05,0.004403344290600106,0.058638184960295534,0.12507578784060552,0.8117976774017084
W31606,-7.6233096,9.198797,15Mo,0.02191527172523468,0.0024217869418468076,0.04608202844330463,0.8744888226717437,0.055092090217871315
W31607,-1.9791483,6.982298,9GMP,0.008269082564020905,0.009835358368759173,0.5004470634743814,0.23947333214849523,0.24197516344434425
W31608,-7.2618904,7.524118,13Baso,0.038120810513418375,0.002233520713390741,0.09293442840126472,0.8200424535131272,0.04666878685879986
W31609,-8.629533,10.023303,15Mo,0.007957295150630593,0.0028610136393917057,0.005450719910357794,0.918614285021191,0.06511668627842995
W31611,-5.2500753,7.4970527,13Baso,0.05670292728875595,0.013930815220277061,0.21013835037597217,0.685465352363571,0.033762554751424895
W31613,0.053532135,5.8370705,6Ery,0.004581929311653566,0.03237177245825015,0.7492036242706746,0.06556301779400325,0.14827965616541947
W31614,-0.46755624,4.7205005,7MEP,0.006731888785197134,0.06382158581124384,0.8479258533315379,0.007729886660995605,0.07379078541102647
W31615,-2.7126877,6.2315354,12Baso,0.013063689166735901,0.037525455102922496,0.6720461822986017,0.2263570725654076,0.051007600866333255
W31617,-6.803853,10.3379345,15Mo,0.005594696151084505,0.004202844783352665,0.05420393248552952,0.880323246953618,0.055675279626416364
W31618,7.6905723,7.3777757,2Ery,2.9586467139060562e-05,0.004647225553335978,0.006650460336776571,0.13035163978905537,0.8583210878536941
W31620,-2.723529,6.4876857,13Baso,0.04773835745761328,0.07909794208093217,0.6133262905054423,0.22845481736352044,0.0313825925924928
W31621,-1.4109138,6.4345956,10GMP,0.01119480018110816,0.025336711963489675,0.6364249818141746,0.19013368560495406,0.13690982043627453
W31622,-5.5537415,8.85372,14Mo,0.022703184084998294,0.006379550878892066,0.1413506011188986,0.7865583312942366,0.04300833262297537
W31623,-5.6230397,8.382898,14Mo,0.035718464561941346,0.006224661551674573,0.1397083219521214,0.7788680679618509,0.03948048397241277
W31624,-6.4739804,10.067204,14Mo,0.007358043837101105,0.006771359798718283,0.11334755945386724,0.8223181661492026,0.05020487076111178
W31625,-7.486596,10.843519,15Mo,0.0028119867243548992,0.003985989290809161,0.02888180896675903,0.9036707136278118,0.06064950139026613
W31626,3.339511,5.2456474,5Ery,0.00022856552857477696,0.006664337393958063,0.26966203227989116,0.09338970976596096,0.630055355031616
W31628,-6.7413282,11.226926,16Neu,0.001117342368941491,0.004056638702815448,0.03798982950446603,0.8986067323682938,0.05822945705548431
W31629,4.68513,5.6663284,5Ery,2.243158852717656e-05,0.004509908207145606,0.0901945191800453,0.11818371668876011,0.7870894243355226
W31630,-6.2095485,8.713987,14Mo,0.020446474991730485,0.004379820854663738,0.10398547045276604,0.8238043598328557,0.04738387386798507
W31631,-6.036057,8.5252075,13Baso,0.03448609434137534,0.0049226679965592626,0.12102174242299624,0.7972335402254935,0.04233595501357656
W31632,-8.341787,10.744394,15Mo,0.00429966749691805,0.0032411091567123716,0.001042115385377902,0.9261442610034206,0.06527284695757209
W31634,7.9931855,6.911534,2Ery,3.1612410008754705e-05,0.004678215540196863,0.004973911926326296,0.13064348057223354,0.8596727795512354
W31635,7.188834,7.061003,2Ery,3.629085173278029e-05,0.0047244198605088765,0.01176589674338024,0.129523739011801,0.8539496535325781
W31636,6.830683,7.1414394,2Ery,2.5006239008667188e-05,0.004591123400292934,0.011013783786855571,0.12962033210760338,0.8547497544662404
W31638,-4.685909,7.869067,13Baso,0.04050369512338696,0.012615740674009208,0.214600049709792,0.6989637897290174,0.033316724763795345
W31639,-4.741317,6.814408,13Baso,0.03769027396866091,0.01701011045697785,0.2826478722578418,0.624620179287074,0.038031564029446296
W31640,4.421915,4.348568,5Ery,4.3877459186333834e-05,0.004129390963239426,0.10602273237481713,0.11772948401621519,0.7720745151865428
W31641,4.1440353,5.444391,5Ery,0.00016428641232486065,0.006096533500624749,0.20971933072069782,0.10157830917105391,0.6824415401952996
W31642,-2.4726517,6.0270333,9GMP,0.014248556483688047,0.05852414231150808,0.7331574674441238,0.1545627349106853,0.039507098849995724
W31644,-6.2710357,8.452117,14Mo,0.03622075415784949,0.004057999364803561,0.11512645787063257,0.8026319656484551,0.04196282295826029
W31645,-0.74438226,4.825478,7MEP,0.0036747909239960327,0.06580175345534642,0.8517644300053313,0.012268190428261272,0.06649083518706593
W31646,-4.9303064,7.509936,14Mo,0.02612160579720486,0.010023764369201878,0.21267065227170687,0.7113091846558538,0.03987479290603356
W31647,-4.596702,2.6500995,11DC,0.8325104388414013,0.032535395382946315,0.004250148095113936,0.1302647590069038,0.0004392586736357954
W31648,-6.049637,10.97302,16Neu,0.0024892685599780104,0.005636501875668165,0.07185794268950765,0.8660527560500438,0.053963530824803346
W31649,8.968511,5.2973013,2Ery,4.0692611178872156e-05,0.0048217309993832495,0.0019614910603735795,0.13121515330028957,0.8619609320287757
W31650,5.595618,6.239392,2Ery,6.196510923402245e-06,0.004397467849381058,0.02908527705910927,0.12682816936757516,0.8396828892130122
W31651,-0.87282467,4.8185954,10GMP,0.008333079740760111,0.07269112588347659,0.8400718144251911,0.016816644267064987,0.06208733568350818
W31652,-0.6143479,7.237248,8Mk,0.005061343759182883,0.0063584792041730355,0.7320460180004228,0.14510610229215845,0.11142805674406371
W31653,6.820044,7.0223627,2Ery,2.613749978511959e-05,0.004605361418466604,0.00995635689766899,0.1298035136085594,0.8556086305755207
W31654,6.013875,5.7931957,5Ery,1.5319125014863608e-05,0.004472258262257347,0.01967763300752983,0.12842004238730567,0.8474147472178933
W31655,-7.8054028,6.9080687,13Baso,0.06800625111624312,0.0009281836033692025,0.06337673568275472,0.8209971309154405,0.04669169868219341
W31656,-5.8382387,7.6890335,13Baso,0.04824106456233255,0.005877275975429204,0.13595289819821227,0.7716886406006929,0.03824012066333405
W31657,-3.7933183,6.698844,12Baso,0.018893899362353153,0.017590945624043567,0.462178252233576,0.4568979690262663,0.04443893375376205
W31658,0.48048556,4.8341584,7MEP,0.0029354664060517004,0.04149128959163263,0.853702127047208,0.0029820260981748966,0.09888909085693355
W31659,0.1768521,4.8799925,7MEP,0.0029442366061266656,0.046393130545996177,0.831191265340379,0.010060055558144375,0.10941131194935476
W31660,-4.6897197,7.7380915,13Baso,0.08373181437134831,0.020345496546286677,0.22270827518023079,0.6433807937241309,0.02983362017800424
W31661,0.41896778,4.1589923,6Ery,0.0031616594489829227,0.0467971730754292,0.8374396345703479,0.005806652200974825,0.10679488070426608
W31662,5.61249,5.3750715,5Ery,1.1365633040327386e-05,0.004420437561352533,0.02763621983968483,0.12725610721353586,0.8406758697523875
W31663,-5.971048,11.547675,16Neu,7.358917466938241e-07,0.004464367929913557,0.04734348398169995,0.8914467029602741,0.0567447092363667
W31664,-5.7256694,8.714139,14Mo,0.031790653410228985,0.005071132819075645,0.12798204690378212,0.7943640120601619,0.04079215480675225
W31665,-5.7084856,7.4370527,13Baso,0.04022533465659533,0.0071480040706697785,0.14136496760881484,0.7706024242379739,0.04065926942594723
W31666,7.321214,6.220465,2Ery,2.9235960808674684e-05,0.004654424555610218,0.005769558148801774,0.13053418245713871,0.8590125988776417
W31667,-4.528649,8.022072,14Mo,0.034883695638329014,0.0216971815525259,0.26742636340995274,0.6445327437400119,0.03146001565918138
W31668,5.590132,5.9409375,5Ery,2.4381561704190074e-05,0.004593237277294433,0.04295190912937929,0.1249944695759849,0.8274360024556383
W31669,-0.6285805,4.6838384,7MEP,0.003723981669703671,0.06392174058360742,0.8558539287729052,0.01598439645473353,0.06051595251905099
W31670,-5.4551597,6.525617,10GMP,0.041913161531651984,0.012411083052640782,0.23040446293946695,0.6797008210708306,0.03557047140541063
W31671,-2.7566824,3.740059,19Lymph,0.0006157867099866625,0.7954683858976067,0.012102299505280164,0.12742718854352203,0.06438633934360523
W31674,-3.2877152,7.6155806,14Mo,0.018135189929090613,0.03203398647276333,0.5123957908111086,0.41084430847131526,0.026590724315723076
W31676,7.779593,4.6872163,4Ery,3.8994035343871865e-05,0.004803991469595609,0.0026542963307670067,0.13111829215638146,0.8613844260079131
W31678,-7.4841933,9.380509,14Mo,0.01645226500523751,0.003093975904077651,0.06662414846781987,0.8592213832176337,0.05460822740523228
W31681,-1.7501423,7.2888126,12Baso,0.006722707802078091,0.023060417370595013,0.6741616865427326,0.2020922997190768,0.09396288856551849
W31682,-3.2473085,5.752721,9GMP,0.012096311245924737,0.04436160461464319,0.553947505223521,0.2909649066887893,0.09862967222712282
W31683,-8.657224,9.978555,15Mo,0.007892341504199606,0.0028464410618646574,0.003325213643770321,0.9204777307741937,0.06545827301597279
W31684,-2.2433412,7.17581,17Neu,0.005074779052251694,0.04154497284127315,0.7889271197203108,0.1638307904669256,0.0006223379192397094
W31685,0.21918678,5.439801,7MEP,0.0028652548907787513,0.039645218752477,0.8399330237183087,0.015080344571092726,0.10247615806734382
W31686,-6.42364,11.040113,16Neu,0.0023163391411733926,0.005226270707195197,0.0617566938712825,0.8755385984136204,0.05516209786672957
W31687,-7.9723344,6.774705,13Baso,0.05803198721807159,0.0009370577554784282,0.062063682329525534,0.8303639230270519,0.048603349669873584
W31689,7.435952,3.016966,3Ery,4.668134198418697e-05,0.004922641162125287,0.001362144870528395,0.1314630945409028,0.8622054380844604
W31690,-6.79717,10.963474,15Mo,0.001437271396468462,0.004101404751698987,0.037550786206680994,0.8982936778132407,0.05861685983191186
W31691,6.8439713,5.2974095,3Ery,2.9941543795624284e-05,0.004672439512249431,0.0059261503279417925,0.13054882569866574,0.8588226429173483
W31692,1.5565238,5.2910457,7MEP,0.0022903138721906136,0.025853408719187135,0.6933108368391787,0.03662377881904702,0.24192166175039753
W31693,-0.54474074,7.3995886,8Mk,0.005081485937186911,0.007912331556023564,0.7556920971539886,0.13310389681114923,0.09821018854165271
W31694,-2.9966266,3.7676973,19Lymph,0.001234104553200509,0.7927470648980404,0.014559073436463128,0.12722111116546497,0.06423864594683212
W31695,6.247897,5.522011,3Ery,1.876137707297566e-05,0.004533514870654392,0.014531332821353889,0.12918480176219968,0.8517315891687199
W31696,-5.589822,7.7429624,13Baso,0.06545537135101621,0.009867965806129036,0.15515828082902602,0.7340691248140271,0.03544925719980264
W31697,-2.9624557,6.3752747,9GMP,0.01598128823994752,0.03126702655503892,0.6174199925327428,0.28195595533678136,0.05337573733549024
W31698,6.081563,4.2830596,3Ery,2.583527829399697e-05,0.004599881115773888,0.011879898283207258,0.1297734862222011,0.8537208991005247
W31699,6.3631945,4.797993,3Ery,2.3981955638543528e-05,0.004590221178592995,0.010055394715906166,0.12994488429397244,0.8553855178558908
W31700,8.684403,6.2729254,2Ery,3.659523803111919e-05,0.0047525145756338524,0.0031318104332520545,0.13098090797117867,0.8610981717819053
W31701,-5.776949,11.079991,16Neu,0.0010223606525246313,0.004880062649360661,0.062354670263109854,0.8769749777218536,0.05476792871315228
W31702,-7.0143127,7.777611,14Mo,0.048799213952611616,0.0016471003912744162,0.07823354884323676,0.8252051065739496,0.046115030238928566
W31703,-6.107084,11.554751,16Neu,0.00030243534326139954,0.00445973434831487,0.04886953098851168,0.8898595221990198,0.056508777120893215
W31704,2.260501,5.504329,6Ery,0.0012505808345867396,0.019830057556661933,0.5931698851377455,0.045182843788275584,0.3405666326827312
W31705,-6.355024,7.6344614,14Mo,0.043142839991975296,0.004149522797035519,0.11672027217178764,0.7944132935277723,0.04157407151143029
W31706,3.696375,5.02162,5Ery,0.00025515880062357255,0.005996402739492362,0.2652490917139027,0.09648228651455618,0.6320170602314261
W31707,-5.675985,7.910177,14Mo,0.040103048991985676,0.0069177060536392875,0.1385192182855474,0.7753873481269474,0.03907267854188128
W31708,-6.2356806,8.427018,14Mo,0.026359749445778385,0.00453218564999898,0.12945099337830004,0.7950461719119558,0.04461089961396776
W31709,-1.8412404,4.5503674,19Lymph,0.03951858004270142,0.4451776885239726,0.3781654386023938,0.08356953068989206,0.05356876214104102
W31711,-5.1650705,10.214824,15Mo,0.0072083278464293654,0.007636136503565263,0.13706586162502427,0.8019047391051034,0.04618493491987872
W31712,-3.108485,7.357635,13Baso,0.019143290320716377,0.03836945564452758,0.5553403186018053,0.364021314628975,0.02312562080397661
W31713,-6.1724257,10.031924,14Mo,0.006734578043662534,0.005445514064696286,0.102015842603338,0.8353314770046308,0.05047258828367335
W31714,-5.249485,7.0442147,13Baso,0.03566530386021673,0.010431219930990587,0.20747032219608275,0.7090693893748025,0.03736376463790857
W31715,-2.300348,7.2189074,17Neu,0.006461800054488655,0.040900392763725285,0.7588000953069218,0.19054967463026576,0.0032880372445994034
W31716,-4.968935,7.839912,14Mo,0.0367931841024823,0.014150247282015744,0.2064118589102577,0.707878449680718,0.03476626002452718
W31717,7.476381,7.3811193,1Ery,2.9081838632443676e-05,0.0046390441968543715,0.0059527165054407685,0.13045977746667262,0.8589193799924009
W31718,6.1450305,6.560949,2Ery,2.0282785449650358e-05,0.004543778466174835,0.01321656559613968,0.12930248640133615,0.8529168867509006
W31719,4.711609,4.915544,5Ery,3.4989531340656153e-06,0.0041026129034871925,0.06713787984996175,0.12200542167441666,0.8067505866190013
W31720,-0.27022758,3.9048276,6Ery,0.0034493941537848223,0.055916732597106895,0.8543007944604847,0.002449521996229495,0.08388355679239505
W31721,-8.830488,8.810871,15Mo,0.0274156560644474,0.0015187985013075448,0.017550183027689084,0.8935523041556425,0.05996305825091445
W31722,-4.226823,6.543926,10GMP,0.025874346374032808,0.02323211916375387,0.4337155538670695,0.46790618427494546,0.04927179632019938
W31723,1.0164475,4.7493134,6Ery,0.002291085968346448,0.03434952688245771,0.7496335697522378,0.019346946317036602,0.19437887107992227
W31724,-2.4273486,6.243139,10GMP,0.022747197966906583,0.06619693686463804,0.7023700398460386,0.17840881156853572,0.030277013753881952
W31725,0.0017851137,4.0126367,7MEP,0.0039427146643755025,0.05165333134349335,0.8491265215124881,0.0038261497249498255,0.09145128275469411
W31726,-5.220537,8.976962,14Mo,0.029002689186004148,0.007519539682282032,0.1571139969230497,0.7679237698673956,0.03844000434126939
W31727,-7.110147,6.987185,13Baso,0.03921377153485049,0.0032802242025288656,0.13148993545402524,0.7806239352078068,0.04539213360078955
W31728,6.4754224,6.117132,2Ery,2.2363849842670746e-05,0.004565522523895886,0.009803490914823921,0.12987441509473455,0.855734207616704
W31729,-8.559631,9.314204,14Mo,0.018301224182698927,0.002060812114178636,0.01963520462821517,0.8980462023639715,0.06195655671093678
W31730,-6.5295553,8.765667,14Mo,0.028702374737810392,0.003369184505580655,0.09824794201436053,0.8237758723553225,0.04590462638692694
W31731,-0.54774183,4.1425486,6Ery,0.009834188578074401,0.05811053854138082,0.8312993947785016,0.010964607190135292,0.08979127091190887
W31732,-2.4829993,6.2003107,13Baso,0.019492518127479947,0.06136569023514622,0.7289916440929556,0.15515492746036236,0.034995220084056845
W31733,-5.4158664,8.264204,14Mo,0.03924397874211743,0.008895205968138684,0.1707483567285914,0.744934124723943,0.03617833383721043
W31734,-3.706781,8.185308,14Mo,0.028634540190466566,0.03305673722348374,0.4587729732633388,0.45555368002600455,0.02398206929670733
W31735,6.5170727,6.364841,2Ery,2.2294437000696795e-05,0.004566902082090117,0.012375457374849007,0.12946124172311865,0.8535741043829426
W31736,3.9567988,5.115087,6Ery,0.000552902619848967,0.0053805562365496235,0.22030451621206093,0.11212995336958732,0.6616320715619541
W31737,-5.162831,6.5388227,13Baso,0.029826243558554316,0.01197138410986088,0.24696799583935367,0.6697217375046757,0.04151263898755642
W31738,-2.6903832,5.9646463,10GMP,0.022026569014118175,0.08162633055309275,0.6579755894635896,0.20217462663562513,0.036196884333575326
W31739,-5.81906,10.34866,15Mo,0.004863493714603538,0.005152881853208368,0.07853561367077581,0.8591306807133962,0.05231733004801717
W31740,-6.1535335,11.370471,16Neu,0.0007463057320011165,0.004424964586851332,0.048116297094507654,0.8900738186789303,0.05663861390771063
W31741,-3.8145728,6.4268446,10GMP,0.017444347436957372,0.019789115461350003,0.4864429902595049,0.39672576343708416,0.07959778340510457
W31742,7.857085,7.5858016,1Ery,3.0524344266111076e-05,0.004655245900364844,0.00560560547243147,0.13051635676577727,0.8591922675171613
W31743,-6.4726877,8.298825,14Mo,0.033309633778371116,0.002779974951233716,0.09316825726532549,0.8253588255754315,0.045383308429639224
W31744,-1.9630752,7.2886577,12Baso,0.005950194395360457,0.026364155667264133,0.7330238991339488,0.19416164173076556,0.04050010907266209
W31745,-4.0635257,5.967174,10GMP,0.023868724202083257,0.03077102073384692,0.46542469649213186,0.43995888597680455,0.03997667259513447
W31746,-0.74768835,5.3590817,12Baso,0.0051521861174186,0.0524632886612144,0.8211274311304699,0.029773380710521536,0.09148371338037647
W31748,-5.8969584,11.241223,16Neu,0.0006756280992374087,0.004588893341140296,0.053884038621438535,0.885054442114898,0.05579699782328674
W31749,-3.727745,6.4718666,10GMP,0.018545778635009016,0.01537525945099991,0.45982484461042156,0.44700082632474963,0.059253290978820816
W31750,-6.789743,6.6501145,13Baso,0.050191657251405834,0.004101249741479733,0.11770944356790189,0.7856107419913884,0.042386907447825174
W31751,-5.7890472,11.425773,16Neu,0.0004887309378927593,0.0044790586062413325,0.04844401709465241,0.8900823993304842,0.05650579403073035
W31752,1.3977662,4.696874,6Ery,0.001919203365434381,0.030990138749645284,0.7474640605060034,0.019655866728901298,0.1999707306500166
W31755,1.7066275,4.7732897,5Ery,0.0014781753345478094,0.026012991232385096,0.6356663094124607,0.036022711143339846,0.3008198128772675
W31756,-3.695052,6.6891108,10GMP,0.036144152187585446,0.02969794540914343,0.5181537285446496,0.3818187961035614,0.03418537775506114
W31758,-5.853429,7.1172156,13Baso,0.04337242794612964,0.006566662896413112,0.1514202230850706,0.7601466428314075,0.03849404324098017
W31759,-2.7697248,3.8527517,19Lymph,0.0023542220527013004,0.7901177234941162,0.01656375629994047,0.12685550093135808,0.06410879722188507
W31760,-5.727839,10.017245,14Mo,0.011627543505636773,0.006110453222902587,0.11151010278876773,0.8232091420253083,0.047542758457385766
W31761,4.9841766,5.1782265,5Ery,9.113561817141044e-05,0.0056048736151796084,0.11648801176711099,0.11435683324757094,0.7634591457519679
W31762,-6.116084,6.83123,13Baso,0.04028915424817556,0.006343395895422972,0.14707292195814675,0.7656185153901913,0.0406760125080644
W31764,-6.197165,7.6293206,13Baso,0.042624112703765656,0.0035251804190532263,0.11127544511257567,0.8005586226725944,0.04201663909201216
W31765,-5.9072547,7.332702,13Baso,0.050265175292848484,0.004477074807347781,0.12354576039896892,0.7822584522161062,0.03945353728472959
W31766,-2.876608,3.8026204,19Lymph,0.006015693105449201,0.7822857386597265,0.021687316371630374,0.1262413911973313,0.06376986066586364
W31767,-5.4539843,9.181651,13Baso,0.014630234942986216,0.011455566251874785,0.2842469674418376,0.6535794494215229,0.03608778194177943
W31768,7.9008894,3.6269708,4Ery,4.467201584242035e-05,0.004898270826752999,0.0012628396508061297,0.13141327158473318,0.8623809459218662
W31771,-1.028312,6.5927477,12Baso,0.007635083293800263,0.023610486885420476,0.7509016460595338,0.1258327192774799,0.09202006448376646
W31773,-2.2767797,6.3017316,10GMP,0.01833268713217583,0.04567760598616382,0.6666770076601696,0.2212710166800608,0.04804168254143096
W31774,-4.686768,2.8200655,11DC,0.7637209905236259,0.08594146709226234,0.0056473326239406384,0.13921140682846553,0.005478802931706664
W31775,8.216684,7.1379223,1Ery,3.2885451488564424e-05,0.004691914146063345,0.004301003474962801,0.13075392133343058,0.8602202755940558
W31776,-2.805183,3.937418,19Lymph,0.004934440792700135,0.7858583410407328,0.018521546712134886,0.12677477521891578,0.06391089623551731
W31777,7.578054,4.540724,3Ery,3.760784549484974e-05,0.004784081555415806,0.003221046355860376,0.13102332599038094,0.8609339382528489
W31778,0.79611486,5.175137,6Ery,0.0028126706439641955,0.03477822182468776,0.7703482389422365,0.0282117478353724,0.1638491207537401
W31779,1.5865537,5.4636908,6Ery,0.0018202575022554929,0.02104511283990411,0.6369405805863088,0.05083101231792171,0.28936303675361086
W31780,7.6600814,5.9996796,2Ery,3.284596508713404e-05,0.004704212154881383,0.004554241445226818,0.1307442656857277,0.859964434749078
W31781,8.54903,6.0318675,2Ery,3.682448654955837e-05,0.004756447134005628,0.003016509033744132,0.13100388135149388,0.8611863379942079
W31782,-5.43484,7.231903,13Baso,0.03964284120565766,0.007759300417744448,0.1722693110865279,0.7437682553417763,0.036560291948294826
W31783,4.646991,3.837954,3Ery,7.006904044303175e-05,0.004212851325956298,0.0756640601666127,0.12266712199706131,0.7973858974699276
W31785,-7.055949,11.175677,15Mo,0.0009077513615577405,0.004111706845222938,0.03357702320866622,0.9021648357078591,0.059238682876694926
W31786,7.7352695,5.71977,2Ery,3.4331649710488244e-05,0.004726389858269304,0.003994401421453282,0.13084748837046686,0.860397388700101
W31787,-2.978406,7.4106336,10GMP,0.014277212224291643,0.027340961249180562,0.5835559196722827,0.34303963778411006,0.03178626907013601
W31788,3.0877948,5.515165,5Ery,0.00035482551969443583,0.00801866003507602,0.34583893438921515,0.08273568206701822,0.5630518979889972
W31789,-4.260433,7.793816,13Baso,0.03321169697501016,0.019310283976830177,0.29611307597295294,0.6215436247050932,0.02982131837011443
W31791,-2.7342114,6.028229,9GMP,0.020834122672405406,0.06360872633254028,0.6928442536282603,0.1953261249377785,0.02738677242901644
W31792,-3.504112,5.9241853,9GMP,0.01580301823737766,0.03985704597862871,0.5915470493734559,0.2678555578576627,0.08493732855287597
W31793,-2.4940119,6.9143534,12Baso,0.00887652593017734,0.03654671504554909,0.7212379214288511,0.2221518129597885,0.011187024635634958
W31794,-1.7911978,5.997951,17Neu,0.006080721475197957,0.059361064437483964,0.81447760501723,0.11003118671461483,0.010049422355474251
W31795,1.1653538,5.1950383,6Ery,0.0022163779416000877,0.030454307256952633,0.7061382770300175,0.028888994704073943,0.2323020430673569
W31796,0.05860778,4.4457684,7MEP,0.0060054283596211845,0.0479303187672471,0.8329751631617586,0.00856135538708501,0.10452773432428913
W31797,3.8680766,4.782166,6Ery,0.0001368251520925717,0.004547966828445287,0.1691094622611822,0.10997809975042672,0.7162276460078543
W31798,-6.7912245,7.4641166,14Mo,0.03990745426270075,0.002416472370656569,0.09655389055704826,0.816505843381268,0.044616339428327344
W31799,-4.6549253,7.808684,14Mo,0.03608960379568764,0.012732076337295423,0.21696782259222874,0.6998023223179762,0.03440817495681288
W31800,-2.6595736,3.6775491,19Lymph,0.00019634152391553527,0.7940142880142974,0.014315361359884657,0.12707500306617708,0.0643990060357264
W31801,-6.346606,7.2794275,13Baso,0.044611358895621796,0.003909039903515097,0.12002189621789147,0.7905434360692952,0.04091426891367749
W31802,-4.724703,7.3590693,13Baso,0.044494601129807645,0.01871413400276552,0.264300216113014,0.6399198813061933,0.03257116744822055
W31803,6.0820956,6.3926406,2Ery,1.788398685378151e-05,0.004507545493017366,0.012595887134505103,0.12940007741124607,0.8534786059743786
W31804,-3.9976656,7.1751842,13Baso,0.03155388405553733,0.1590590100211913,0.3372368032806223,0.4239386928160217,0.04821160982662836
W31805,-0.81023496,4.6800485,7MEP,0.005612235850053394,0.05835522697352956,0.8641605226218666,0.015727507848096595,0.056144506706454905
W31806,5.8381467,4.7043214,3Ery,2.3543503307909393e-05,0.004533894937618565,0.018404288657857367,0.12881512547217094,0.8482231474290461
W31807,-3.4859717,7.3243065,13Baso,0.021965228904433726,0.03888840420320714,0.5014102318146144,0.4111147406457592,0.026621394431986592
W31808,-6.9561605,9.949465,15Mo,0.007081639021827575,0.005289585094908209,0.09671748111114328,0.837717800369569,0.05319349440255301
W31809,-3.685026,7.4809318,13Baso,0.025869279476403932,0.08197425996621176,0.5084528256203622,0.3521165707352313,0.03158706420179185
W31810,-4.5825496,2.5496888,11DC,0.834282211706589,0.029661261816860407,0.005856872602851783,0.12987929606643936,0.00032035780726058814
W31811,-1.9443691,6.5917263,17Neu,0.004929565838512365,0.04796262006064057,0.8222647548589068,0.12484305924194099,3.572094769060036e-16
W31812,-6.534882,8.4126425,13Baso,0.027121600976882796,0.005010516637110565,0.16199435936786866,0.7623129535317053,0.04356056948643363
W31813,-4.692785,8.230206,14Mo,0.03598565325997407,0.013167864510926513,0.2062138089649311,0.7097940654230784,0.03483860784109087
W31814,5.864424,6.75637,2Ery,1.6042158942429032e-05,0.00449568038378745,0.021458394408448885,0.127998583854211,0.8460312991946112
W31815,-4.58307,2.3665867,11DC,0.8376007789598766,0.029581524081744446,0.0034942527558934192,0.12918434125936396,0.0001391029431225723
W31816,-5.055176,6.9210396,13Baso,0.025289421337345096,0.011973797682454003,0.2793426697784477,0.6399113386994005,0.0434827725023536
W31817,-5.088987,7.9614677,13Baso,0.041112652430641224,0.011317460517233223,0.19602132755639007,0.7173168910187279,0.03423166847700857
W31818,6.773855,6.882511,2Ery,2.3555503332021655e-05,0.004574914510868671,0.008846125352089576,0.12998681242916452,0.8565685922045463
W31819,7.4155555,7.4064364,2Ery,2.9321493523596135e-05,0.004640841707687051,0.007400266626376846,0.13021773736323308,0.8577118328091804
W31820,-5.525427,10.996764,16Neu,0.0016095669230854126,0.005245544503695466,0.06931361123529854,0.8699065355268369,0.05392474181108471
W31821,-4.603782,8.59832,14Mo,0.02970925963865347,0.017674131444285892,0.27056180557193427,0.6505485097081265,0.03150629363700085
W31822,-2.64253,6.4790497,10GMP,0.01901675581591653,0.055090000761643644,0.6874164519950726,0.21020929574316732,0.028267495684200804
W31823,-6.018759,10.639489,16Neu,0.0021245701092178606,0.004891599354741955,0.06343629804213989,0.8748765979709382,0.0546709345229631
W31824,-7.0379395,7.5461287,13Baso,0.04610946236403703,0.0024263449023748927,0.09152521322011556,0.8145201530161977,0.04541882649727572
W31825,-4.931588,6.6303687,10GMP,0.04365657135748214,0.037598381992294205,0.23507765247913986,0.6467225715193718,0.03694482265171285
W31826,-6.40166,10.558847,16Neu,0.003615599905121788,0.004168223722334094,0.05274944366839904,0.8838000485664899,0.05566668413765624
W31827,4.613669,6.5132384,2Ery,6.305854240714674e-05,0.005127104940065528,0.11427269584620177,0.11414068052133244,0.7663964601499942
W31828,-5.3787675,8.248829,14Mo,0.03496951174291073,0.006364643077179736,0.1516264556384773,0.7686189284386425,0.03842046110279072
W31829,-1.1687673,5.1007366,12Baso,0.006337085453946299,0.10317076655670213,0.7947093295428417,0.045328549785795556,0.05045426866071532
W31830,-2.6158621,5.514643,9GMP,0.026660614324362883,0.0856502095989353,0.7137665283201271,0.13760365566160146,0.03631899209497418
W31831,7.4335694,5.809954,2Ery,3.212968861032768e-05,0.004697284963384945,0.004878967688102703,0.1306991092179811,0.8596925084419219
W31832,8.305498,5.023232,2Ery,3.97294609784728e-05,0.004812010737705494,0.0023006027773775175,0.13116698126168042,0.861680675762259
W31834,6.447596,6.895919,2Ery,2.2127679154577588e-05,0.004559812255905939,0.013422402695109092,0.12923912309730762,0.8527565342725237
W31835,3.8694484,6.059597,6Ery,0.00015098814571278945,0.006142623574112175,0.18626249921941018,0.10384145671347404,0.7036024323472917
W31836,-6.598828,6.450784,13Baso,0.05128811004705187,0.004957366599255455,0.13139285091362196,0.7699357666124581,0.042425905827613665
W31837,-3.3467143,7.4326205,14Mo,0.0232660941512665,0.0402586111642801,0.533948258672088,0.3789981178319535,0.023528918180412983
W31838,7.032901,6.418425,2Ery,2.789342705851641e-05,0.0046330748146053875,0.006527216453232299,0.1303992591187571,0.8584125561863476
W31839,6.1817923,5.393824,5Ery,2.3766505376783993e-05,0.004584921994936622,0.010222751135299411,0.12989623189308486,0.8552723284713033
W31840,-7.3021016,10.937119,16Neu,0.002363307663833412,0.0037836145150466263,0.026079213286922934,0.9073352513643743,0.06043861316982364
W31841,1.0673718,4.9896936,6Ery,0.0020328809798046653,0.03132679562587863,0.7429156682716522,0.019626834753817504,0.20409782036884788
W31842,-3.247095,7.290405,13Baso,0.02132117396948914,0.042748960891596396,0.5565205888088386,0.35281514584919743,0.02659413048087933
W31845,-5.1444197,7.6167674,14Mo,0.038456652713941206,0.009645749273744569,0.17423308689543981,0.7413904452846601,0.03627406583221522
W31846,4.3779387,5.5489454,5Ery,0.00011987361265670446,0.005411243564434532,0.16476414722202923,0.1083528500801482,0.7213518855207324
W31847,5.588774,6.476174,5Ery,3.647302217159626e-05,0.004771505925679619,0.04815910425493293,0.12398933897966545,0.8230435778175513
W31849,7.886807,6.8382273,2Ery,3.164633218872795e-05,0.004679249767760622,0.005074118115997485,0.1306296574929713,0.8595853282910828
W31850,5.7782083,4.930165,4Ery,1.763294870609608e-05,0.004442610804954735,0.02163748631377392,0.12835120130285416,0.8455510686297122
W31851,7.1926937,7.1159782,2Ery,2.7299593241909868e-05,0.004618632735943497,0.007025313281401745,0.13028336987759861,0.8580453845118152
W31854,-2.9102652,6.687928,10GMP,0.020608944819837445,0.052571451731595005,0.6552361268576972,0.24539967882340372,0.026183797767467556
W31855,5.8840604,5.627713,5Ery,1.796698745988704e-05,0.004533800895992373,0.026890633390909118,0.12736714959609932,0.8411904491295402
W31856,-4.4779882,7.7953157,13Baso,0.02618780086174837,0.017965976131363488,0.2793583486875435,0.6424748620365195,0.03401301228282616
W31857,-5.4715714,7.662709,13Baso,0.032218567978199046,0.007152451781959769,0.16720991342776423,0.7537912088984156,0.039627857913662384
W31858,7.029447,6.4201593,2Ery,2.7414745671885382e-05,0.004626657684383756,0.006594458554525419,0.13038395617175186,0.8583675128436681
W31859,-0.07898658,5.420951,12Baso,0.005014758485039642,0.04400189507721933,0.8336061970214452,0.03245895045730719,0.08491819895898964
W31860,-3.0531735,7.8016768,12Baso,0.010061926435443626,0.029966615636797367,0.6291849270813072,0.31984050564569133,0.01094602520076142
W31861,-5.2648087,9.873474,15Mo,0.013472398943537913,0.011219830118520027,0.17704128995298557,0.7555935645175228,0.04267291646743468
W31864,-6.548299,7.8064027,13Baso,0.0348254402545525,0.0033425480217482576,0.10496300658367179,0.8115866473881228,0.045282357751905665
W31865,-6.5789347,6.9871764,13Baso,0.04640187791943943,0.003456988726028385,0.1132940230915535,0.7949836575401554,0.041863452722824136
W31866,-4.339179,8.153519,13Baso,0.059542760221913515,0.018770852128017795,0.2645839192971566,0.6287554756615534,0.028346992691359676
W31868,-4.913073,7.624414,13Baso,0.0329058921699398,0.01108041715500877,0.2192180489067365,0.7024417435773358,0.03435389819098017
W31870,-4.395021,6.0497184,10GMP,0.023430185998342692,0.025949313923219135,0.40432578562396565,0.4978585583517855,0.048436156102687956
W31871,-5.173218,10.079034,14Mo,0.00889896059664873,0.008391185945489578,0.13458205372025187,0.8017865154386034,0.04634128429900749
W31872,-7.0246887,7.595495,13Baso,0.042429183240053056,0.0019316096613338145,0.0861611614690793,0.8234812265671149,0.04599681906241992
W36865,-0.31704587,4.4220834,7MEP,0.0033078144933155608,0.05031039144715187,0.8678124882610734,0.007091204382774419,0.07147810141568567
W36866,-5.195735,8.161657,13Baso,0.029569938485897496,0.012127962690984085,0.21272464511827824,0.7101118576652934,0.0354655960395478
W36867,-0.7401379,5.3482847,9GMP,0.004640851746198089,0.053141378804129016,0.8578145810193432,0.013506332870249507,0.07089685556008123
W36868,-7.176763,7.906358,14Mo,0.039754921301641585,0.0018841734146482693,0.08896748580681917,0.8228746472429406,0.046518772233951386
W36869,9.404691,5.2576723,1Ery,4.16348565143562e-05,0.00483256545555303,0.0016377961674636466,0.1312682677348074,0.8622197357856625
W36871,7.391104,2.8443432,3Ery,4.7460087443927265e-05,0.004932868249474432,0.0013138882149770184,0.13148953061756447,0.8622162528305412
W36873,-8.320103,6.92088,13Baso,0.08197279105685172,0.00044426658841407665,0.0455570151366597,0.8234508165091589,0.048575110708916604
W36874,-5.19797,8.034777,13Baso,0.05468800086078882,0.01557106937083774,0.2010500092650021,0.6954806600565663,0.033210260446806014
W36875,-7.864139,11.213233,15Mo,0.0026192881086941995,0.003475896416011919,0.006641248000458667,0.9231825704804887,0.06408099699434756
W36876,5.706852,6.885144,2Ery,5.1144481190296156e-05,0.004912684225733916,0.043510493975561684,0.12446016609890574,0.8270655112186094
W36877,-7.8474317,8.382696,13Baso,0.02482274434092643,0.003132971725659807,0.11431250105306881,0.8028204757806798,0.05491130709966613
W36878,7.4225535,4.0758686,5Ery,3.791981641356877e-05,0.0047896876902667794,0.003580228755793713,0.13100227730080027,0.8605898864367267
W36879,-7.393911,8.754498,14Mo,0.03515983345320156,0.0018927598058537673,0.07069239260217886,0.8435275407085765,0.04872747343019031
W36881,8.9253025,4.8392706,3Ery,3.996469220842923e-05,0.00481272181295277,0.0022202584389996753,0.13117974300333232,0.8617473120525078
W36882,2.8957505,5.266265,6Ery,0.0006520840269297498,0.009451064197426823,0.43235323019779065,0.07513936529051586,0.48240425628733785
W36883,8.315766,4.777311,2Ery,3.856125383988968e-05,0.004791333062847228,0.0026759769997122826,0.13110079699202534,0.8613933316915763
W36884,-2.6110373,3.7573547,19Lymph,0.0008142053572203045,0.7824611758846955,0.02715435086753796,0.1252634710520702,0.06430679683847695
W36885,-6.9132004,9.651104,15Mo,0.016137154815137125,0.00339613366872966,0.07202524978890192,0.8564093644704028,0.05203209725682943
W36886,-2.8434968,7.1242733,12Baso,0.008382536370099392,0.028531794443221355,0.6867743506579526,0.2536381207140692,0.022673197814658347
W36887,-0.9877909,5.3472786,7MEP,0.004497674423986784,0.0557743194848071,0.8599140344044216,0.012936339242166663,0.06687763244461876
W36889,9.38075,5.819462,2Ery,4.063403019782693e-05,0.004815492041012306,0.0019278938836419797,0.13120972691908958,0.8620062531260593
W36890,-0.37281448,6.6847177,8Mk,0.004963706490638753,0.016755009399748173,0.7875778017883441,0.10315693746755657,0.08754654485371341
W36891,-7.8952913,8.035354,14Mo,0.045006245152947,0.001201412806305364,0.06803877278995324,0.8366168114645215,0.049136757786273855
W36892,-8.167539,7.974372,14Mo,0.04868012091540549,0.0005389560995249287,0.054238446149213214,0.8460268708369115,0.05051560599894576
W36893,-0.9653443,6.823562,8Mk,0.006983470949429128,0.018084039764956258,0.7496181224191791,0.13427704965207538,0.09103731721436102
W36894,5.0746126,4.0054765,5Ery,5.8722631560879384e-05,0.004337462974935559,0.06010178968576583,0.12432775182880404,0.8111742728789347
W36895,-4.8704963,9.172216,14Mo,0.020664270814449937,0.01181319299844219,0.22516834420714485,0.7053508633091182,0.037003328670845825
W36897,8.787072,6.018376,2Ery,3.687101520921886e-05,0.004758404138432237,0.003095005061672156,0.1309928136200652,0.8611169061646221
W36898,7.006013,3.2169776,3Ery,4.226620958023993e-05,0.004834561055555762,0.0038277494261339685,0.1311118799867003,0.8601835433220308
W36899,-2.1975167,6.7890277,9GMP,0.01583302247117551,0.016147944851457582,0.5507268702292615,0.3435704757762984,0.07372168667180806
W36900,5.517488,5.195312,5Ery,9.006790450599357e-06,0.004406501120783961,0.029698311442404795,0.12689751308951097,0.8389886675568506
W36901,7.33391,5.0240088,3Ery,3.174146254967833e-05,0.0046978458205009605,0.005241174852235672,0.13065678921955937,0.8593724486451554
W36902,5.870107,4.1165752,5Ery,2.5996746175597323e-05,0.004569803536906929,0.016980928995756605,0.12910207757726105,0.8493211931439008
W36903,-7.3100553,7.985184,14Mo,0.043136761048564023,0.0016978851995029026,0.08596484181632698,0.8230788757151088,0.046121636220498266
W36905,8.81154,4.712893,2Ery,4.0560457068997225e-05,0.004822543416930456,0.0021148762175235633,0.13120660465580133,0.8618154152526767
W36906,8.905146,5.1549773,2Ery,3.974025477056638e-05,0.004806694430981223,0.002237179929418203,0.13116741082512234,0.8617489745597086
W36907,-5.6137013,9.397087,14Mo,0.017916873151446105,0.008324657081836816,0.1700653094865703,0.7618364863935785,0.041856673886569135
W36908,-5.8091903,11.09127,16Neu,0.0026680938387500367,0.0046645142355885355,0.061066021889706654,0.8767817286347107,0.05481964140124505
W36909,-0.8159236,5.4860477,9GMP,0.0043570056572718565,0.04802837529097848,0.8572372576820295,0.01976070873862479,0.0706166526310962
W36910,-7.370163,11.347171,16Neu,0.0018475653962496863,0.003683502016386971,0.017197779655367427,0.9152612006096673,0.06200995232232948
W36911,-8.086336,11.006884,15Mo,0.004316913339980085,0.003267976979054294,0.005135568750106465,0.9229146671711185,0.06436487375974177
W36912,-5.1691008,5.8855104,10GMP,0.029512187327511083,0.02138957422402779,0.33324868079607095,0.5693148464142845,0.04653471123810673
W36913,7.980389,4.729596,3Ery,3.671707805868545e-05,0.004763951474294879,0.0033424567761606468,0.13099226437388414,0.8608646102976026
W36914,-6.6416593,7.7652054,14Mo,0.03695868867857974,0.0034173538970361348,0.11539084078666066,0.8014377569810792,0.04279535965664513
W36915,-0.044877153,7.182089,8Mk,0.004707254031875846,0.008604786552232284,0.5983704005619377,0.15757353520025386,0.23074402365370125
W36916,-4.7556314,9.289474,14Mo,0.020876954886065956,0.011241857243509566,0.20677805439661756,0.7233697306042164,0.03773340286959154
W36917,-6.120902,9.30128,15Mo,0.025085155529706925,0.004206276727893692,0.10631045362722982,0.8195509350626123,0.044847179052558174
W36918,-5.086449,10.704952,16Neu,0.005664283843577971,0.007616230739154549,0.12940483866519295,0.8100620549911456,0.04725259176092989
W36919,5.433187,5.258136,5Ery,1.183124816610519e-05,0.00443865659322984,0.031145724092302155,0.12661392280090145,0.8377898652654014
W36920,-6.953974,8.745698,14Mo,0.028888919223233573,0.0029613039662056734,0.10753779215294725,0.8141084382410795,0.046503546416535084
W36921,-4.956312,10.302744,16Neu,0.009185619800797296,0.013408065727999073,0.16157812376854422,0.7698547483174394,0.045973442385221074
W36922,4.303886,5.501183,4Ery,2.7706034214122982e-05,0.004634548600283803,0.12147892736546928,0.11358471511071787,0.760274102889316
W36923,8.77515,5.4720373,2Ery,3.825600554444969e-05,0.004783921956666679,0.002750239616081924,0.13107072236389655,0.8613568600578113
W36924,-6.945785,7.174351,13Baso,0.061862126702324084,0.0037955244979360177,0.10445569056579741,0.7875664142871737,0.04232024394676987
W36925,-7.9878287,7.5357075,14Mo,0.0617827485564365,0.0007687959569221291,0.058776040328782794,0.8306841432388753,0.047988271918984325
W36926,-5.9269524,7.69292,13Baso,0.034200833609269,0.005416421458321131,0.15077508386206775,0.7658158792889075,0.04379178178143565
W36927,3.8365202,4.833439,5Ery,0.00010096722519281592,0.004657374028215019,0.19865607273379987,0.10468347056517456,0.6919021154476187
W36928,-5.727532,6.8303223,13Baso,0.025012753059549177,0.009691561304188611,0.29055281517741677,0.627823446972504,0.04691942348634238
W36929,-0.39220738,5.0608,7MEP,0.004144234845035487,0.06484055227752034,0.8540893005381036,0.011401465419673447,0.06552444691966798
W36930,-6.366048,11.090063,15Mo,0.0025074537304756433,0.004277535969000273,0.0509198315598181,0.8861872980403606,0.05610788070034643
W36931,2.300768,5.310045,6Ery,0.0007549929156972995,0.01336528916022849,0.5253850460195862,0.05706067627394448,0.4034339956305444
W36932,-6.429794,11.131744,16Neu,0.003001454205218785,0.004173421624297583,0.0427091974863952,0.8926021727028873,0.05751375398120212
W36933,-7.623962,9.965474,15Mo,0.008366735288618372,0.0031691837984160263,0.03393267861884438,0.8951323648094199,0.05939903748470223
W36934,-2.3246913,7.3716726,12Baso,0.00735881430984599,0.04060977602964551,0.756672724988617,0.17874206956853994,0.016616615103352463
W36935,2.4584675,5.3338265,6Ery,0.000998757068538169,0.01641655307359084,0.5405996436845485,0.053943542418156944,0.3880415037551666
W36936,-7.1500025,7.5864906,13Baso,0.17530044864734384,0.0049284832324229385,0.07428006040157353,0.7080704497237468,0.03742055799491385
W36939,-6.177312,9.789951,14Mo,0.011668140356489866,0.0049580284160845355,0.10118790545472464,0.8331196443599109,0.04906628141279107
W36940,-5.8403077,10.566894,16Neu,0.004377034321812864,0.004661211106814255,0.06701483636594062,0.8703183795190661,0.0536285386863671
W36941,-6.8050084,8.10211,14Mo,0.03680540308650241,0.002865120377041063,0.1069960680123361,0.8093798180930175,0.04395359043110388
W36942,-5.8179665,8.721752,14Mo,0.03157326640156799,0.004134348507113465,0.12323610255420944,0.7995818309205214,0.04147445161658868
W36943,7.12121,6.7381763,2Ery,2.7739260604568842e-05,0.004631185854084046,0.007178593641765569,0.13027815837134868,0.857884322872198
W36944,1.9953607,4.9145846,6Ery,0.0012513157042425402,0.021906210378185943,0.6405842678860167,0.039740547078304926,0.2965176589532509
W36945,0.31450805,4.081595,6Ery,0.00339289220495226,0.04601176198126366,0.8339101884649767,0.004287362586272115,0.11239779476253631
W36946,-6.240652,6.6120243,13Baso,0.03686910640488367,0.005289098270609439,0.15610891436266008,0.7596610486996199,0.042071832262227674
W36947,-5.8073072,9.045976,14Mo,0.025789465591669867,0.005252230987482545,0.13477824396739746,0.7916142116468562,0.04256584780659497
W36948,-7.0403857,10.8234005,16Neu,0.003806046842911956,0.0038022118334070133,0.0387703919146287,0.895409437738377,0.05821191167067624
W36949,8.247567,4.755536,2Ery,4.052812891532807e-05,0.00482553266210016,0.002131396099395824,0.13120612171385784,0.8617964213957319
W36950,8.8360815,6.4228687,2Ery,3.715314902948239e-05,0.0047592495548469975,0.0032886204344405087,0.1309551931025321,0.8609597837591519
W36951,6.5787597,5.235752,5Ery,2.4781305487724972e-05,0.004593336544123842,0.00920399097839157,0.13005391206372752,0.8561239791082704
W36952,7.030838,5.523618,2Ery,2.6607228654991383e-05,0.004627825303098028,0.008159298354215161,0.13017799282395034,0.8570082762900825
W36953,4.553587,5.1149383,5Ery,1.9949717918241275e-05,0.004050513776690487,0.09045055328603037,0.11907317330240637,0.7864058099169554
W36954,8.384013,6.8092337,1Ery,3.504220478308155e-05,0.00472622693689361,0.003666952837066439,0.13087669456296722,0.8606950834582907
W36955,-6.069114,6.4995127,13Baso,0.043622297840343834,0.011988383909603245,0.20532107859595086,0.7005646229956773,0.03850361665842573
W36956,-5.372794,8.391281,14Mo,0.031124230338836437,0.007166819942119359,0.16687531312430123,0.7565398657256797,0.0382937708690643
W36957,-6.4069524,8.84173,14Mo,0.03142002493500321,0.003667059436284977,0.11130276242443153,0.8099422327386122,0.043667920465668975
W36958,-6.8209796,11.458506,16Neu,0.0009509428424091857,0.004201713485423053,0.03486250686854398,0.9008608291003785,0.0591240077032463
W36959,8.180371,7.0086083,1Ery,3.4051413236630586e-05,0.00471076787558767,0.003987907219514333,0.13081577211132508,0.8604515013803373
W36960,6.1420226,3.9317603,6Ery,4.3081060559436904e-05,0.004599298471903172,0.017128408925530195,0.1295381120592654,0.8486910994827427
W36961,-7.4633784,9.012364,14Mo,0.02622591128014295,0.002261169918570408,0.0702333042487894,0.8495630762617675,0.05171653829073069
W36962,-8.183354,8.135602,14Mo,0.03680727641862998,0.0012044649440722947,0.05535106450783071,0.8545787517689569,0.052058442360511104
W36963,-7.520457,9.568637,15Mo,0.014738388857487874,0.003608921916513153,0.07752255724250838,0.8493874480887761,0.05474268389471554
W36964,-8.156442,6.877567,13Baso,0.11212091506021844,0.0013769473093376667,0.048817426109742594,0.7919616344279578,0.04572307709274459
W36966,-7.66716,10.166019,15Mo,0.006321571380388294,0.006644585144649746,0.12521714849529308,0.8078044830521858,0.05401221192748406
W36967,9.130374,4.576933,1Ery,4.343163113026161e-05,0.004870050306249618,0.001283052596335943,0.13135807274296538,0.8624453927233198
W36969,-0.3671948,7.577974,8Mk,0.005137383530204155,0.003095545333220239,0.7276143186617996,0.158792354570247,0.10536039790452992
W36970,-6.6568303,11.205953,15Mo,0.0023974237475650386,0.004688895050082308,0.05078475591378256,0.8850631360862863,0.05706578920228488
W36971,-7.2686296,8.519713,14Mo,0.03994074194405494,0.0013575888784931069,0.07574000633633213,0.8356181355905227,0.047343527250598094
W36972,-4.810953,6.5511193,10GMP,0.024023998470849742,0.01527842446801474,0.34156512587285215,0.5773792723675761,0.041753178820708205
W36973,-4.1866736,6.70591,9GMP,0.01921041022710869,0.01662722208503151,0.4112543371343194,0.4959991130296851,0.05690891752385615
W36974,4.5984893,4.636793,4Ery,9.685629477129048e-06,0.004022445915999622,0.08184254081493735,0.12019965840973681,0.7939256692298501
W36975,-7.807185,9.486534,15Mo,0.018444405657394886,0.0025845999785833224,0.05566925109654345,0.8683223739238892,0.054979369343590156
W36976,0.8367808,4.07405,4Ery,0.00794965431303992,0.045357683037553116,0.7712184427137346,0.01462417849900343,0.16085004143666987
W36977,-4.48499,2.5357015,11DC,0.8249030812564413,0.03721053275752724,0.010813762304317636,0.12609577688587661,0.0009768467958383485
W36978,8.797628,6.493694,2Ery,3.6781297555348436e-05,0.004753328430090752,0.003050963556123576,0.13099234419613925,0.861166582520092
W36979,-6.6131625,8.006395,14Mo,0.03164940215129282,0.0044556735058076434,0.1404035753905533,0.7802972466936454,0.04319410225870186
W36980,-4.179651,8.2566185,14Mo,0.028868901495077193,0.018479281902585975,0.2995066039492212,0.6231554540877435,0.02998975856537311
W36981,-0.37459671,7.4898047,8Mk,0.005110267479065809,0.003857459640083669,0.7123952373957237,0.1597814226541543,0.11885561283097343
W36982,-6.943388,7.8869133,13Baso,0.026744912202180407,0.004833323966621944,0.19518015622661056,0.7238184072686709,0.0494232003359172
W36983,4.2875557,4.443317,6Ery,5.228361157212311e-05,0.004316764055700456,0.1354941397411486,0.11322505515705542,0.7469117574345243
W36984,-5.6261654,6.7538533,13Baso,0.03759422652642262,0.013260493244479936,0.22888185914736128,0.6842873381781052,0.03597608290363208
W36985,5.9885707,4.949278,4Ery,2.050713388950267e-05,0.0045487720257184625,0.011842224522462579,0.12963310246658577,0.8539553938513447
W36987,-3.8062027,6.1001635,13Baso,0.025828427629718504,0.05601444112586266,0.49129043141616996,0.39633159559260966,0.03053510423564029
W36990,-6.231031,9.004506,15Mo,0.028652447681588904,0.003698128669447096,0.11121286275288632,0.8127177756843054,0.04371878521177332
W36991,-5.046787,6.9429417,13Baso,0.03158231888209946,0.014896062904013537,0.26643396683343157,0.6509494139303027,0.036138237450153696
W36992,7.4973197,3.989646,4Ery,3.998942999750333e-05,0.004823420729717915,0.0025752541008961004,0.13115375212699118,0.8614075836123982
W36993,7.6012216,6.9518557,2Ery,3.063529454338911e-05,0.004664715762686636,0.005254643960972148,0.13059152470450713,0.8594584802772917
W36994,-5.5109496,11.199746,16Neu,0.0021580389109236856,0.0051726219817074285,0.07188472081206655,0.8674325062281658,0.05335211206713762
W36995,7.045845,7.6513968,2Ery,2.618588707734588e-05,0.004604580037905496,0.008133049951999146,0.13009328796489117,0.8571428961581279
W36996,4.138176,5.6435256,5Ery,5.200835142006549e-05,0.004727355509458181,0.13063828419949686,0.11259595547534242,0.7519863964642833
W36997,8.164355,6.685472,2Ery,3.4457524596123295e-05,0.004722735336578295,0.003916041655180776,0.13084059300840828,0.8604861724752374
W36998,3.7371387,5.2607584,5Ery,0.00019152418787851008,0.007171210533720469,0.3100380097774838,0.08630479457389707,0.5962944609270211
W36999,-5.3681474,6.195048,10GMP,0.0397342585716564,0.017862639729153362,0.26447705426631074,0.642501797371255,0.03542425006162556
W37000,-7.0114026,6.6544566,13Baso,0.041031608047241444,0.003293393509207769,0.1135780645560101,0.7968389262714405,0.045258007616101215
W37001,-4.0201964,7.4680853,13Baso,0.04041279176582522,0.03051400730327181,0.37413860813426153,0.5263961419605706,0.028538450836071736
W37003,-0.60253143,4.855122,8Mk,0.005172744435334791,0.05427461564099697,0.8488367966671199,0.011007616237912075,0.08070822701863727
W37004,-6.300107,11.266061,16Neu,0.0024563525394015245,0.004327225341792837,0.05016780156730688,0.8868448782889405,0.05620374226255916
W37005,-5.79321,6.783258,13Baso,0.03806497316301154,0.009632116966637825,0.19221684229472913,0.7223958594948865,0.037690208080736115
W37006,-0.5889395,4.707505,7MEP,0.005491585857632197,0.06233304781119235,0.8386985932335094,0.012283205729903282,0.08119356736776386
W37008,7.0143943,5.4554396,4Ery,3.1110227597128e-05,0.004687210903763827,0.005488474007509748,0.1306089278601834,0.8591842770009469
W37009,-6.9880986,7.880734,13Baso,0.0298652363575287,0.003678431651307972,0.1468788810752805,0.7738856452094943,0.045691805706389456
W37010,0.19952232,4.4459844,6Ery,0.0034320522415836933,0.04580000814527794,0.8564842186116449,0.001996632081777182,0.09228708891971724
W37011,6.354133,6.9898477,2Ery,1.8070124268631702e-05,0.00450121116545457,0.010308039302208161,0.12972949929050726,0.8554431801175624
W37012,-2.6411312,6.8073254,14Mo,0.027539045275873905,0.060813308102545115,0.6368486778830132,0.242039830284405,0.03275913845416376
W37013,-6.1979685,11.213185,16Neu,0.0026676083905730354,0.004295336609752099,0.050794043300086605,0.8862289043154282,0.05601410738416099
W37014,7.7978654,6.278036,2Ery,3.182082646878786e-05,0.0046897232005323275,0.005034364614444288,0.13065194974927916,0.8595921416092764
W37015,-3.9140484,7.8317614,13Baso,0.01701083912760846,0.012165567050312522,0.3264502279485051,0.6078885837763324,0.036484782097242485
W37016,-5.417725,9.770967,14Mo,0.012525904265720037,0.007019245293677621,0.1555161624792421,0.7808408586411439,0.04409782932021731
W37017,3.5055192,5.1259813,6Ery,0.00031161009350096276,0.008508518756198808,0.3447089314967531,0.08170107891845982,0.5647698607350882
W37018,7.758587,7.523932,2Ery,3.019859147230638e-05,0.0046532855041252225,0.0059609488148332735,0.13045987927340508,0.858895687816165
W37019,6.2226357,6.821067,2Ery,2.7004402163944722e-05,0.004623937602618363,0.01894786036968774,0.12833966932911733,0.8480615282964137
W37020,7.2845635,7.457811,2Ery,2.597409072390121e-05,0.004601331687381897,0.007158838498840192,0.1302542523339845,0.8579596033890705
W37022,-0.8363372,6.941327,8Mk,0.006377755126174828,0.014327191488075071,0.7028316632852265,0.15786964450987875,0.11859374559064581
W37023,7.4681387,6.0034223,2Ery,3.103141617851812e-05,0.004680206500684425,0.005592282433379751,0.13056553999125176,0.8591309396585065
W37024,8.174262,4.3811293,4Ery,4.0015942203658026e-05,0.004820681736662668,0.0024634900162819077,0.1311595187970449,0.8615162935078079
W37025,-4.975415,8.44372,14Mo,0.0334215264400126,0.011153390961762103,0.19378960709941812,0.7259592026204496,0.03567627287835858
W37026,-1.6154197,5.6934385,17Neu,0.004458839054175127,0.059196646162862326,0.8390882730796109,0.08794463672217817,0.009311604981174455
W37027,3.1402547,5.3433213,5Ery,0.0003813517353874508,0.008752986971873513,0.3334677302282391,0.08416658127793818,0.5732313497865626
W37028,-6.2727914,7.458873,13Baso,0.03669028587571839,0.0042770620582385675,0.1301668459845113,0.7866340114480094,0.04223179463352335
W37029,-0.29989856,4.0952406,7MEP,0.004157520515363193,0.05487326281481323,0.8484724523903993,0.00755514729042654,0.08494161698899874
W37030,6.0470166,4.4702673,3Ery,2.120082816289646e-05,0.004549878138855074,0.011947564333907089,0.12966206992151627,0.8538192867775596
W37031,6.716472,4.2246547,5Ery,3.339519264940001e-05,0.004687901317230907,0.006927181822797192,0.13053571038830403,0.8578158112790194
W37032,-6.6944947,6.8403606,13Baso,0.04927699704298768,0.003255334905573229,0.11439973311377427,0.7911025922054695,0.04196534273219629
W37034,-0.7829341,7.206635,8Mk,0.005222261530742248,0.008077952506996675,0.7642514015794574,0.13563015474881832,0.08681822963398629
W37035,0.23264387,4.345278,6Ery,0.0029771072033793968,0.055225083023967156,0.8171720163962314,0.00828196267313815,0.11634383070328493
W37036,5.9038935,6.222398,5Ery,1.399713833290491e-05,0.0044742866732916395,0.02191771088615666,0.1279630075559504,0.8456309977462695
W37037,4.337793,4.7687154,5Ery,0.00033917799192480994,0.005763960369258746,0.21599523303506915,0.10663542682351591,0.6712662017802323
W37038,-4.9356318,2.3395631,11DC,0.8346125463982039,0.024861246921596504,0.0005188174952718255,0.13961046670169355,0.0003969224832353372
W37039,7.043603,5.977535,5Ery,2.764200337986998e-05,0.004635788696189601,0.006869782137367324,0.13036152678317556,0.8581052603798887
W37040,-4.3424335,9.513172,15Mo,0.01354689870085921,0.021161262695048984,0.2875589678078139,0.6423109869342943,0.03542188386198456
W37041,6.710581,6.3530593,2Ery,1.9446619984410893e-05,0.004530623499951785,0.011992379114288342,0.1295046112841362,0.8539529394816403
W37042,7.4829993,6.5103526,2Ery,3.0236608916948307e-05,0.004665201104496536,0.005406010521936701,0.13058299484257685,0.859315556922074
W37043,-6.867619,10.199253,15Mo,0.007688750131087378,0.0035987235870078836,0.05045334417939604,0.8826924270678291,0.05556675503468059
W37044,-5.791209,10.1043625,15Mo,0.009222762746129922,0.005445008724955835,0.09796293037294593,0.8374187864200232,0.04995051173594617
W37045,-7.615897,8.6241665,13Baso,0.027614557178371888,0.002590793204264654,0.10918596305419509,0.8078177047443843,0.05279098181878501
W37046,-6.8334146,8.646997,14Mo,0.038643887294063005,0.0025637482470252403,0.09698150926263889,0.8173911050561077,0.044419750140166206
W37047,-6.435781,8.907104,14Mo,0.03478092559936563,0.0031531676793276706,0.10905306377962466,0.8101779832453535,0.04283485969632937
W37048,-4.8690567,8.343133,14Mo,0.03323814527879511,0.01022105901341788,0.1915296879656061,0.7298195721343993,0.035191535607782494
W37049,4.250857,4.9528556,5Ery,2.0804965335876013e-05,0.004092620886835182,0.11617196423018551,0.11540746843610013,0.7643071414815444
W37050,1.5661671,5.1773534,7MEP,0.0016661915655068896,0.02588811615742592,0.6775992843740828,0.03205722348231619,0.2627891844206692
W37051,6.2420125,4.916616,3Ery,2.181160856283396e-05,0.004561767054415973,0.014303916627541536,0.1292878075418097,0.8518246971676711
W37052,7.220309,5.8630347,2Ery,2.9953576761046528e-05,0.004666694155064319,0.006232554560160989,0.13047033419728618,0.8586004635107284
W37053,-0.041454066,5.0007367,7MEP,0.0027089697367428146,0.04421678234605362,0.8588825359801252,0.004685932407808182,0.08950577952927118
W37054,7.7666388,7.4620705,1Ery,3.0253177916176217e-05,0.004654376097035962,0.005518028033677281,0.13053512945468299,0.8592622132366885
W37055,-8.00729,8.303931,14Mo,0.04631822014088652,0.0007681447785737743,0.062336809188620564,0.8417737938730641,0.04880303201885609
W37056,7.3092117,6.218591,2Ery,2.9304065473337736e-05,0.004656503818421531,0.005996772699108751,0.13049557844671547,0.8588218409702818
W37057,-6.6467853,9.499008,15Mo,0.012569703541655966,0.005913895019439499,0.13083578665204498,0.8029706449233809,0.04770996986347967
W37058,-8.380711,8.47306,13Baso,0.029639683136684154,0.0014510728653243884,0.040276220668285914,0.8722003274805581,0.056432695849148534
W37059,6.466926,5.2082887,4Ery,2.0866636513580816e-05,0.00455146432475222,0.012941204721894885,0.1294596813392319,0.8530267829776084
W37060,-8.922875,8.454506,13Baso,0.038015077851250016,0.0008918909866961151,0.027230081932176516,0.876025971509844,0.05783697772003441
W37061,3.330639,4.8272953,6Ery,0.0006364588459321241,0.007270113532254487,0.35788068510245863,0.09089046113783537,0.5433222813815204
W37063,-3.7183344,6.546455,9GMP,0.01701045594235809,0.01619290060335807,0.45979918662187774,0.44745042103151034,0.05954703580089682
W37065,9.250404,4.0271726,3Ery,4.531558523268175e-05,0.004903567554575578,0.0008188767037117672,0.13145643931026935,0.8627758008462116
W37066,3.7699785,5.0242653,6Ery,0.0001751816350012884,0.005843845269035277,0.2553630939553655,0.09602034644037169,0.6425975327002271
W37067,8.297204,7.039023,1Ery,3.389721441706935e-05,0.004708708525351917,0.00490496322962353,0.1306630039723667,0.8596894270582418
W37068,6.886407,4.1134524,4Ery,3.2822284212612685e-05,0.004722068111089518,0.005882301792657092,0.13063336193090497,0.8587294458811368
W37069,-7.3140087,7.3441744,13Baso,0.04362815555340292,0.0019187040795475496,0.08601894488246109,0.8213425963475421,0.04709159913704735
W37070,-5.460291,5.9358344,9GMP,0.023322415680504836,0.016659076588544288,0.30175368715484185,0.5989313361205627,0.059333484455547404
W37072,-0.17038344,5.1011467,7MEP,0.0034221773889060642,0.05351876510194754,0.8620686293754465,0.007140899738003011,0.07384952839569782
W37073,-5.716412,8.786999,14Mo,0.03141711862151217,0.004907725479055265,0.13178930282310822,0.7914484160481282,0.04043743702819727
W37074,-7.0172334,8.289898,13Baso,0.023140037334660662,0.004836598959704306,0.16920424038109144,0.7552967801501782,0.04752234317436639
W37075,-8.35103,7.5438113,13Baso,0.05088877867136178,0.0005459955851720576,0.05158469576557761,0.8453321851184432,0.05164834485944622
W37076,-2.5166333,3.684438,19Lymph,0.0007843492196923676,0.7910134190763529,0.017277245624329342,0.12668017006145332,0.06424481601817297
W37077,-3.362814,6.599012,10GMP,0.022216269100042832,0.03435626661496125,0.5377139351342831,0.372296692722669,0.03341683642804476
W37078,-1.5541352,6.781972,9GMP,0.009193854577976971,0.026016032095031408,0.6988321609996868,0.18305386580575825,0.08290408652154746
W37079,3.9833963,5.40005,5Ery,0.00010169456368522541,0.005267189336622698,0.18150850623196133,0.10553154479407405,0.7075910650736577
W37080,-6.2273755,11.451175,16Neu,0.0015689629468928841,0.004449058057603271,0.048733880618542245,0.8887267056723998,0.056521392704562905
W37081,-6.110236,8.733565,14Mo,0.03244047080273171,0.003868091157036487,0.11774946003195709,0.803899057244667,0.04204292076360869
W37082,-6.5190406,10.207891,15Mo,0.006955020930041707,0.005789335010563795,0.09618610926887254,0.8389736757235003,0.05209585906702262
W37083,7.73145,5.994927,2Ery,3.0942808508067526e-05,0.004678675380415116,0.0075280275413221985,0.1302662699805371,0.8574960842892185
W37084,8.066209,4.741751,3Ery,3.924014570394782e-05,0.00480576180589739,0.0027239763779040543,0.13111309421588477,0.8613179274546108
W37085,-5.483618,6.9301715,13Baso,0.02031431736348227,0.006519228036794361,0.2100076769733871,0.7162228795021134,0.04693589812422383
W37086,4.3505855,5.2141395,6Ery,4.7917510541591203e-05,0.00486862374814125,0.13203949471386076,0.11224163748750589,0.7508023265399514
W37087,5.2180033,6.316096,4Ery,3.6119590793415746e-05,0.004654647282226281,0.04480785242754774,0.12478491100454293,0.8257164696948907
W37088,8.339562,4.709255,3Ery,4.0015566102363414e-05,0.0048174762059668445,0.0022629625624080315,0.1311783016365368,0.8617012440289871
W37089,-7.140652,11.171575,16Neu,0.0021017258443625174,0.0038417205152623847,0.030029979894676772,0.9043916665757291,0.05963490716997023
W37090,-1.5344718,7.4663815,9GMP,0.008735857470803207,0.007438855788364833,0.5604651779414439,0.2606459020615934,0.16271420673779577
W37091,-2.1941936,6.100334,9GMP,0.024761197129836182,0.07381251798853528,0.7280054653907593,0.13760463913188456,0.03581618035898561
W37092,-0.73606646,4.7939057,12Baso,0.003961799327154022,0.05669671268735487,0.8690661517330959,0.011749770568773918,0.058525565683622216
W37093,-0.786142,5.092659,7MEP,0.004010711648690962,0.05265273619858286,0.8648307895447634,0.00958961217961391,0.06891615042834985
W37094,-6.0914683,10.853625,16Neu,0.0033494559133262903,0.005376953105078684,0.06454921282681422,0.8718904502784952,0.05483392787628655
W37095,2.8041565,4.637822,6Ery,0.0007975616557178609,0.00921300101445599,0.4000471352145394,0.08450955838240531,0.5054327437328825
W37096,-6.019133,8.201425,13Baso,0.02584122862411573,0.006756063785712203,0.18607543859138073,0.7400217319101163,0.0413055370886761
W37097,-2.6576002,7.9036293,17Neu,0.0072922645470898,0.03044227088315645,0.6676822511033752,0.28793717646902695,0.006646036997352656
W37098,-5.9922967,9.089318,14Mo,0.030077997992384583,0.005868668300685813,0.13899490983262183,0.783110288748181,0.04194813512612771
W37099,8.705177,5.336166,3Ery,3.9136326998892e-05,0.004799785004145919,0.002497883667876853,0.13112367657500443,0.8615395184259749
W37100,-7.1177235,11.576128,16Neu,0.0012826387361511793,0.0038805762501134483,0.024278680705919663,0.9098151548690766,0.060742949438740146
W37101,-6.2180324,7.151098,13Baso,0.028502348471942277,0.005832147188806254,0.1794995131409696,0.7413141124295718,0.044851878768711086
W37102,-6.79016,8.172062,14Mo,0.04644569783406524,0.002392488718047214,0.09523486218709976,0.8121067534668346,0.04382019779395417
W37103,9.499382,4.671831,3Ery,4.407644686429267e-05,0.004878310573534921,0.0010582747049515475,0.1313946160277221,0.8626247222469282
W37104,-6.170737,8.485306,14Mo,0.0254812190688361,0.005199784924550913,0.14889928695002905,0.7775341474926242,0.04288556156396071
W37105,-6.629892,11.180174,16Neu,0.0016348446953829271,0.004158326855307218,0.0388397662968014,0.8971397815618398,0.05822728059066968
W37106,8.237607,5.120218,2Ery,3.6588761040047316e-05,0.004761962620903388,0.003220136459188127,0.1309919182919932,0.8609893938668762
W37107,-3.712752,8.928111,18Eos,0.011328325804322678,0.026787192882720565,0.492398537991027,0.44894816826022604,0.020537775061704615
W37108,0.1635152,5.1134887,7MEP,0.002945605990633919,0.0419930570080066,0.8465513876751753,0.006239896476596712,0.10227005284958841
W37109,-0.3625311,4.556252,7MEP,0.0037455692924363306,0.07280652043732101,0.8392438599966013,0.007622327649705541,0.07658172262393674
W37110,6.215488,5.0457964,5Ery,2.5362907531299776e-05,0.004581079643539313,0.015636798815875593,0.1291555553689162,0.8506012032641385
W37111,-5.71645,9.445299,16Neu,0.021095207095228937,0.0053513288242862545,0.11530715845186709,0.8139055459000645,0.04434075972855429
W37112,7.128195,6.501599,2Ery,2.753663554168753e-05,0.004630444401849745,0.00755346344858958,0.1302261228111102,0.8575624327029099
W37113,5.705553,6.037091,5Ery,1.1865079554425455e-05,0.0044357240653039465,0.022310258239369305,0.1279604525849094,0.8452817000308639
W37114,-6.297341,8.1369705,13Baso,0.035603324733443714,0.004810039718940053,0.1325651213979966,0.7859281242478455,0.041093389901775176
W37115,1.3404325,4.824792,6Ery,0.0018685399760838095,0.032009617555431864,0.712614555151659,0.024178484528602794,0.22932880278822357
W37116,-6.1481724,8.761596,14Mo,0.03750829758909223,0.004057211787965276,0.11700148477190657,0.799764330803621,0.04166867504741603
W37117,-2.909558,7.9324803,12Baso,0.007727991077785772,0.027791944526263643,0.6463789820710367,0.3088742319762514,0.009226850348663362
W37118,-5.1664376,6.7555327,13Baso,0.033385019055959274,0.01252686008325053,0.24675080641421615,0.6693987903222274,0.037938524124347575
W37119,6.441609,4.882197,5Ery,2.529954713328288e-05,0.004607898861520779,0.009129851199153608,0.13006520673761376,0.8561717436545796
W37120,6.844587,5.3136444,2Ery,2.9134314232594077e-05,0.004662923136677273,0.006582841179037865,0.13043748433992064,0.8582876170301326
W37121,8.308755,4.8409257,2Ery,3.9020177517501115e-05,0.004798712640163873,0.002517729957486611,0.1311277326192546,0.8615168046055783
W37122,-7.552004,8.26223,14Mo,0.04513193212796102,0.0009881985306540943,0.07216175596685374,0.8340413117448534,0.04767680162967874
W37123,-6.5267634,10.949099,16Neu,0.004043183610552645,0.003900269864323344,0.04279373962883124,0.8920752632538709,0.05718754364242285
W37124,-6.1591167,8.911671,14Mo,0.02378140564446279,0.006794289201385634,0.18433898131954157,0.7438147679293353,0.04127055590527569
W37125,9.176101,6.234772,1Ery,3.8654011571962274e-05,0.004782380645727466,0.00247110685556154,0.13110170148580583,0.8616061570013342
W37126,-4.6480236,2.468634,11DC,0.8371661712369495,0.028014546350252887,0.0028688415204298186,0.131766204746959,0.00018423614540981895
W37127,8.50774,6.1372037,1Ery,3.531499543014764e-05,0.004734731897907001,0.003551728101881756,0.1309087130011027,0.8607695120036793
W37128,-5.3646984,7.3576484,13Baso,0.0252871130962662,0.008676761095402406,0.22234176088822002,0.7016425239126758,0.04205184100743658
W37130,6.180583,5.344758,3Ery,1.97374444337839e-05,0.004546680874071703,0.016434496969527455,0.1288955939618291,0.850103490750139
W37131,6.404047,5.6041512,5Ery,2.135085252046992e-05,0.004548594033889803,0.01018623960425987,0.12984916607790475,0.8553946494314261
W37132,-6.488944,10.979863,16Neu,0.0010597151358390205,0.0042604930926895945,0.043606597224586235,0.8937115174002578,0.057361677146628376
W37133,-6.260787,11.372608,16Neu,0.0018111582339744076,0.004328806294850014,0.048495627355921965,0.8888490957981471,0.05651531231710748
W37134,3.224035,4.877981,6Ery,0.00027712751591406793,0.007551699109998898,0.3451048350444037,0.08270000710347586,0.5643663312262084
W37135,8.861039,6.6818924,1Ery,3.6813520193863965e-05,0.004752048869372397,0.003054924111608205,0.1309884297745151,0.8611677837243114
W37137,-7.068628,8.60727,14Mo,0.02779145568796313,0.004197840026918417,0.151385626491075,0.7719127183289552,0.0447123594650892
W37138,-7.1801724,10.439357,16Neu,0.005803700943804348,0.0035556857565598354,0.039683656644852676,0.8926533542904651,0.05830360236431902
W37139,8.105336,5.073356,2Ery,3.703392437071631e-05,0.004768778837389566,0.003130471154061783,0.1310137822478414,0.8610499338363375
W37140,2.1993327,5.5714364,10GMP,0.004489334253655911,0.01730488414431959,0.5515793512506458,0.11372656224966413,0.3128998681017155
W37141,5.0657573,5.6146255,5Ery,4.4756486416055326e-06,0.00427685758738212,0.04335978875231646,0.12499055815846967,0.827368319853191
W37142,-7.3416696,7.8674207,14Mo,0.05062914149960831,0.0013023145082528198,0.07741061994166404,0.8245423498147963,0.04611557423567936
W37143,6.6863728,7.239126,2Ery,3.085329236981518e-05,0.004665512324028531,0.012501567712926825,0.12939214707519656,0.8534099195954793
W37144,4.519587,4.4060755,6Ery,0.0003369424856413608,0.004854797184660196,0.15522962801534768,0.11724515639195475,0.722333475922397
W37145,7.057668,4.4713526,5Ery,3.1609663749967487e-05,0.004690343514975503,0.006068606776877208,0.13058495980582024,0.8586244802385781
W37146,8.39126,7.338256,1Ery,3.37744367463305e-05,0.004704121245325288,0.003993945798766306,0.13080775639409134,0.8604604021250717
W37147,-0.07583079,4.6020293,5Ery,0.002899268732667686,0.04906591995698204,0.8393577112840929,0.006478499868320744,0.10219860015793758
W37148,-6.3812027,10.1722,15Mo,0.008720554723078868,0.003907932665137255,0.06790453152998283,0.8658537687117019,0.05361321237010008
W37149,-2.4525113,3.7886083,19Lymph,0.003107905298244605,0.7714177013912726,0.03780846083286497,0.12401174198515452,0.06365419049246421
W37150,-3.0135767,5.87759,10GMP,0.01987505302163149,0.06291902224458303,0.6391552694763647,0.24434981507033668,0.033700840187085135
W37151,8.165812,5.6942406,2Ery,3.444818247449174e-05,0.0047257641639460715,0.0038430209781466504,0.13086781024024866,0.8605289564351851
W37152,5.927761,4.756621,5Ery,2.0709904571240315e-05,0.004499815964708411,0.013915157514861016,0.1294251235126387,0.8521391931032216
W37153,-0.3644701,4.762347,7MEP,0.004715963392991082,0.04985072414593521,0.8557196383825835,0.0061133233010165254,0.08360035077747464
W37154,5.5727205,3.4710944,6Ery,4.580422261776315e-05,0.004724162975267314,0.020830077601872873,0.12896352317185406,0.8454364320283888
W37155,-5.21383,2.771748,11DC,0.7880462519628503,0.020110862368512346,0.001856519505933821,0.1864822644111554,0.0035041017515492017
W37156,7.3735743,4.80473,4Ery,3.282668925320235e-05,0.004713381208529863,0.004998235228672577,0.13071595637657352,0.8595396004969716
W37157,-7.9878745,8.431415,15Mo,0.038477762800566404,0.0013667711190908467,0.05174290820449659,0.8565832954873788,0.05182926238846832
W37158,8.57571,5.2760506,3Ery,3.860303982699549e-05,0.004791963441426946,0.0026628339699436556,0.1310943369938141,0.8614122625549893
W37159,9.139049,5.6099935,2Ery,4.060591489441022e-05,0.004817966075943051,0.0020325631254333046,0.13119834491229826,0.8619105199714319
W37161,0.45193082,5.2715073,7MEP,0.0027456967937775087,0.03520318460658141,0.8211241802531822,0.017360942849037067,0.12356599549742284
W37162,9.604436,5.130467,1Ery,4.230667521335331e-05,0.004844359474810552,0.001477863879569596,0.1313006780286238,0.8623347919417836
W37163,-0.33732307,4.3780813,7MEP,0.003338356903748364,0.04989783464436822,0.8634160894143155,0.003209118351554297,0.08013860068601461
W37164,4.2430634,5.424693,5Ery,4.422991750048975e-05,0.0045286172867098256,0.12622548165323694,0.11347773328364943,0.7557239378589042
W37165,7.710259,3.7588427,3Ery,3.9781820035392066e-05,0.004814465712418319,0.0029197838341379727,0.13113081811319924,0.8610951505202101
W37166,6.178644,5.3160634,3Ery,2.3626645509656863e-05,0.004590869251114486,0.012184198089414304,0.1295731594671393,0.8536281465468232
W37167,-7.472378,8.421759,13Baso,0.02690420815017977,0.0033856467229252543,0.13178776562127315,0.7870590497011195,0.0508633298045034
W37168,7.114288,3.5745835,3Ery,3.9772888033734416e-05,0.004818455098428752,0.004170214202364424,0.13098127038696708,0.8599902874242069
W37169,-6.7445517,10.850212,15Mo,0.0027719666202150675,0.003953071992758021,0.04202682106333203,0.8937789821365377,0.05746915818715801
W37170,-7.545276,8.952161,15Mo,0.02782915153578396,0.002388448930723011,0.07952226636521789,0.8406948118500812,0.049565321318194966
W37171,6.3932133,4.827251,4Ery,2.1304912490903314e-05,0.004560099751364767,0.01137493751995873,0.12969502797006946,0.8543486298461171
W37172,-6.879145,8.869197,14Mo,0.037236465115811246,0.0029153490862625473,0.10181040526412254,0.8132996184044788,0.044738162129325874
W37173,7.3821898,6.3260627,2Ery,2.9422993562908847e-05,0.004656899643005848,0.005832776935444129,0.130517375419494,0.8589635250084942
W37174,8.660876,5.1520276,2Ery,3.957856076338355e-05,0.004808095837155788,0.002409096594729421,0.13114568497958545,0.861597544027767
W37175,-7.1271515,11.382786,16Neu,0.0015695036489055223,0.0038332657364542485,0.024175207260537956,0.9096186175063453,0.06080340584775789
W37176,-8.519381,7.3048363,13Baso,0.04877401552207108,0.0007632783331255932,0.0529075386791623,0.845414970888452,0.052140196577190184
W37177,-6.1944733,6.758928,14Mo,0.03404427166807037,0.0076882445188985885,0.18128168999917973,0.7359112372207058,0.04107455659314639
W37178,3.8906043,5.2042093,5Ery,0.00013539502312818834,0.005285124070982821,0.19422494705906163,0.10466178046089165,0.6956927533859367
W37179,-5.873295,9.976593,16Neu,0.01316762930089696,0.005097014436898029,0.10238322965271866,0.83072415132966,0.04862797527982726
W37180,-5.3242707,8.665531,14Mo,0.033416589831604,0.007780380070879064,0.16692973490436455,0.7547586889852252,0.03711460620792808
W37181,-5.836966,9.734493,16Neu,0.014721273744282897,0.00458436629801182,0.09688199731660596,0.8361899984235274,0.04762236421757296
W37182,-0.6053127,7.7088714,8Mk,0.005700718699438854,0.0014365249942201814,0.691403566069572,0.18441314383121885,0.11704604640555098
W37183,0.72024584,4.460789,7MEP,0.002796527340366251,0.04857441484870565,0.8249342407234295,0.006915837919180903,0.11677897916831874
W37184,-0.8551279,4.9993634,8Mk,0.004746944515195503,0.056217835323741104,0.8589994477220309,0.016195317733401878,0.06384045470563167
W37185,-5.4418716,7.886548,14Mo,0.0343955218172719,0.007564544583725191,0.16341292321609865,0.7564609318219462,0.03816607856095908
W37186,-5.3564014,6.426442,10GMP,0.058491732602138115,0.016244169315894747,0.2779543895963988,0.6093437562401625,0.03796595224540686
W37187,6.449598,5.333859,5Ery,2.3882696101595727e-05,0.004580085968794372,0.0087699391975292,0.13008580808684939,0.8565402840507264
W37188,0.28956583,5.957987,10GMP,0.003300748552075997,0.02603635231857617,0.6909632751893217,0.06074891178692777,0.21895071215309933
W37190,6.5887856,4.927422,3Ery,2.7995472135753303e-05,0.004649664365876781,0.007483798785196845,0.13031209361032806,0.8575264477664636
W37191,-6.5235276,6.917716,13Baso,0.029799642432535377,0.005572546631472728,0.2106563904888376,0.7058569474194809,0.04811447302767433
W37192,-5.3306155,8.484776,14Mo,0.03259132195418964,0.00812434496314425,0.17007687061023197,0.7509749726010216,0.03823248987141355
W37193,8.2206135,5.3818455,3Ery,3.61184714845192e-05,0.00475370256302886,0.0034383356550612373,0.13095399535375518,0.8608178479566712
W37194,5.173145,6.838652,2Ery,1.4952269012124839e-05,0.0045154104176654605,0.04233342505170265,0.12477992690824867,0.828356285353372
W37195,6.524925,7.434907,2Ery,2.7344859049839667e-05,0.004618234520883496,0.016377132359048658,0.1287576102864214,0.8502196779745976
W37196,-5.437897,10.021492,14Mo,0.012463953718754646,0.006067007221628198,0.11820351042181469,0.8166368761292232,0.046628652508580136
W37197,6.139706,6.685091,2Ery,1.657464869463786e-05,0.004490060868551744,0.013454390937971133,0.1292483327100688,0.8527906408347147
W37198,2.7340338,5.560968,6Ery,0.0006257223938373836,0.009074359268980382,0.39125112951049673,0.08136041848312597,0.5176883703435605
W37199,7.373189,5.4764376,4Ery,3.182187827075094e-05,0.0046977912225404225,0.005519118006409826,0.1306115777322486,0.8591396911605313
W37200,-7.2963233,10.052396,15Mo,0.00916614533177388,0.00332576383550538,0.03678063992425237,0.8926925596151641,0.058034891293305246
W37201,-6.0596814,7.004704,13Baso,0.03671158935860566,0.0060498878353574025,0.16144143538179,0.7557791600058734,0.04001792741837461
W37202,3.3524787,6.0452704,6Ery,0.0004991861324516681,0.009455475281561973,0.31943970876085165,0.08582818542432996,0.5847774444008057
W37203,-2.0313873,6.879191,12Baso,0.005343311792078283,0.04510095430160496,0.7901742306465541,0.1392905685154002,0.020090934744363555
W37204,-5.210641,10.727288,16Neu,0.0044947403752870286,0.005525276420680037,0.07918564746729582,0.858913742458593,0.051880593278145155
W37205,-6.6218886,9.018538,14Mo,0.031127332436792342,0.0033314037916172233,0.10634053822131947,0.8148053257738256,0.04439539977644643
W37206,-6.0771976,10.174754,15Mo,0.0091310508199009,0.0051083419349017304,0.09644684280120941,0.8394502634764903,0.0498635009674987
W37207,-8.837004,7.875757,13Baso,0.05589003989391413,0.0001574308255531243,0.03560485866232586,0.854582553860823,0.053765116757384976
W37208,7.598452,5.5430818,2Ery,3.3287034972595446e-05,0.004710146504110853,0.004384509297140083,0.1307806351635336,0.8600914220002439
W37209,-4.5336843,8.452517,14Mo,0.03344488618327191,0.02120753928654424,0.228856545924268,0.6830167621401663,0.0334742664657506
W37210,-4.2123218,8.2866125,14Mo,0.03482692278581037,0.022299813885753268,0.2995735297910819,0.6130511827685505,0.030248550768804974
W37211,-0.8931767,5.8258414,12Baso,0.0052735085703179575,0.05029185245709634,0.8180622477050673,0.04619985491110576,0.08017253635641362
W37212,-2.0276394,6.4341364,10GMP,0.013400208602189611,0.05652295125535718,0.7543119652538107,0.1270671175834884,0.048697757305155
W37213,-0.4963055,4.79127,7MEP,0.004695018608666271,0.0620049471462411,0.8448488892256945,0.00882168494651758,0.07962946007288153
W37215,7.890666,5.8502955,2Ery,3.2781566702710315e-05,0.004704663461948219,0.004708320999142179,0.1307198828013135,0.8598343511708945
W37216,5.4297314,5.4455886,4Ery,9.133014569397357e-06,0.004387548072612971,0.03258295034983305,0.1265413572807187,0.836479011282267
W37217,6.2713027,6.3047557,3Ery,1.944294712150971e-05,0.004530794841633537,0.012337550548436015,0.12946441599050365,0.8536477956723063
W37218,-5.4884934,10.51344,16Neu,0.007326598914080341,0.005398265188010133,0.09054715108835396,0.8466192235455098,0.050108761264046724
W37219,4.4088883,6.482135,5Ery,0.00030096555916707044,0.007914251417213494,0.19572099522270847,0.10057101119269783,0.6954927766082142
W37220,5.980929,7.0456004,2Ery,1.756722674295708e-05,0.004507331696939592,0.016371961942616094,0.12875489705985665,0.8503482420738455
W37221,5.9227047,4.83552,3Ery,2.065529325082657e-05,0.004495040407160784,0.01433161551697746,0.12938715632962627,0.8517655324529856
W37223,6.899119,7.1175156,2Ery,2.370885874034243e-05,0.0045747407210538025,0.008439781225745308,0.13004270228607082,0.8569190669083907
W37224,-5.0314746,8.822847,14Mo,0.027423021869946666,0.007510552607731997,0.17092706132067415,0.7566993106813938,0.03744005352025419
W37225,-7.7373986,8.485912,14Mo,0.040558335530802465,0.0012457024340082592,0.06349811767628862,0.8453814050095879,0.04931643934931363
W37226,-0.6795571,7.29441,8Mk,0.005536547779137354,0.006983525100456397,0.756351056431253,0.144620310152088,0.08650856053706617
W37227,6.035834,6.599703,5Ery,1.4992451019333717e-05,0.004472928163733027,0.017290504068731564,0.12868406485344275,0.8495375104630744
W37228,0.65288043,5.204069,7MEP,0.0025024312222684053,0.0303249876827585,0.7822409159667245,0.024789210406256864,0.16014245472199268
W37229,-0.19688238,4.103758,7MEP,0.0034845506967356218,0.04883713116407606,0.8571769049275112,0.008156042906463776,0.08234537030521429
W37230,-6.3548584,11.603846,16Neu,0.0011362732058221474,0.00429442827576548,0.04405339541207689,0.8933148480423907,0.057201055063945815
W37231,6.431766,6.4346294,2Ery,1.9813740595808216e-05,0.004523144700435549,0.009506312375257358,0.12988405826504704,0.8560666709186652
W37232,-6.865971,6.389393,13Baso,0.045062764690462685,0.0038103760700030076,0.1268282050052848,0.7771781854630125,0.04712046877123793
W37233,6.83098,5.0235305,5Ery,2.8971916948696616e-05,0.004654033229200751,0.007372005547724899,0.1303484551415369,0.8575965341645898
W37234,4.9842243,5.9303956,5Ery,1.6872685090327875e-17,0.004315957107548879,0.048975354121848336,0.1238794635579965,0.8228292252126074
W37235,-5.519839,9.71608,14Mo,0.0153374392424111,0.00554366098926856,0.11073400057451174,0.8221595623078661,0.04622533688594335
W37236,2.4900098,5.2430778,6Ery,0.0008157896104365624,0.014785673358375329,0.5314484719631537,0.05529229042075656,0.3976577746472788
W37237,-5.254263,8.512966,14Mo,0.03788922682455093,0.00583205011406296,0.14386517512989627,0.7743215504116903,0.03809199751980049
W37238,-0.43966213,5.741053,7MEP,0.003719444217194665,0.04689536322919201,0.84414834476301,0.029590696068896142,0.0756461517217081
W37239,6.987594,6.8995824,2Ery,2.621381125085025e-05,0.004611283260543039,0.007710126474743386,0.13018078517854037,0.8574715912749235
W37240,-4.3377447,6.7277946,13Baso,0.03707832338524099,0.028792342001872924,0.37580434160339515,0.5289194865889991,0.029405506420492774
W37241,7.547204,7.3172655,2Ery,2.9448587930087278e-05,0.004644808437722543,0.006054805643923933,0.13044674193980682,0.8588241953906177
W37242,-4.2503104,7.975509,14Mo,0.030200086220833224,0.027881834757163534,0.35639562783544343,0.5551824445888799,0.03034000659768078
W37243,6.563139,6.8503156,2Ery,1.9533347285958963e-05,0.004526077404133996,0.011263784246641997,0.12958556613798683,0.8546050388639522
W37244,-6.4139423,10.247545,15Mo,0.006140926803125653,0.004437287507278283,0.06930510742881568,0.8665625188865596,0.053554159374221914
W37245,4.850425,5.264993,3Ery,7.857459986401365e-06,0.004327976754486982,0.05134360396959945,0.1238431839424487,0.8204773778734794
W37246,5.70689,4.4458847,5Ery,2.5407259468206733e-05,0.004467326200891824,0.021336140123571812,0.12858506251263824,0.8455860639034308
W37247,-0.67622995,5.9979315,10GMP,0.00635731292148375,0.03445324438886177,0.8039272648225428,0.0734225385335938,0.08183963933351882
W37248,3.092169,5.8205304,6Ery,0.00035490473891996294,0.00907140033308825,0.3379116106049235,0.08166276480290946,0.5709993195201599
W37249,-3.3457744,7.5411263,15Mo,0.025997005893356892,0.07049688500950886,0.5409354332410489,0.3265069711086959,0.036063704747390596
W37250,9.482585,4.470681,1Ery,4.468298350884898e-05,0.004889767951835796,0.0009185858156972342,0.1314246486469653,0.8627223146019938
W37251,6.9835443,3.9808624,4Ery,3.6408038590283876e-05,0.004758099782224522,0.005724520774646349,0.13070958608248331,0.8587713853220565
W37252,-1.8727264,6.9172087,12Baso,0.005434264049331417,0.04471257828921339,0.785903098168671,0.12984390266690155,0.03410615682588349
W37253,5.540585,6.151367,4Ery,7.81145947242398e-05,0.005317719597937085,0.057055553880726514,0.12240123717691663,0.8151473747496966
W37258,-8.554623,7.194008,13Baso,0.0628408683872535,6.841666597249872e-05,0.040135947529949326,0.845713252201065,0.05124151521576064
W37259,6.8120894,3.335612,6Ery,4.23017461035253e-05,0.004825910216908802,0.007121999867376652,0.1306447767058496,0.8573650114637623
W37260,1.7545458,4.3745437,3Ery,0.0012544049378797346,0.019992566667760153,0.5308056516859171,0.048248645120658504,0.39969873158778535
W37261,0.48894534,6.9811096,8Mk,0.0018225116212814555,0.006729051669157886,0.32012153637764984,0.12986554924965804,0.5414613510822537
W37262,6.137447,3.0315146,6Ery,5.495923396027069e-05,0.004743318422226484,0.013409831287590492,0.13034103143336048,0.8514508596228633
W37264,5.954916,6.0954103,3Ery,4.262076116598697e-05,0.0048301766442042544,0.042047055432844815,0.125058391273604,0.8280217558881819
W37265,8.011465,3.8842356,3Ery,4.245783982605289e-05,0.004862020692067897,0.0018719496028372386,0.13128777308800538,0.8619357987772643
W37266,8.189034,3.310589,4Ery,4.7064749056215284e-05,0.004937177646069428,0.0005877422549122498,0.1315367062733728,0.8628913090765904
W37267,-8.040725,10.480334,16Neu,0.005280855917898905,0.0032275533048606014,0.007381812895326433,0.9200490186946598,0.06406075918725526
W37268,-0.14042614,5.0255513,7MEP,0.0030021712902489396,0.05193389048645087,0.8588776535662438,0.007532151316281358,0.07865413334077599
W37269,8.336133,3.9460406,3Ery,4.449259911366376e-05,0.004894173001286604,0.001199580513256248,0.131396980730365,0.8624647731559794
W37270,-8.612205,10.330478,15Mo,0.006232855424562677,0.003049190605046383,0.0037505730647676445,0.9216627935669964,0.06530458733862787
W37273,-4.528763,5.729911,10GMP,0.027357619320207176,0.035231914809606565,0.4103828353309615,0.4939884863599858,0.033039144179240025
W37274,-3.466568,7.087683,12Baso,0.013173834183721039,0.01627915247859838,0.49785913011805527,0.4293638593547874,0.04332402386483896
W37275,8.593374,3.3777957,3Ery,4.6964111245421606e-05,0.004934956116721165,0.0005393792227844602,0.1315363401066456,0.8629423604426043
W37276,7.978645,3.3240776,3Ery,4.519214540726604e-05,0.004907354222972999,0.0010757780671268404,0.1314386012211593,0.8625330743433346
W37277,-9.020187,7.9026427,14Mo,0.052385372690205025,0.00019938652081999585,0.029867660347732247,0.8625295514423329,0.05501802899891074
W37278,-3.584065,6.5622506,9GMP,0.017033919047595065,0.0181686673366804,0.4419072355652364,0.4474644199509855,0.07542575809950354
W37279,-2.902942,7.411344,12Baso,0.007724678145796361,0.02113899292753169,0.5635013300919945,0.3692458476470636,0.03838915118761476
W37280,-7.7030935,10.385229,15Mo,0.005688371148196975,0.0034781896125661003,0.025636720878266975,0.9039561725352838,0.06124054582568714
W37281,-8.561303,10.418258,15Mo,0.005784412218463541,0.0031319135301200976,0.003702053713998131,0.9221867389229776,0.06519488161444152
W37282,8.4598255,4.5016966,2Ery,4.169573519489823e-05,0.004844147307078657,0.0017664308405307067,0.1312723775793621,0.8620753485378346
W37283,-5.8262157,7.788393,14Mo,0.04310122126235588,0.006917069139165094,0.145820440678714,0.7652262988120428,0.03893497010772319
W37284,6.9037967,5.6192064,4Ery,3.161413610029147e-05,0.004693242956922493,0.005907914610132454,0.1305525094285312,0.8588147188683145
W37285,8.319058,3.2495878,3Ery,4.6109544853669643e-05,0.0049209615368158805,0.0007834253033157741,0.13149135417527752,0.8627581494397382
W37286,-7.814001,7.0003414,14Mo,0.0446569207847539,0.0011905553116398572,0.06498733827480827,0.8397595134453772,0.04940567218342179
W37288,-7.4154744,7.292335,14Mo,0.04412174779080982,0.0014553037999045137,0.07853306268340748,0.8288355949569999,0.047054290768879466
W37289,-0.8835433,7.9014435,8Mk,0.01095164135548598,0.0011734352415428164,0.45911661383440905,0.36286087876229606,0.16589743080626704
W37290,-6.8950715,11.417749,16Neu,0.0007607177266897742,0.004146386836070196,0.036164706877171354,0.90026789999699,0.05866028856307968
W37291,-1.8006912,5.740399,10GMP,0.01010480999917633,0.0898793797702629,0.7426511804256083,0.10333822581640092,0.054026403988552525
W37292,8.131497,5.8024445,2Ery,3.5243209909205856e-05,0.004737307474342132,0.0035782482170701796,0.13091310937524822,0.8607360917234312
W37293,7.745733,6.207087,2Ery,3.339079399043954e-05,0.004708522828514393,0.004327750438698826,0.1307758872004112,0.8601544487383862
W37294,7.3056755,3.2157478,3Ery,4.3797528077554816e-05,0.004882239504887499,0.0021688006922657896,0.13129740614181706,0.861607756132953
W37295,1.04982,5.5294986,9GMP,0.002196492968084014,0.026469148145983036,0.7327164356432841,0.03055892177505394,0.20805900146759576
W37296,-8.603357,10.304449,15Mo,0.006455674486183037,0.003004621387013796,0.001610970400377307,0.9235729287740676,0.06535580495235925
W37297,-7.3040814,6.912628,14Mo,0.04724266832533092,0.0016893079280342416,0.07901480087484938,0.8252557930853756,0.04679742978641091
W37298,5.47482,5.4202995,5Ery,7.121581353754672e-06,0.004337677393484612,0.029186816033704304,0.12705637144313775,0.8394120135483206
W37300,-5.0774026,8.0426235,14Mo,0.029608856173331765,0.012199034288727846,0.2442483392645293,0.6796670139819748,0.03427675629143721
W37301,8.112929,5.288348,2Ery,3.733369828589209e-05,0.0047742623990281825,0.0030036072384139714,0.1310343689503712,0.8611504277139017
W37302,-8.0243635,7.000031,13Baso,0.050194078862439796,0.0008984489988102899,0.06011986825169174,0.8390677027745712,0.04971990111248792
W37303,-8.55839,7.5512915,14Mo,0.05290979361901595,0.0003159987374266713,0.03736474290848964,0.8564764696231478,0.052932995111920865
W37304,-8.559879,7.1222777,14Mo,0.06093048890035423,0.00014705096664044412,0.040797568156126535,0.8466512478813286,0.051473644095551094
W37305,-7.4049993,8.508925,14Mo,0.02034489886008685,0.003853064379161981,0.1016520698606828,0.8215619837566157,0.05258798314345372
W37306,8.79576,4.1370997,2Ery,4.492828278318048e-05,0.004898734008448732,0.0009248518616179292,0.13143951490405936,0.8626919709430918
W37307,7.968997,6.256938,2Ery,3.4191956287702323e-05,0.004722192319572483,0.004222227252639212,0.13079828410594427,0.8602231043655575
W37308,-5.2701592,7.3873725,13Baso,0.044115294092527624,0.009500543977470074,0.1824849770286696,0.7284794732232545,0.035419711678079224
W37309,1.7018158,5.054288,6Ery,0.0014160449810310977,0.02287285342974109,0.6326164111998344,0.036738884122556346,0.30635580626683806
W37310,-0.9083194,4.686457,7MEP,0.0037381099085138244,0.06514557754387848,0.864244048489177,0.015431522111007465,0.051440741947424144
W37311,0.022367202,5.0589585,7MEP,0.00370504419752111,0.04684438126665264,0.8352496469147085,0.016419150031000362,0.09778177759011827
W37312,-6.700284,6.840985,13Baso,0.029933366988815352,0.004654351677656563,0.15039165518126596,0.7670022840685641,0.04801834208369899
W37313,6.695456,3.540912,3Ery,3.8758998496978964e-05,0.0047886624810986825,0.005404091196001958,0.1308203275687413,0.8589481597556621
W37314,3.5768836,4.877995,3Ery,0.0007555517237448276,0.006297220218844858,0.28712431990726334,0.10469392265102542,0.6011289854991224
W37315,-5.6456633,7.634022,14Mo,0.034175389624825206,0.006757718214873166,0.1630658103498805,0.7575464395895363,0.0384546422208858
W37317,1.4531581,4.503751,2Ery,0.00214350567246072,0.02763946536395394,0.6780572044578901,0.02604433980983679,0.2661154846958595
W37318,7.8272142,7.0477552,2Ery,3.199938886726064e-05,0.004679862027790773,0.005287480279885235,0.13058696055589278,0.8594136977475649
W37319,-1.2940383,7.28103,8Mk,0.008209754376330132,0.009857874188370773,0.5794785248797834,0.22848400680319855,0.17396983975231814
W37320,0.5381653,5.1607323,7MEP,0.0027837743156682673,0.03768884134112418,0.8449560503825292,0.005778517083405585,0.10879281687727371
W37322,-6.4849215,11.529593,16Neu,0.001035449251731304,0.004603200649199363,0.04751694581335208,0.8899855011148451,0.0568589031708731
W37323,4.817598,5.2795844,5Ery,2.2006972489963475e-05,0.004502826764630486,0.0820467652338336,0.11945994712508153,0.7939684539039654
W37324,-7.5335674,7.5210185,14Mo,0.05006061862527472,0.0011172112333248396,0.07439048983718058,0.8280848748530416,0.04634680545117922
W37325,5.1824255,5.7691183,2Ery,7.904462022290387e-06,0.004379969973401237,0.037086499674057,0.1258229552611299,0.8327026706293905
W37326,-5.8417716,8.89875,14Mo,0.028093262351453995,0.004719907039917825,0.12320096283142282,0.801247769862773,0.04273809791443351
W37327,-0.4534925,7.5781913,8Mk,0.006003889671165704,0.0030075147242493608,0.6497812866589513,0.19795033493896666,0.14325697400666793
W37328,0.66254073,5.9924874,7MEP,0.0025354874852244642,0.030213470228628633,0.7687806788205767,0.032611493176769216,0.16585887028880195
W37329,-2.6866038,3.8140955,19Lymph,0.0023671277220466014,0.7891073655824582,0.01751303823275443,0.12687070872027564,0.064141759742466
W37330,-7.446385,9.374887,14Mo,0.019601884924261445,0.0024939092193233727,0.051919295145999696,0.8709900869685359,0.05499482374188077
W37331,-0.5474825,4.8275614,12Baso,0.0037790232343890887,0.06708952292104346,0.8410289560020883,0.015187867652155584,0.07291463019032457
W37332,-6.186865,6.5458484,13Baso,0.04440016870333485,0.00647441342911027,0.1566364515050564,0.7528743859684452,0.03961458039405424
W37334,0.23905389,6.7903314,12Baso,0.004458470887664576,0.015523767455899954,0.5821478262372934,0.14978174374662243,0.24808819167252066
W37335,-7.1361613,6.6532784,13Baso,0.0479233054139479,0.002573128477962692,0.09847972082613424,0.8062170968323663,0.044806748449589755
W37336,7.81533,2.9296024,4Ery,4.775125102536829e-05,0.004947777493184774,0.0006637947759369821,0.13155661264011337,0.8627840638397405
W37337,-8.574871,8.565479,14Mo,0.030318464812308113,0.0012953377512484932,0.03354150880755959,0.8778262907731976,0.05701839785568712
W37338,9.174376,3.994868,2Ery,4.535994054533083e-05,0.004904655569027221,0.0007878906369449987,0.13146076776304427,0.8628013260904391
W37339,6.3638115,5.5086207,5Ery,2.3376069327136657e-05,0.004575614768381343,0.011255076442800042,0.12972997426308552,0.8544159584564068
W37340,-4.7991676,2.5897236,11DC,0.8331194419133652,0.02630064233504573,0.002214986659896346,0.13792440882644938,0.00044052026524439
W37341,-7.6617947,10.936596,16Neu,0.002377899846097818,0.0035648943723293447,0.014063805706582382,0.9173437674433915,0.06264963263159985
W37342,8.281409,3.0556042,3Ery,4.7536798763278834e-05,0.004945661880150495,0.0004949588982050912,0.13156105335708437,0.8629507890657977
W37343,-4.896909,2.5119476,11DC,0.8276998759421634,0.022920823144304613,0.00047204451353685824,0.14802566729393626,0.0008815891060599086
W37344,7.637436,3.9872916,3Ery,4.1124368196505004e-05,0.004841689019762547,0.002417767068811746,0.13120040194414792,0.8614990175990823
W37345,8.42415,3.8077197,4Ery,4.358946532383849e-05,0.004879384947419905,0.0014377313346288479,0.13135949596413002,0.8622797982884984
W37346,9.109431,4.173103,3Ery,4.511396615009603e-05,0.004899712673940667,0.0008455667573669297,0.1314482844497345,0.8627613221528087
W37347,2.3271272,4.775421,6Ery,0.0007678602793957914,0.012536097546129612,0.4799171990843955,0.06623776021149796,0.4405410828785821
W37348,-8.4746,9.730914,15Mo,0.011153070988239772,0.0026185795443225456,0.012012116035848236,0.9104890144020285,0.06372721902956201
W37349,-1.7556982,6.513358,17Neu,0.004793908394446405,0.04809573023468041,0.8089447221206983,0.13063259927206755,0.007533039978108241
W37350,-6.196678,8.017451,14Mo,0.03990219545771928,0.004687645075169562,0.12257201199170706,0.7919576720030158,0.04088047547238935
W37353,8.265685,4.0571184,4Ery,4.241839877618482e-05,0.0048598735438568725,0.001647718195983129,0.13130672805517093,0.8621432618062139
W37354,-4.93917,5.6651306,9GMP,0.03216436090079947,0.03548441607384876,0.2977868253096892,0.5955027044135199,0.03906169330214376
W37355,0.27252144,5.377986,7MEP,0.002964259504108651,0.04056750833632517,0.8472659382278113,0.011987323465868062,0.0972149704658878
W37356,-0.1792005,4.3666153,7MEP,0.004280671806441838,0.049238597989000946,0.8622116558339369,0.0037157589949980987,0.08055331537562321
W37357,-8.409734,9.497157,14Mo,0.016772854065940757,0.002222205316171389,0.023609466522294453,0.8961458707281257,0.061249603367468715
W37358,-6.5013294,6.4420652,13Baso,0.03709441618991958,0.004013454170332683,0.13769853164800347,0.7752065506495864,0.0459870473421588
W37361,6.7789783,3.558134,4Ery,3.920604979205673e-05,0.0047817877237448046,0.006846524868394265,0.13063573752731994,0.85769674383075
W37362,-2.664965,5.864669,13Baso,0.017944102393368133,0.0563690781960844,0.6687422072337476,0.21677854699754512,0.04016606517925576
W37363,-7.4420886,7.2352476,14Mo,0.05096558303164687,0.0016494589819985236,0.08073570954086015,0.8209485405318288,0.045700707913666684
W37364,6.7274365,5.195734,3Ery,2.8586013392406955e-05,0.004657105716383737,0.0073416690147008416,0.1303381192549305,0.8576345200005935
W37365,7.918083,6.983795,2Ery,3.186969628262956e-05,0.0046813140692130864,0.005178328026082532,0.13061093574482732,0.8594975524635954
W37366,7.822709,2.6917224,3Ery,4.92813671586733e-05,0.004965420377740294,0.00043539292596598547,0.13161601219710223,0.8629338931320338
W37367,-8.08659,7.736306,14Mo,0.044656544254823884,0.0007832410332422763,0.05795244197470835,0.8464906114352281,0.05011716130199836
W37369,5.5782375,3.4554465,6Ery,4.023169254741294e-05,0.004463191340120906,0.03202489859195502,0.12769363252002175,0.8357780458553559
W37371,7.1529574,6.6652102,2Ery,2.860132465281147e-05,0.004641478832964009,0.006974765103945727,0.13031481850748036,0.8580403362309581
W37372,-5.764362,6.330784,10GMP,0.05705312556658056,0.010030302063774671,0.20126074910488914,0.6922506852370583,0.039405138027698176
W37373,-6.0997868,7.031361,13Baso,0.048099943673678765,0.005704509711899518,0.13265878792262759,0.7740629055390414,0.03947385315275363
W37374,4.3274293,4.693126,5Ery,4.95613182824784e-05,0.004078688106446447,0.11912974953285636,0.11578018903159068,0.7609618120108249
W37375,0.7465358,4.576091,7MEP,0.002475914009274861,0.039373679300507475,0.8145647536008888,0.007652629538741744,0.13593302355058817
W37376,-7.7280736,7.1123476,13Baso,0.04309556508543573,0.0010921673268925892,0.07152931519502309,0.835796748448507,0.04848620394414264
W37377,7.9433947,5.879124,3Ery,3.5440299401559724e-05,0.00474135862317105,0.0035128441680296212,0.13092670269929974,0.8607836542100992
W37378,7.9469223,6.072407,2Ery,3.2935185671136725e-05,0.004704647161614537,0.00459337305748872,0.1307348367418162,0.8599342078534103
W37379,-6.184121,7.8196254,14Mo,0.03584821311279958,0.004137046554560645,0.1280239992264144,0.7907174937206751,0.0412732473855512
W37380,7.5214167,5.3761044,3Ery,3.3333886854392164e-05,0.004718853040638323,0.004721723313877339,0.13074809381137936,0.8597779959472516
W37381,6.719037,6.401728,2Ery,2.7122391623147755e-05,0.004630843862164943,0.009290351027924375,0.12994890891943123,0.8561027737988572
W37382,-0.46828836,4.346892,10GMP,0.006220816960572579,0.06313560697587992,0.834521302807525,0.0121930582151286,0.08392921504089497
W37384,-9.004553,7.5051928,13Baso,0.05739256989314327,0.0001906149492053504,0.03600074951328884,0.8524401057566829,0.05397595988768053
W37385,-8.291619,7.318504,14Mo,0.041817904861321725,0.0009116657167611035,0.04920525937450206,0.8553986836567358,0.0526664863906803
W37386,6.7753544,4.610242,4Ery,3.2897746804445534e-05,0.00471220855445682,0.005530547709389985,0.1306725418775402,0.8590518041118097
W37387,4.8093934,5.95936,5Ery,1.0070508809397052e-05,0.004410303827580727,0.06400884260404568,0.12175255038644027,0.8098182326731249
W37388,-2.761388,7.8655634,18Eos,0.008299285163471807,0.028561893866622945,0.6341284772817221,0.3146688839247898,0.014341459763394291
W37389,4.943076,6.505018,2Ery,0.00010084676312724413,0.005454561977068802,0.0774527137505592,0.11919163994252058,0.7978002375667251
W37390,-6.941669,9.993802,14Mo,0.008608751277061321,0.003937406309537019,0.06302284584247231,0.8695346944407564,0.054896302130173984
W37391,8.270228,3.0937018,3Ery,4.720999213437499e-05,0.004939628883927932,0.0005523291323590111,0.1315438065504409,0.8629170254411388
W37392,-5.3368545,6.643661,13Baso,0.03465201214458461,0.011408915573780485,0.23955489448992162,0.6777431146823395,0.036641063109374754
W37393,5.4618316,4.687091,5Ery,1.5393112176256087e-05,0.004433455503694018,0.023155300339543796,0.12810715929397554,0.8442886917506114
W37394,-2.5797389,7.490351,12Baso,0.010342555078535782,0.01704493227278452,0.5770668369166779,0.34594503446116837,0.04960064127083439
W37395,3.1751459,5.5809116,5Ery,0.0004100064403000944,0.008118914124330094,0.3369583606469769,0.0848945380310784,0.5696181807573156
W37396,7.444522,5.159362,2Ery,3.446515432331699e-05,0.004735673426495201,0.004284970339017901,0.13083331835796871,0.8601115727221958
W37397,-0.8689811,4.6417956,7MEP,0.004068334029721523,0.06584970906294943,0.8563171308688219,0.015155502692783833,0.058609323345724114
W37398,2.5463517,5.0715585,5Ery,0.0007243046997593035,0.015290248012171296,0.46072057184898296,0.06256007615415093,0.4607047992849364
W37399,-6.720363,10.959617,16Neu,0.002032849486046198,0.004581651823254427,0.05435961929160698,0.8828856585798488,0.05614022081924468
W37401,-8.823652,9.674295,15Mo,0.012375996001414024,0.0024336844935227077,0.010522174235233805,0.9095225446289854,0.06514560064084508
W37402,-3.0038574,8.132131,14Mo,0.009079255197550743,0.022751792930959032,0.48667052596879506,0.4574709742386481,0.024027451664047995
W37403,6.710558,5.4270716,5Ery,2.185718113839766e-05,0.004570178679441371,0.01236385074180632,0.12953722321959138,0.8535068901780235
W37405,-7.636264,9.955704,16Neu,0.009032554102274246,0.003075510121455442,0.03233944873709683,0.8961144303041149,0.059438056735059565
W37406,7.0944467,5.9883647,2Ery,2.9913956609100743e-05,0.004666317507351976,0.006118878733254405,0.13048887404049517,0.8586960157622904
W37407,8.407107,6.160387,2Ery,3.604251803609314e-05,0.0047483748942699616,0.0033795544831153393,0.13094621729988237,0.8608898108046972
W37409,4.6731586,4.2461324,6Ery,3.206218688017359e-05,0.004158921206607977,0.06596535838771188,0.12303833978633774,0.8068053184324632
W37410,7.6742625,6.2331,2Ery,3.2635139844064986e-05,0.0046992377886640666,0.0046736884657987785,0.13071940750400773,0.8598750311016863
W37411,6.913881,5.47303,5Ery,3.0276245314579322e-05,0.00467372567728191,0.0061331248777548595,0.1305134334533131,0.8586494397463367
W37412,-5.4667435,7.2407413,14Mo,0.03523902560295798,0.00868901707148537,0.18175996890220367,0.7364284819127814,0.03788350651057258
W37413,8.592837,5.0992246,2Ery,3.954273929928385e-05,0.004807246695180138,0.002348927026187533,0.13115367725612975,0.8616506062832043
W37414,6.8210907,2.693111,3Ery,5.215840473884417e-05,0.004911503090066413,0.0032533759110279004,0.13141326800260858,0.8603696945915593
W37415,6.4497128,3.8327549,5Ery,3.3188323179794064e-05,0.0047119021432270695,0.007351154943281887,0.13048067773749988,0.8574230768528124
W37417,-8.066237,10.658009,16Neu,0.004547958861345333,0.003298602200424445,0.005838839750957344,0.922088258244155,0.06422634094311892
W37418,-5.6720304,5.759982,10GMP,0.029929934263779937,0.011295918644019643,0.2771247507929641,0.6297018308841317,0.05194756541510565
W37419,-5.645615,8.029293,14Mo,0.031392824365235904,0.005547340654302391,0.14407852550412595,0.7782141320338275,0.04076717744250923
W37420,8.347654,6.877011,1Ery,3.401786884840038e-05,0.004709143455935364,0.0039048858602289756,0.13082796051283366,0.8605239923021546
W37421,7.5099006,6.8888392,2Ery,3.09232769886597e-05,0.0046683069415006185,0.005710312195153658,0.1305188278906236,0.8590716296957343
W37422,8.851448,3.617967,3Ery,4.634383329134951e-05,0.00492294857294906,0.0005845131733981913,0.1315098150441756,0.8629363793761868
W37424,-6.8816786,10.728947,15Mo,0.003079005444902975,0.003964000405049664,0.03740507070281495,0.8971451830499815,0.058406740397252105
W37425,0.34241414,6.051909,7MEP,0.003722154837366176,0.024787303960862407,0.7170157519809334,0.07245996806900261,0.18201482115183643
W37426,6.0859723,5.467032,4Ery,2.110778063537531e-05,0.0045656441349331825,0.016510795563565998,0.12889571579820347,0.8500067367226629
W37427,-0.37048155,5.0613956,7MEP,0.004028991582349565,0.05198865268594594,0.8622765100086858,0.008664251152921597,0.07304159457009819
W37428,4.630674,5.1748304,5Ery,8.081640535475183e-05,0.004609357407552283,0.12483006929540996,0.11478883462275365,0.7556909222689303
W37429,6.1042895,5.4617057,2Ery,1.8668820225507643e-05,0.004517851762012063,0.013274654202038669,0.1293926400098662,0.8527961852058585
W37430,-6.392833,6.0953846,13Baso,0.04045786447785978,0.007565403055293262,0.1753246470128986,0.7323399044538268,0.04431218100012258
W37431,-8.219997,8.342389,14Mo,0.03671749948277755,0.001065023667053648,0.04436866254602589,0.864284547922814,0.05356426638133
W37432,-7.923467,8.0373955,15Mo,0.0367361025786652,0.001280943710929835,0.055004093597562836,0.8552460367131014,0.05173282339974166
W37433,8.387011,4.780604,2Ery,4.04301093358354e-05,0.004822906446951965,0.00208673098774987,0.131207298675949,0.8618426337800144
W37434,-6.354806,9.010142,14Mo,0.019614936098719716,0.007205369601233879,0.17337454394325055,0.7570705047016536,0.042734645655143184
W37435,4.1378384,4.2733746,6Ery,5.553176322965562e-05,0.004093157494071765,0.12053006986588992,0.11583327955830997,0.7594879613184997
W37436,-4.950799,6.6739554,12Baso,0.019195820377758483,0.009858833168924564,0.34017543115173693,0.577278292127254,0.05349162317432705
W37437,8.02009,5.047433,2Ery,3.7955081790885715e-05,0.004786147519077906,0.0029200229628722385,0.13106266834606622,0.8611932060901937
W37439,-2.8848956,3.6525707,19Lymph,0.0009770614175802282,0.7944072735141996,0.0128569467051665,0.12745831695204185,0.06430040141101279
W37442,3.526246,4.0961795,6Ery,0.00042477236472006504,0.007834136851339173,0.302924317539747,0.09245252911350565,0.596364244130689
W37443,-8.949053,8.339089,14Mo,0.04049488731776819,0.0008465470553745175,0.03432287258964611,0.8671834772152497,0.057152215821962456
W37446,1.5513467,5.3143096,6Ery,0.001504663393899181,0.02389061826316088,0.6826978380206467,0.034159286644053946,0.25774759367824024
W37449,-1.6230447,6.2130475,17Neu,0.0044172807336737,0.048906278100343696,0.837172369230714,0.10409915338802204,0.005404918547247476
W37450,4.913923,4.1222467,6Ery,2.4114587605570023e-05,0.0042040039925679,0.049372052563128405,0.12510441385906784,0.8212954149976313
W37451,-0.19657856,4.0808845,6Ery,0.0035709569439505936,0.04563223402658689,0.845467904607675,0.005177856125086689,0.10015104829670196
W37452,-2.4055593,5.888074,9GMP,0.01415033926495781,0.05785103832512188,0.697355003229317,0.1855151531761378,0.04512846600446648
W37453,7.392626,3.645587,3Ery,4.2519286530613964e-05,0.004852926199106056,0.0029368667627320717,0.1311829181843187,0.8609847695673134
W37454,-7.8543367,8.082126,14Mo,0.04448390292179282,0.000787724506081613,0.060410183109048145,0.8446358423607474,0.049682347102331104
W37455,4.976217,3.2588813,6Ery,0.0001690642251951937,0.00431578220991238,0.06032385582081359,0.1275460217169377,0.8076452760271421
W37456,-8.881872,9.203193,15Mo,0.01851964217132171,0.0019881839951663978,0.02684119197445052,0.8881213173450282,0.06452966451403423
W37457,-7.2990847,9.3916855,15Mo,0.019441741409166827,0.0027486216569824404,0.04075172737646959,0.8811088518455018,0.05594905771188038
W37458,-7.928115,6.977039,13Baso,0.04475407873413273,0.001060786699928575,0.06652550410448893,0.8386673588506415,0.048992271610809386
W37459,8.026313,4.692301,3Ery,3.978434175997459e-05,0.004815893565236521,0.002430095783307967,0.13115658856678675,0.8615576377429097
W37460,-5.756034,10.978703,16Neu,0.0029680644027909927,0.005503104054154723,0.08156148599042438,0.8573285809851668,0.05263876456746405
W37461,-0.1701754,4.421459,7MEP,0.00368424363595376,0.049800710064548614,0.8373674408143212,0.011874498018590507,0.09727310746658695
W37462,8.265381,2.6446774,3Ery,4.929489436461349e-05,0.004975070968292597,8.69053970967157e-05,0.1316467599432761,0.863241968796971
W37463,-8.702275,8.293581,13Baso,0.0356703452125305,0.0010810722194521552,0.039251917937760415,0.8672030085823061,0.056793656047951696
W37465,8.539214,4.4153786,3Ery,4.344885802405391e-05,0.004874835762556126,0.001305015634047861,0.13136263742266865,0.8624140623227042
W37466,-6.5123005,7.906923,14Mo,0.02890388498330705,0.0045867120974379645,0.1302083922187402,0.7916505099060787,0.044650500794437116
W37467,-8.055156,7.171239,14Mo,0.05971271926740902,0.0004650602421116674,0.0543005544931802,0.8365092825955301,0.049012383401769825
W37468,-0.45027938,7.5511475,8Mk,0.005381324295818282,0.0020142072024583436,0.6907754411542872,0.17929049957453605,0.122538527772901
W37469,-6.2460537,11.262261,16Neu,0.0013423248593100925,0.004515095048363325,0.05156222134788833,0.8863027053491775,0.05627765339526169
W37470,-6.569506,9.585972,14Mo,0.014625608653190425,0.00931865176086871,0.22259655312926083,0.712036780004227,0.0414224064524539
W37471,-2.236967,7.373305,17Neu,0.005110949073965414,0.03709950328309625,0.7765826069477623,0.1803965822783187,0.000810358416858346
W37473,8.918461,4.1109695,3Ery,4.548365229021345e-05,0.004908002639585509,0.0007596049646106255,0.13146862691468283,0.8628182818288318
W37474,4.6385818,5.567193,5Ery,5.9727006499160096e-05,0.005216506900535121,0.1203013451881719,0.11355010827655254,0.7608723126282422
W37475,-3.4129717,6.552751,10GMP,0.028843187637727016,0.037127224480994515,0.4885538919241227,0.41134665797602227,0.03412903798113443
W37476,-6.751204,11.1690855,16Neu,0.0019168395664569478,0.003991259209094822,0.03936882208536574,0.896810810766625,0.0579122683724585
W37477,6.357242,5.6908746,2Ery,1.9741108969488878e-05,0.004535597655619633,0.012040118317853381,0.12955828418219337,0.8538462587353651
W37478,-4.658768,8.421848,14Mo,0.030043686984978463,0.015423305607820296,0.2328715365990903,0.6868892731145446,0.03477219769356734
W37479,3.0783463,4.9033184,6Ery,0.0007120203522127676,0.009611593974143203,0.394030896510433,0.0866856014003011,0.5089598877629108
W37480,-8.178316,7.387079,14Mo,0.05360980338616175,0.0005805627124007835,0.05342035283266956,0.8421013378057577,0.05028794326301123
W37481,-8.866838,7.422647,13Baso,0.0589960659534261,2.409381751147009e-17,0.03109013316975936,0.856215759016071,0.05369804186074446
W37482,4.9833617,4.94753,5Ery,2.553478541088235e-05,0.004518553052992279,0.07060276888907352,0.12127790455989125,0.803575238712633
W37483,-1.4820083,7.51902,10GMP,0.008253158492837101,0.01249893223868996,0.6482521326196665,0.23870210720137935,0.09229366944742802
W37484,-0.021592582,4.2321105,7MEP,0.003699706410129457,0.048869086733515546,0.8604376376271384,0.0032768603164678215,0.08371670891274975
W37485,5.7525125,6.8712063,2Ery,1.022613572780286e-05,0.0044275117594363336,0.02412090589368258,0.12755236025046274,0.8438889959606916
W37486,6.327117,6.478403,2Ery,2.433990399301177e-05,0.004595170125346838,0.010631335893766488,0.12972526577928795,0.8550238882976067
W37487,8.031146,6.025667,2Ery,3.4063229330696884e-05,0.004721431591803634,0.004011490246997352,0.13083860859834395,0.8603944063335253
W37488,-8.543102,8.739581,14Mo,0.026480830407805286,0.0015684361068604295,0.02803293250170926,0.8851532029198901,0.0587645980637359
W37489,1.7008473,5.131836,7MEP,0.001234884203956484,0.020038083772570065,0.6105044797172069,0.04606879362799848,0.322153758678269
W37490,-0.579384,7.4501314,8Mk,0.005413176621304613,0.002293950087874745,0.7213551998726182,0.16661809442307865,0.10431957899512477
W37491,-6.0706773,7.8189015,14Mo,0.03622102311881747,0.003443265899149719,0.11458547359616482,0.8034691990019426,0.04228103838392644
W37492,6.578176,7.168676,2Ery,2.207311165045205e-05,0.004557737681575099,0.01277862740506843,0.12933880012134452,0.8533027616803625
W37493,6.669631,6.4084177,2Ery,2.4725689067548055e-05,0.004600204126252898,0.01104998141788127,0.12966674308297688,0.8546583456838224
W37494,-5.071054,7.4848237,14Mo,0.030828921453383163,0.010425473715231844,0.21792121907537593,0.7041499511869591,0.03667443456905094
W37496,-7.459883,6.8883033,13Baso,0.034604275315516124,0.0031403074947267376,0.10873590752434421,0.8032799755925996,0.05023953407281439
W37497,0.50948596,6.712285,7MEP,0.0029845022584699143,0.01214552831003141,0.6130882462388414,0.10594062741193616,0.2658410957807222
W37498,8.910819,3.660163,4Ery,4.62444120856312e-05,0.004921688941527065,0.0005997925958121298,0.13150578217419415,0.8629264918763819
W37499,-7.122164,7.688725,13Baso,0.03574561745509722,0.004167967258345866,0.10031896176877199,0.8124049828776344,0.04736247064015151
W37500,-4.5980296,8.191676,13Baso,0.0703330616636025,0.018866381900248592,0.2158141861213935,0.6642914710068561,0.03069489930790022
W37501,4.134354,5.586582,5Ery,0.0003809780879901075,0.008741673193908981,0.2855533940785263,0.09065453466594285,0.6146694199736328
W37502,7.180246,6.6789594,2Ery,2.9169969358280238e-05,0.004648016742444402,0.010513309603765847,0.12973400161733387,0.8550755020670986
W37503,-1.4638499,5.365195,18Eos,0.008287662096233182,0.09874591232700451,0.7811911200790908,0.07224799948669851,0.03952730601097402
W37504,-7.812719,9.965539,15Mo,0.008491315583314268,0.0032290289570608794,0.03068590359406318,0.8969393358912408,0.060654415974321904
W37505,5.8339515,3.8610158,5Ery,2.8766109559855148e-05,0.004528183590672864,0.022495078348841076,0.12852856152748282,0.8444194104234443
W37506,0.054015663,4.207047,7MEP,0.004273433032699557,0.10271057221140664,0.7669141932310964,0.01667029428572855,0.1094315072390697
W37507,7.377571,7.1814365,2Ery,2.8342738993387623e-05,0.004631259422994177,0.006578435760219534,0.13035637822927815,0.8584055838485157
W37508,-7.4983406,7.109589,13Baso,0.06221713872581117,0.0010528641198674494,0.06769333260070622,0.8224840052375453,0.0465526593160707
W37509,-5.6598525,8.5793,14Mo,0.03360241962185525,0.0045932345495406915,0.12976823918338612,0.7921491639440755,0.03988694270114337
W37510,1.5353354,4.9925795,6Ery,0.0014710871211419186,0.025275764944403516,0.69952699438299,0.027171157642366245,0.24655499590909927
W37511,5.090275,4.378488,5Ery,7.780013307783425e-06,0.004277114311699323,0.038397567823405476,0.12599746594557737,0.831320071906011
W37512,6.6729712,4.377253,4Ery,3.308772912035078e-05,0.004720825293556233,0.005694134722867754,0.13065992067828142,0.8588920315761752
W37514,-6.41401,6.5927525,13Baso,0.04243672561164232,0.004210518650344118,0.13144979536225787,0.779979932991288,0.04192302738446868
W37515,0.5460621,5.4291744,7MEP,0.0026967964585128392,0.03588314784315783,0.7801036002343187,0.02159181769470214,0.15972463776930929
W37516,3.346682,5.526957,5Ery,0.0003133604823863685,0.008292049821132824,0.33613984669180513,0.08248636128155172,0.5727683817231249
W37517,5.6447988,5.4823256,5Ery,1.1699210007611438e-05,0.004432233586326737,0.021897464801634497,0.12806595049647487,0.8455926519055572
W37518,-3.2354486,6.182421,10GMP,0.01692868203782369,0.03680680361930757,0.6226645318731566,0.24960778234201114,0.07399220012770209
W37519,-7.3163824,10.771365,16Neu,0.002637492040407211,0.003728924388485567,0.028507230066220624,0.905041665055499,0.06008468844938856
W37520,7.8869224,4.1035504,2Ery,4.2566624517345544e-05,0.004862809360530361,0.0017429059333439235,0.13130568489707312,0.8620460331845363
W37521,-7.5964785,9.467272,14Mo,0.0177597561169162,0.0027371363755562127,0.05709300481453913,0.8675572302781559,0.0548528724148335
W37522,7.7893405,3.773153,3Ery,4.2336811742044305e-05,0.004860178148730987,0.0020692131805142735,0.1312655262613186,0.8617627455976952
W37523,7.039451,5.332884,2Ery,2.9788603785597468e-05,0.00467162940779847,0.006833895773695209,0.1304219166393391,0.8580427695753826
W37524,-5.4272532,6.227995,10GMP,0.030276697227163845,0.011152272295297016,0.24170959165324987,0.6755903686409843,0.04127107018330597
W37525,-6.9025097,11.157858,16Neu,0.0020266570164635526,0.004085929851240179,0.036666015784015994,0.8985095798965608,0.05871181745172063
W37526,-0.19693854,6.137868,8Mk,0.004914754353032433,0.03128041450692955,0.7725068011767648,0.08688519950330541,0.10441283045996862
W37527,3.241121,4.5877223,6Ery,0.00033526996165241055,0.005819067796871008,0.2823309635100906,0.09828294915277953,0.6132317495786074
W37528,-8.264877,9.031892,15Mo,0.02389848995757341,0.0017946749712586026,0.028769594500141923,0.8875132261706754,0.058024014400351584
W37529,5.7460256,4.2259583,5Ery,2.2167942951287934e-05,0.004528423341235701,0.01937847419797026,0.12871130231751687,0.8473596322003268
W37530,-4.4902296,7.1846666,10GMP,0.02828550135266707,0.021384264479990207,0.3431115196363829,0.5739004539175789,0.03331826061338185
W37531,0.5262484,4.534107,7MEP,0.003391457635192007,0.04261829595725477,0.8301419664232244,0.00706253399397273,0.11678574599035707
W37532,-6.9283295,7.266699,14Mo,0.04251618612716865,0.0016276324432694465,0.08254972838734084,0.8270285028644099,0.046277950177812194
W37533,-2.53882,3.869072,19Lymph,0.005786515931463097,0.7823790673094474,0.021846642706103918,0.12629709873175018,0.0636906753212363
W37534,8.258481,4.4378505,2Ery,4.167803001827767e-05,0.004846715506553646,0.0018629733830416505,0.13126770389921713,0.8619809291811702
W37535,-7.397457,10.514472,15Mo,0.004687310594641047,0.0035446521899874495,0.028762749863303527,0.9028503708937216,0.06015491645834741
W37537,8.109041,4.227964,3Ery,4.250388322890477e-05,0.004862024010865418,0.0016827330481436447,0.13130396774259645,0.8621087713151665
W37538,3.8087914,4.756952,6Ery,0.00023619816864145555,0.004713724705707068,0.19087005836472376,0.10922993303378079,0.694950085727148
W37539,9.015554,5.7801685,1Ery,4.0068449900094186e-05,0.004808097851038484,0.0021269205286519157,0.13117530263799557,0.8618496105324149
W37540,8.608612,4.175675,2Ery,4.479919505512195e-05,0.004896753169946374,0.0009864537971756694,0.1314289526539135,0.8626430411839103
W37541,8.911852,4.000248,3Ery,4.5672666054456935e-05,0.004911078491890181,0.00071757339618008,0.13147806368374768,0.8628476117621287
W37542,8.097125,3.4346647,4Ery,4.526793191628794e-05,0.004907479858656263,0.0010749339747083842,0.13144444722518556,0.8625278710095345
W37545,4.2497463,4.0789037,6Ery,5.537790718106347e-05,0.0043172620295825175,0.12062115611181681,0.11547631230477916,0.7595298916466414
W37546,-6.8243155,6.5350018,13Baso,0.051145317173646274,0.004399746356240681,0.12117919195115995,0.7807604197552696,0.04251532476368454
W37548,7.416398,3.8891096,3Ery,4.1264289673685046e-05,0.004842499738457307,0.0024609463411103404,0.1312028537885832,0.8614524358421763
W37549,5.4094787,4.1671734,5Ery,2.766805099746032e-05,0.004389616452350416,0.032416094577613165,0.12728106993981972,0.8358855509792201
W37551,-3.2353067,8.306231,14Mo,0.020662761280602897,0.07275908063860778,0.6428626467348555,0.22401068321141307,0.03970482813452168
W37552,-8.389687,8.428458,13Baso,0.02798881519600026,0.0015644400892323332,0.03572493948304081,0.8770530082492719,0.057668796982455646
W37553,-6.880724,6.8912597,13Baso,0.041640965929668206,0.005198123365967207,0.1280662323874937,0.7817794956910984,0.04331518262577349
W37554,7.8885384,3.6739087,3Ery,4.334160352241648e-05,0.004876778009124051,0.0016477572694223884,0.13132940981790214,0.8621027133000301
W37555,6.379622,4.2249312,4Ery,2.9587195428357128e-05,0.0046282149928603316,0.009961306451833072,0.13009974031612795,0.8552811510437514
W37557,0.25622076,4.885032,7MEP,0.0026307614287477527,0.03936258992087499,0.8401726459035359,0.008098131296623002,0.10973587145021936
W37558,-3.2266166,6.3999586,10GMP,0.017229948539132168,0.03580207958199112,0.5767170195839201,0.3428136077370165,0.02743734455794105
W37559,-5.116111,2.7392,11DC,0.7978947512370175,0.021700325500876857,0.0020748986213487784,0.17553276071842303,0.002797263922334988
W37561,8.197431,3.9500933,3Ery,4.3120826854114685e-05,0.004872154298836617,0.0015024747011088391,0.1313390020653912,0.8622432481078103
W37562,-6.018018,7.9392557,13Baso,0.023042011067737476,0.009379496489641197,0.22347678380894176,0.7027121139605519,0.0413895946731286
W37563,7.056777,5.938661,2Ery,2.769313979876529e-05,0.0046364568877389645,0.006871622873102392,0.13036197586451323,0.8581022512348477
W37564,-5.1999364,6.972656,13Baso,0.039185455155753085,0.012497485736086977,0.21180501774515795,0.7014237526835256,0.03508828867947741
W37565,7.9268126,4.379345,2Ery,3.963310831221802e-05,0.0048145505347219975,0.002573286994268474,0.13114712659272437,0.8614254027699739
W37566,7.194919,3.7534196,4Ery,3.972878200933142e-05,0.004819578651228224,0.003543085419280389,0.13103836974080124,0.8605592374066817
W37567,-3.1800163,5.8313084,10GMP,0.018270323763658277,0.07672047182937569,0.600965738246723,0.26153950646292773,0.042503959697316185
W37568,-7.632116,10.8890915,16Neu,0.002422625077717803,0.0037355688993267458,0.019948882496782616,0.9119017937505131,0.061991129775660805
W37569,-4.2602744,8.227399,14Mo,0.018172398295860644,0.01342195478368255,0.2757554742947231,0.6491156444856518,0.0435345281400829
W37570,-7.2444553,10.912184,16Neu,0.001778580058371657,0.0040115698726703565,0.03523569503734423,0.8998253778592189,0.059148777172395806
W37572,-2.256964,6.6736274,10GMP,0.014988437509988699,0.034629015415760016,0.6765608625146887,0.21259886942987927,0.06122281512968417
W37573,6.0250688,6.126628,2Ery,1.582776137941811e-05,0.004502134527005029,0.020050584742055778,0.12828294378170985,0.8471485091878508
W37574,8.123148,6.19002,2Ery,3.43685975295819e-05,0.004723038910014027,0.003901391419293205,0.13084997459676084,0.8604912264764033
W37575,3.291411,4.517032,6Ery,0.0002896389938087606,0.007060081413067869,0.28352662474388235,0.09284199275147312,0.6162816620977689
W37577,8.55913,3.448222,3Ery,4.6562790982331065e-05,0.004928618333269404,0.0005826122414319848,0.13152003695585054,0.8629221696784667
W37578,-8.067598,7.9509068,14Mo,0.045358635554930575,0.0008277865766436712,0.056433393309504504,0.8474752376314951,0.04990494692742724
W37579,-4.776308,8.391494,14Mo,0.02551752886182408,0.016718334157540347,0.2743151567782327,0.6491611820688449,0.03428779813355888
W37580,-6.0120316,10.429186,15Mo,0.0051834893295818535,0.00498040887802377,0.07721558136765401,0.8603516283255689,0.05226889209917252
W37581,-5.281527,6.7283673,10GMP,0.023515132237412095,0.009743477297754741,0.2824922676095449,0.6370256353033384,0.0472234875519509
W37582,-5.380014,7.837181,13Baso,0.06304168749752347,0.010946346101047716,0.15917353242500085,0.7312459078433398,0.03559252613308926
W37583,6.830379,3.8902187,3Ery,3.7285687113577264e-05,0.004786515291457797,0.006359321441646396,0.13061381540629932,0.858203062173484
W37584,0.69439805,5.569707,7MEP,0.0019931945100094173,0.02892104230956406,0.7850175507531565,0.019050616170614213,0.16501759625665674
W37585,-8.242566,7.201691,13Baso,0.05626125112353154,0.0005419023572983227,0.0507179014422071,0.8421557902762891,0.05032315480067501
W37586,7.7306995,7.0981483,2Ery,3.1199257501343576e-05,0.004669268430807481,0.005092539900977144,0.13061531269508536,0.8595916797156297
W37587,-7.3736415,7.8428965,14Mo,0.03505406936320228,0.0024161033708814963,0.11103525816039596,0.8046519471395059,0.046842621966015394
W37588,-7.1308923,7.3796005,14Mo,0.05683614780886868,0.0016257850964096119,0.08010858981374583,0.8165250720173303,0.04490440526364663
W37589,-6.649234,8.136887,15Mo,0.039672260448143704,0.0023400581263291398,0.09162846853991012,0.8215908160096889,0.04476839687592914
W37591,7.409407,4.5831122,4Ery,3.6412034394120015e-05,0.004767688630132906,0.003788549009029295,0.13093944607328595,0.8604679042531588
W37593,-7.740437,10.209911,15Mo,0.007667627493804356,0.0032201257531379417,0.023870783356937816,0.9041545850761736,0.0610868783199473
W37594,-7.180301,7.0756574,14Mo,0.047332596237538965,0.0012203015428937458,0.07295105929843125,0.8314303343316155,0.04706570858952157
W37595,-2.4623048,5.6612115,10GMP,0.01674848444807086,0.06994291575297969,0.7489965263083678,0.12797296705488825,0.03633910643569441
W37596,-4.0201154,6.967408,13Baso,0.025112273367296812,0.019786584166455602,0.40179867332140384,0.5168221080146304,0.03648036113021438
W37597,-7.0764174,10.460929,16Neu,0.006095960286715365,0.0038413221609709305,0.044775122097445975,0.8882406502778816,0.057046945176987156
W37599,-0.42341512,7.305499,8Mk,0.005327901489975686,0.0025122864506433315,0.7174827958332571,0.16742587634965037,0.10725113987647442
W37601,-7.1952567,7.0049634,13Baso,0.0424835713645615,0.0015844167961156198,0.08308933111018561,0.8249460532981473,0.047896627430990754
W37602,5.082047,4.4292083,5Ery,1.9259671270976935e-05,0.004258393381555724,0.047248119203596874,0.12509960932731884,0.8233746184162587
W37603,3.39263,5.41169,6Ery,0.00031918978641884026,0.007127193259277919,0.3240503863180584,0.08659531638636202,0.5819079142498836
W37604,-6.078179,7.624339,14Mo,0.03613266765103733,0.0037677645057455906,0.13112380552438782,0.7863484543556147,0.042627307963215406
W37605,6.36181,5.835831,2Ery,2.2121735483698274e-05,0.004565980682535405,0.010224951606106671,0.12983801514303114,0.8553489308328441
W37606,3.9819183,4.228083,6Ery,0.0003506550682889495,0.005313386750212244,0.1972523230174076,0.11045434041175403,0.6866292947523381
W37607,7.406588,2.7039633,3Ery,4.847299761978587e-05,0.0049438045272605,0.001120614070896732,0.1315330863263185,0.8623540220779055
W37608,-3.6145034,7.3586645,14Mo,0.03301884752007508,0.06799408653684517,0.5012834504175165,0.36699593333085556,0.030707682194708607
W37609,3.3106418,4.9155307,7MEP,0.00029931082501680716,0.005745486173290003,0.2675879116142261,0.0976796033471146,0.6286876880403535
W37610,-0.04263604,4.9030275,7MEP,0.0032094424039447052,0.04386804176446537,0.8668904771639054,0.004514143006906191,0.08151789566077927
W37611,-7.1155906,7.4648814,14Mo,0.04614548958493079,0.0018236346670550607,0.08734559114798136,0.8197772271383197,0.044908057461714154
W37612,4.1256704,6.107703,5Ery,0.00018706554640464558,0.0059184902877660395,0.17114748028028015,0.10747255835680751,0.7152744055287426
W37613,-6.563961,7.091269,13Baso,0.05846763725377321,0.004625143169993461,0.11545739883334333,0.7810565147106704,0.04039330603222054
W37614,6.9064374,6.2070975,2Ery,2.56958570836241e-05,0.004610512383995861,0.008504206210042584,0.1300699301904579,0.8567896553584211
W37615,-6.5501795,10.73801,16Neu,0.0026535360683780976,0.004335118950813915,0.05156288072688017,0.8850688778486463,0.05637958640528246
W37617,1.2712448,5.349384,12Baso,0.0022722886134813928,0.02538158347937659,0.6784207011348588,0.0389552647242148,0.25497016204806944
W37618,-7.476824,8.982482,14Mo,0.022254216175376488,0.003139786596271829,0.08842143558092795,0.835211262759846,0.05097329888757863
W37619,-0.5007263,6.7546754,8Mk,0.005239114670630059,0.016068877739447967,0.7812438412016146,0.11205494660230693,0.08539321978600148
W37620,6.637358,4.695318,4Ery,3.006574746851023e-05,0.0046764770174550375,0.006937750558608999,0.13043833916520772,0.8579173675112607
W37621,7.6318665,3.1595757,3Ery,4.6198328155966167e-05,0.004922080848357135,0.0011182237210636255,0.13147259653806204,0.8624409005643622
W37622,7.8204947,3.8342862,2Ery,4.2479409804163766e-05,0.004861408849118683,0.0019156582737697172,0.13127998190779727,0.8619004715595112
W37624,-8.20639,7.5511775,14Mo,0.04650445469315391,0.0008294284759553535,0.05483726772235123,0.8474301322162678,0.05039871689227273
W37625,-1.9637936,5.6745276,7MEP,0.01765463778224979,0.06436635624146825,0.7562018821714934,0.10128124039888385,0.060495883405905684
W37626,-2.750095,4.061339,19Lymph,0.007812089540326588,0.7651034663497185,0.0366522674577751,0.12595582927464863,0.06447634737753218
W37627,-1.107103,7.4515133,7MEP,0.007500233694562158,0.0062912531401284255,0.59734189787084,0.21724117986756236,0.17162543542690806
W37628,-1.9653655,6.406916,10GMP,0.009619514191901593,0.03845463447497045,0.7397892006504757,0.14647360036315696,0.06566305031949629
W37629,-5.5582995,7.253644,13Baso,0.03821285637947047,0.008235640258405461,0.17726119383722902,0.7393378049809886,0.0369525045439075
W37630,8.169118,6.5186124,2Ery,3.416899098435275e-05,0.004718392060704188,0.0039648651276664275,0.13083312808978112,0.8604494457308648
W37631,8.265395,6.138288,2Ery,3.546002523358493e-05,0.004741498198074759,0.0036940840927271296,0.130894035056518,0.8606349226274475
W37633,8.379157,4.114784,3Ery,4.369346757271551e-05,0.004880349039711151,0.0013757929332079682,0.13136284270722534,0.8623373218522838
W37634,7.5564895,3.187071,3Ery,4.5945435040404635e-05,0.0049166498650572675,0.0014412701886039059,0.1314360765917162,0.8621600579195833
W37635,3.3374946,5.6570473,6Ery,0.0003689611274954633,0.009710814767477784,0.3156406683942056,0.08451073896177677,0.5897688167490452
W37642,-0.120996974,5.3323956,7MEP,0.0036214841429689612,0.06056394898261141,0.8229826854670276,0.01658206389167953,0.09624981751571346
W37644,-0.8201454,6.604297,8Mk,0.006048415714152802,0.024434575346955992,0.7322897172015536,0.12784679392381418,0.10938049781352438
W37650,1.2896528,4.2820387,2Ery,0.0024224489203607683,0.031352013798753284,0.6904413806683168,0.024659784188701576,0.2511243724238684
W37651,9.38072,5.894486,1Ery,3.9581228896518946e-05,0.004799435974259005,0.002223525792445904,0.1311543098589874,0.8617831471454122
W37653,-3.370893,6.5052223,9GMP,0.015309307102754747,0.027965423620707867,0.5837888866349275,0.317581921136356,0.05535446150525488
W37654,-9.065881,7.6011934,13Baso,0.06661093332770099,0.00020000023356128935,0.03167138482884428,0.8482988094611799,0.053218872148714624
W37657,-4.6038504,8.930645,15Mo,0.026049385545732925,0.013340131928045017,0.21060833127286155,0.7140268843108445,0.03597526694251703
W37658,3.2164915,4.7783613,6Ery,0.0009548899427014565,0.008430766444007278,0.3477537541496744,0.09794173059330254,0.5449188588703153
W37660,-8.252759,8.028722,13Baso,0.04012410255885193,0.0012511309806719423,0.07219966367486245,0.8341915205179241,0.052233582267690606
W37661,8.795059,4.572333,3Ery,4.036081995953237e-05,0.004819084906901844,0.002185202118197571,0.13119899732806548,0.8617563548268766
W37663,-7.7326527,11.387543,16Neu,0.002579052631997042,0.003511739639904012,0.010324374328099371,0.9202350248725455,0.06334980852745509
W37664,-7.712973,7.6306977,14Mo,0.04054331233217496,0.0012033923517110441,0.07121222283916608,0.8376835581146309,0.04935751436231797
W37665,5.8027134,5.6979556,5Ery,1.2824203278152536e-05,0.004464246090672717,0.02481686627295323,0.1275558245256297,0.8431502389074671
W37666,0.17643489,4.9032435,7MEP,0.0030536240702601775,0.04518361468040472,0.8491507847636892,0.007064088245211228,0.09554788824043557
W37667,-6.9504466,8.147016,13Baso,0.04924661037988084,0.0021779042277554825,0.09165188582788901,0.8124462017180814,0.044477397846394255
W37668,6.2614503,3.8943343,4Ery,3.6782645455980515e-05,0.004663380202925044,0.011516895079292802,0.13004811481966122,0.8537348272526658
W37669,-6.836058,8.274824,13Baso,0.03559694555277071,0.0025335161357657636,0.09973236137183503,0.8168813978485335,0.045255779091095925
W37670,8.437878,4.554201,2Ery,4.012613311423179e-05,0.004817410867611757,0.0022277312869329454,0.13118519560699465,0.8617295361053474
W37673,-6.270795,9.804707,15Mo,0.01126533150418197,0.0048176550021337755,0.08537005791465145,0.8470711557360568,0.05147579984297703
W37674,-1.31274,4.8471646,7MEP,0.004027416154988021,0.09525692839946014,0.8234727967618203,0.028441309541743877,0.04880154914198863
W37675,8.700572,5.1336207,3Ery,3.934877973640247e-05,0.004805525308726944,0.0025721096442268008,0.13112004081954112,0.8614629754477696
W37676,-4.3586464,6.287047,10GMP,0.023606719373466624,0.03292296596962153,0.4361368782140666,0.4621459390329465,0.045187497409899816
W37680,-8.097527,7.3742595,13Baso,0.04336207105300454,0.001165679055935025,0.07122662895726467,0.8343035296101219,0.04994209132367485
W37682,7.5363507,4.4363713,3Ery,3.684608581786955e-05,0.00476513401130281,0.0036576057854624425,0.13097070383110757,0.8605697102863104
W37683,9.273425,5.67826,1Ery,4.0612747772635265e-05,0.004816152574143756,0.001958237625440042,0.13120674457223094,0.8619782524804136
W37684,-7.027755,8.439275,13Baso,0.024611632730888382,0.004286213725855137,0.15434088607706212,0.7688931733155396,0.04786809415065572
W37685,-5.3292594,6.9440274,13Baso,0.035762225723098943,0.012369842200432406,0.2329513888921407,0.6841690285939516,0.03474751459037739
W37686,1.05483,5.4571967,7MEP,0.0016336630279182893,0.026423883086666287,0.7395560320722493,0.024697556059570958,0.20768886575359607
W37687,-5.9082394,9.534071,16Neu,0.017301738764146254,0.0044930720710277365,0.09892505974671123,0.8317678167345207,0.047512312683595015
W37689,-7.936855,8.127561,14Mo,0.04049166345177961,0.0016116520344549728,0.07065026566292419,0.8376395628058328,0.049606856045009404
W37691,9.2041,3.8089428,3Ery,4.6509705821985024e-05,0.004924837226730878,0.0005213071605193115,0.13151862198255365,0.8629887239243751
W37692,8.912573,5.193435,2Ery,3.92400961065903e-05,0.004799926318836895,0.0025010994777884504,0.1311257780041378,0.8615339561031312
W37693,8.736713,5.596207,1Ery,3.986570416719442e-05,0.004809259675629447,0.0023352535901706006,0.1311486950676148,0.8616669259624189
W37694,-7.181107,7.376007,13Baso,0.04971614476535662,0.0032394831050627355,0.1016566877140558,0.7999474711139792,0.04544021330154662
W37696,-8.181816,10.53502,15Mo,0.004981185062163694,0.0032029632811078497,0.005939342500148221,0.9214571236860202,0.06441938547056114
W37698,-0.52352613,7.653165,8Mk,0.006064133429826771,0.001900618675022378,0.6629028234810477,0.20133110596861478,0.12780131844548928
W37699,9.173365,5.0750813,2Ery,4.089588028919284e-05,0.004823156433914863,0.0018776797560056352,0.13123046167208105,0.8620278062577102
W37700,-7.738088,7.8981595,14Mo,0.0586133455686455,0.001324709414210204,0.06760965324700088,0.8252661114792438,0.04718618029090062
W37701,-7.115363,8.219511,14Mo,0.04540029263165393,0.0018093720901905675,0.08185966546147576,0.8247200418496511,0.046210627967029606
W37702,-5.485135,8.053785,14Mo,0.0345091507975621,0.007459752534066264,0.15946339779361646,0.7603908290944908,0.03817686978026532
W37704,-4.817563,6.5432205,9GMP,0.01995522481059261,0.010136706017777148,0.3169838253540047,0.5986960413929685,0.05422820242465804
W37706,-7.2707686,8.139778,14Mo,0.042226802422513275,0.0024226156993064876,0.08997565690900729,0.8194541476576375,0.0459207773115364
W37707,-4.546969,8.931039,14Mo,0.014145333035572699,0.010735678494830005,0.29840216977685463,0.6277080001540003,0.04900881853874338
W37708,7.686602,5.9724813,2Ery,3.2800428041450426e-05,0.004704334905973852,0.0044572516053782586,0.13075966687868265,0.8600459461819248
W37709,0.29879177,4.688103,7MEP,0.002835827594095947,0.04136922441104737,0.8477190990306002,0.0039523405389148445,0.10412350842534263
W37710,8.880049,4.8401475,2Ery,4.041897535201241e-05,0.004819476026463843,0.0020480228411475804,0.13120797663156167,0.8618841055254758
W37711,-6.126807,11.000303,16Neu,0.003317769861639517,0.006391067218178436,0.07171431324713898,0.8638205874959651,0.05475626217707892
W37712,-6.1322775,5.9038944,10GMP,0.03458387764551017,0.0063717371950686,0.20619481019471947,0.702275555677257,0.05057401928744584
W37713,2.8867414,5.188252,6Ery,0.0005256558220382136,0.01215905761520041,0.4468822600730031,0.06574364087833681,0.4746893856114223
W37714,8.8863325,4.9442797,2Ery,4.084643128847883e-05,0.004829142088962543,0.002032298830598976,0.1312171162376135,0.8618805964115375
W37715,-6.0250807,8.903972,15Mo,0.027320181334708198,0.004592059756557015,0.12174532803683405,0.8030373981260346,0.04330503274586708
W37716,-6.0161304,9.23686,14Mo,0.01634799286572952,0.006258883279577852,0.17057701193222283,0.7631893832847312,0.04362672863773957
W37717,-7.948643,10.777237,15Mo,0.004252833047385115,0.0033420103662297734,0.00964935870042145,0.9192711475205793,0.0634846503653854
W37718,5.8808975,4.296012,3Ery,3.174051284757874e-05,0.004538137624859369,0.01778141175039584,0.12918480141367106,0.8484639086982271
W37719,-2.7038412,7.933982,12Baso,0.008636943269773451,0.024623431858311503,0.6269834536545098,0.3169716359213816,0.022784535296024568
W37720,8.80577,4.965591,2Ery,3.9151354262518096e-05,0.0047997152017421885,0.0025160386541610673,0.13112794856520685,0.8615171462246284
W37721,-6.745907,6.319621,13Baso,0.040151048914702746,0.004820206964080335,0.14502530957580564,0.7643577684635358,0.04564566608187658
W37722,-6.573062,7.6908317,13Baso,0.03516368525469071,0.003248597834879029,0.1124878038385839,0.8041202100443915,0.04497970302745583
W37723,-0.19831768,4.948197,7MEP,0.0032791443519282907,0.049225398461244706,0.8658287886962505,0.007818456148580054,0.0738482123419976
W37724,4.1296797,4.4513826,6Ery,4.571702259269376e-05,0.003941398229759315,0.12627152357450172,0.11501561892758469,0.7547257422455625
W37725,6.4789653,3.7128332,5Ery,3.283471235494184e-05,0.00468441563155931,0.008700329601942303,0.1303312039141825,0.8562512161399619
W37726,4.978049,6.819223,2Ery,0.00023564181196135268,0.00710823413664925,0.12070219748550487,0.1123606372812228,0.7595932892846626
W37727,-2.9190133,4.1432953,19Lymph,0.0022612853968667934,0.7894657836052629,0.016132017320583652,0.128045739749886,0.06409517392740174
W37728,-6.3788757,8.982491,14Mo,0.02258946777634252,0.004680228680007019,0.14390664141220105,0.7834763621442533,0.04534729998719717
W37729,-1.0979123,5.3209534,12Baso,0.005568925020262641,0.06875371562348066,0.8431547167534047,0.024921221894977977,0.0576014207078749
W37730,7.724859,6.0685368,2Ery,3.219802025634058e-05,0.004697749051966087,0.004841766993156875,0.1306963123324065,0.8597319736022152
W37731,-7.27276,11.288477,16Neu,0.0018912544140482642,0.003987480388103252,0.027987825804069832,0.9059223594361316,0.06021107995764811
W37737,6.669811,4.0526896,4Ery,3.322554794051534e-05,0.004723387547499442,0.006496433460175364,0.1305531192522244,0.8581938341921611
W37738,3.0613413,5.2850647,6Ery,0.0003588547624273124,0.009756719332608736,0.3628905879283494,0.07776969004521696,0.5492241479313984
W37739,-6.5454926,6.6106734,13Baso,0.030163485998388282,0.005139974034491736,0.16844735932660881,0.7497883266126565,0.046460854027855644
W37745,5.687705,4.735843,4Ery,1.445008362532938e-05,0.004466247733166185,0.020345638973899308,0.12836525965432505,0.8468084035549851
W37746,8.399932,4.91876,2Ery,3.9362888440233885e-05,0.004803486474248684,0.0023751254202415105,0.13114991094751083,0.8616321142695597
W37747,7.38669,5.426815,4Ery,3.2190506263529046e-05,0.00470475331766854,0.00614035822599372,0.130511926437914,0.8586107715121611
W37748,-3.957771,9.098424,15Mo,0.016140229947709,0.030507973360812995,0.3478786625930854,0.5712328703980445,0.03424026370034912
W37753,9.65284,5.141886,1Ery,4.2322414256008984e-05,0.004844879967950921,0.0014732471270033649,0.13130255962919654,0.8623369908615941
W37754,-8.341814,10.408089,15Mo,0.005843952845136364,0.0032261198088658627,0.008606775394289974,0.9178397970904109,0.06448335486129797
W37756,-4.9033084,7.036444,13Baso,0.03357464684098578,0.01511779036089211,0.2705528418350827,0.6474928632560923,0.033261857706947937
W37758,-5.9095125,8.978225,15Mo,0.024972309563083352,0.007212995738365277,0.13947133718929108,0.7846238020151532,0.04371955549410802
W37759,4.7207274,6.776786,3Ery,0.000637389700959778,0.011165469285341852,0.2635220532620786,0.08946998155380614,0.6352051061978147
W37761,4.6807127,4.377063,6Ery,2.3351899398363644e-05,0.0041951747056709655,0.08156911895061024,0.12039261171790103,0.7938197427264203
W37762,-1.4644223,5.154567,12Baso,0.0055439035511701965,0.06731368138288062,0.8490713184427181,0.04170856599916102,0.03636253062407095
W37763,-1.857445,6.8180466,12Baso,0.0051012046448793156,0.03971050862776213,0.7828951325156329,0.15159295912057988,0.020700195091146737
W37764,-3.9711823,7.924531,13Baso,0.02779791010073782,0.03608294560717024,0.39386128200845516,0.5125879120000983,0.02966995028353946
W37765,4.7396116,4.903797,5Ery,3.94086460434983e-05,0.004841728207504829,0.11259637822738174,0.11500770658619978,0.7675147783328712
W37766,-3.6810412,8.845631,16Neu,0.01695840309758215,0.04650633154864589,0.4422419181036648,0.4598530540860434,0.034440293164064745
W37769,6.1379933,4.18834,6Ery,2.625839940307828e-05,0.004640058169656479,0.019309719216564738,0.12861277482633424,0.8474111893880425
W37770,-7.235175,7.638071,13Baso,0.047193125046722025,0.00265544963985303,0.10154955338129455,0.8050226388771167,0.04357923305501471
W37771,9.140009,4.8594623,2Ery,4.138905145983344e-05,0.004833005428697809,0.001761622957875319,0.13125733182362775,0.8621066507383403
W37772,-8.319107,8.101047,14Mo,0.04704464622801777,0.000643234403950741,0.05589423401670408,0.8455279845245546,0.050889900826773776
W37776,4.060872,6.1277676,3Ery,0.0002634123206012449,0.007442839381275997,0.1795728609486624,0.10402043769093952,0.7087004496585219
W37777,-6.3542895,8.484786,14Mo,0.03682884718032566,0.0036940700836208163,0.1199335976489155,0.7976166085150236,0.04192687657211541
W37778,-0.53189796,6.646522,8Mk,0.005449797204094489,0.016939735303325352,0.768503457238622,0.11321833801539868,0.09588867223856043
W37779,7.073089,7.7243047,2Ery,3.377888797433764e-05,0.004689865235860243,0.011467147605960433,0.1295487404796104,0.8542604677905956
W37780,-3.7634122,5.869789,9GMP,0.022843927028492757,0.07433533075193272,0.47283914014865236,0.3881898335320934,0.04179176853882984
W37781,5.3693457,4.2522945,4Ery,1.3685956970912553e-05,0.004392288223639559,0.028897228443346,0.12729825068846537,0.8393985466875791
W37782,6.627527,2.7989368,3Ery,5.405019964880495e-05,0.004864534444239102,0.006040444027060812,0.13113523368651192,0.8579057376425403
W37786,6.6129904,4.466238,3Ery,2.725651464099685e-05,0.0046435655855819324,0.008219891612270706,0.13022539307494263,0.8568838932125649
W37788,-6.277511,8.300875,14Mo,0.03144136268513203,0.00436286030873484,0.1283349998277788,0.7932374349453957,0.042623342232959605
W37790,5.709136,7.187676,2Ery,4.285275756871219e-05,0.004803833166154312,0.03493618261128436,0.12580006983682965,0.8344170616281641
W37793,-5.1007,6.45956,10GMP,0.029581741465451585,0.01232269607646454,0.2721484427637647,0.645971805564492,0.0399753141298282
W37794,-6.389792,11.473595,16Neu,0.0011335056687582275,0.004564776538554989,0.04028892726035519,0.8957277801806202,0.05828501035171247
W37795,3.8361173,5.2522283,6Ery,0.00026143842754154715,0.004719204134451323,0.20514080882019783,0.1074495389503711,0.682429009667439
W37796,-7.729832,7.9568458,14Mo,0.044125340214743854,0.0015647362039932847,0.07570861118305744,0.8298718752766215,0.04872943712158496
W37797,-6.526345,11.266693,16Neu,0.0038809378345915292,0.004104453938114836,0.04889268001785458,0.8867511746382901,0.056370753571149956
W37798,6.672776,4.2939205,5Ery,3.250359054489967e-05,0.004693676097954108,0.006469198088012353,0.1305641251519646,0.858240497071525
W37799,-2.5471199,6.18668,10GMP,0.052326230290266416,0.06855314972236107,0.6610454955007963,0.1844525246283768,0.03362259985820041
W37800,-6.1157417,8.888879,16Neu,0.03738710291443556,0.004153279402423912,0.11606687548536816,0.8002974818998357,0.0420952602979376
W37801,-1.5964875,7.0337887,12Baso,0.00557606157235215,0.027534779635475057,0.7306192245999666,0.15772522303406714,0.07854471115813996
W37802,-4.9132466,2.5738235,11DC,0.8328676570137921,0.024764989423264588,0.0010174261602082034,0.14085001811142994,0.0004999092913062762
W37803,-7.4205456,9.533786,15Mo,0.016590747521768798,0.002855615774707278,0.05471612241190772,0.871088227879474,0.054749286412143196
W37804,6.7967296,6.164794,2Ery,2.6785167335296e-05,0.0046240654082365315,0.00765457908875804,0.13021789328896066,0.8574766770467105
W37805,-7.4735427,7.1113405,13Baso,0.04014010592362866,0.0016137328573497588,0.08003565761858399,0.8298093925816773,0.04840111101876134
W37806,-0.20795612,4.4232006,7MEP,0.0032563826539286503,0.05502943732280866,0.8522882064061834,0.006343516732818484,0.08308245688426187
W37807,-6.247189,7.580002,13Baso,0.06177526931154605,0.004360763216324203,0.1225188659414247,0.7715842419315377,0.03976085959916821
W37809,-5.9962363,7.4129715,13Baso,0.036020433985348405,0.005736833672033831,0.14229063197610617,0.7754270541406372,0.04052504622587536
W37811,7.7158813,6.0227327,2Ery,3.4416729460166733e-05,0.0047267624786361435,0.0076573085727280575,0.13024773880553997,0.8573337734136366
W37812,5.7810636,3.3907309,6Ery,0.00016095190329254737,0.004902383367584438,0.045896019378341736,0.12821139119054328,0.8208292541602391
W37813,-7.228745,8.2039175,14Mo,0.0346878585120593,0.002041576781711897,0.0940978669048046,0.8222749648362059,0.0468977329652193
W37817,5.2809863,6.0756226,5Ery,2.2876387767957557e-05,0.004577681887349735,0.041700871050312754,0.12494515134881376,0.8287534193257569
W37818,-6.1487627,11.066845,16Neu,0.0021505937146165336,0.005495285608741187,0.06690708950237531,0.8707160938426801,0.05473093733158791
W37819,4.686742,5.4375863,5Ery,2.1432794477113354e-05,0.0044255310113861055,0.07697024214590557,0.12023831294168809,0.7983444811065441
W37820,4.2890153,4.6918993,6Ery,2.904724345664728e-05,0.0039747937501771555,0.11982745174566756,0.11537655550619812,0.7607921517545015
W37821,-1.669867,4.985404,18Eos,0.014980504242403507,0.17958034501959666,0.6800097614182071,0.07630453233329233,0.049124856986501375
W37822,-7.4334264,7.767468,14Mo,0.03759530699227976,0.0017270999832467953,0.08452144150840629,0.8284709851735881,0.04768516634248013
W37825,-7.8184695,7.7843256,14Mo,0.03497834249215145,0.0017039209654534757,0.07548038933611809,0.8369805022271617,0.05085684497911624
W37826,-8.1675415,7.1976695,13Baso,0.04301851479196221,0.0009765496119371284,0.06400980365842834,0.8421319548432911,0.049863177094382205
W37828,-7.9223337,11.122315,15Mo,0.0035507485851585057,0.0033805794932784943,0.0072398000958217015,0.9218776371474557,0.06395123467828658
W37830,1.6596082,4.1708894,2Ery,0.0015180345313407515,0.02170775747590597,0.5618505467163505,0.042890614476955406,0.3720330467994485
W37833,9.334539,4.4187646,2Ery,4.4386122671410314e-05,0.004884462990390807,0.0009830241591771748,0.13141245192058965,0.862675674807172
W37835,-6.6463647,6.1309853,13Baso,0.040102070886073024,0.004337723973541177,0.15398462537300225,0.7553953597751581,0.04618021999222649
W37838,1.6201046,4.276744,3Ery,0.001818112143847629,0.025436628416623027,0.6342822116486755,0.03191307491885523,0.30654997287199953
W37841,8.220014,5.564866,2Ery,3.6437597580338834e-05,0.004760187740115901,0.0035875033195001452,0.1309297015333546,0.86068616980945
W37842,-6.559307,8.8442135,15Mo,0.03215969120129501,0.004072276801992088,0.11208402413448085,0.8081520566045725,0.04353195125766073
W37843,-2.6547146,7.268367,12Baso,0.008639417510798225,0.02126008983497204,0.6363224413937377,0.27657594475970254,0.057202106500790474
W37844,2.6735425,5.2731175,7MEP,0.002060754775317079,0.010524220860114224,0.47470753875861493,0.1054582958295021,0.4072491897764525
W37847,0.9192163,3.9926102,3Ery,0.0033234480805533415,0.04091556444594434,0.745345703657384,0.017868554012113843,0.19254672980400542
W37848,1.3098977,4.0958476,4Ery,0.0021080260765968003,0.029189296287555896,0.6799590439430137,0.02566543985651869,0.2630781938363159
W37849,-8.054125,10.429925,15Mo,0.006005170960024489,0.0032511460906895946,0.01338930460475846,0.9146379206452679,0.06271645769926054
W37850,-7.8433743,7.7641945,14Mo,0.05419154142618678,0.0013457153065838962,0.06661543035428923,0.8300823228673273,0.04776499004561383
W37851,7.761035,4.1726966,4Ery,4.087655730580181e-05,0.004839379856149066,0.002737547118860665,0.13113767194106293,0.8612445245266225
W37852,8.062892,5.135717,4Ery,3.858474555333237e-05,0.0047944705078328004,0.00646509230298476,0.13050553565656609,0.858196316787064
W37853,-6.39592,7.81647,13Baso,0.03314248185115181,0.005518854985879624,0.14720133709193975,0.7727213238321141,0.04141600223891571
W37854,-1.3277861,5.550232,9GMP,0.010266608839679644,0.06367052993254971,0.8223395998187425,0.041348861250456496,0.062374400158572554
W37857,-1.3565562,5.153868,12Baso,0.005759838285887241,0.06264557489061878,0.8517966357757095,0.025254402879557526,0.05454354816822795
W37858,8.508414,5.1248045,2Ery,3.691309896435799e-05,0.004767149581915136,0.0033705158885118094,0.13097527273734513,0.8608501486932645
W37859,5.7448115,4.4476376,4Ery,1.4482504978446844e-05,0.004422622358388296,0.022240876904170447,0.12821907875881827,0.8451029394736456
W37860,-1.1902608,7.234888,9GMP,0.007677701624010442,0.00977272646967989,0.6418034287152625,0.2091822670179634,0.1315638761730847
W37861,-6.968142,11.638089,16Neu,0.0010184187290962282,0.003991728283542226,0.027169125800838478,0.9076097647054865,0.06021096248103767
W37863,-4.67101,9.930347,16Neu,0.011162580295959111,0.0242293803682759,0.24970993242734657,0.6729304442449784,0.04196766266344091
W37864,6.7084846,6.5617766,2Ery,2.619881545770419e-05,0.004615423281234835,0.008202372013199689,0.13011593773470018,0.8570400681554086
W37865,8.859036,5.41088,2Ery,3.904773738339327e-05,0.004796500230697341,0.0024856099304503016,0.13112119941161732,0.8615576426898526
W37866,-7.226464,11.4094,16Neu,0.0020141013450508897,0.003979835480370222,0.028601947289909946,0.9053808216866182,0.060023294198051705
W37867,1.2233135,5.4183025,7MEP,0.0020107739085697706,0.0270210440619138,0.7173650812273851,0.037573363553164645,0.2160297372489677
W37868,-5.7739396,8.393779,14Mo,0.027672976129314672,0.006778448643758903,0.16640496877826771,0.7590829594082562,0.040060647040403484
W37870,-2.208226,6.013512,14Mo,0.01423925985682895,0.0768300831392946,0.7060224151364937,0.13458307014674115,0.06832517172064258
W37872,-7.3328743,8.559271,14Mo,0.021455535645770702,0.00541197554108468,0.20754791780647597,0.7156814653904627,0.04990310561620677
W37873,5.7796617,5.4778175,5Ery,1.1142169048981972e-05,0.004432051125850273,0.028444804357340238,0.12704721649488787,0.8400647858528736
W37874,6.2606654,4.8716526,5Ery,2.3188887365318658e-05,0.004586427350410087,0.011051411446596004,0.1297461453362952,0.8545928269793344
W37875,8.58916,4.7960844,3Ery,4.006136015558259e-05,0.004816632894117214,0.0022445951938629507,0.13118226782276102,0.8617164427291043
W37876,7.866701,3.993032,3Ery,4.065462122808088e-05,0.004827080719676596,0.002661571294622679,0.13116992041064657,0.861300772953827
W37878,6.8516655,7.211036,2Ery,2.6733419278294443e-05,0.004615869416649546,0.009708713892568284,0.1298448400674983,0.8558038432040066
W37879,-4.637963,9.67092,18Eos,0.010098520409515364,0.014070961680206696,0.2898253581530585,0.6504018839527477,0.035603275804472756
W37880,-7.0833254,7.9037933,14Mo,0.037929023223760905,0.001742478067678441,0.08696811848114833,0.826724449366969,0.0466359308604444
W37881,8.373379,4.562917,3Ery,3.9295250083733794e-05,0.004803995041909793,0.0024295036776004874,0.13114916192143902,0.861578044108968
W37882,-7.689686,8.331741,14Mo,0.0365217856003151,0.001619745822411431,0.0794764330692057,0.8329067422414244,0.04947529326664428
W37883,-5.7268195,9.677655,14Mo,0.016135845068567838,0.008665680262016397,0.16145560517383165,0.7708604619054124,0.04288240759017282
W37885,-1.3125672,5.0232987,12Baso,0.004097833792048859,0.06819821177505304,0.8505338572165626,0.04102387144266131,0.03614622577367516
W37886,-6.2009068,8.834896,14Mo,0.029142576577207428,0.0038047099407707567,0.11562570927792286,0.8082111995594604,0.04321580464463952
W37887,7.2557464,3.72185,4Ery,3.8528121359564224e-05,0.004789265422920716,0.0036085580217516872,0.1310256970517344,0.8605379513822345
W37888,8.783972,3.014097,3Ery,4.875189230621039e-05,0.0049666832234635345,7.283371079947005e-05,0.13162778934162503,0.8632839418318068
W37889,-8.112368,8.140908,14Mo,0.04878554092401541,0.0005925141504170479,0.060360749649346165,0.841340560897565,0.048920634378657304
W37890,0.4343115,5.0378184,7MEP,0.002503542974440851,0.03905195385092968,0.8389946176185431,0.00726348591543975,0.11218639964064757
W37891,1.6116147,5.199464,5Ery,0.0014637352048296644,0.023565848886064313,0.69186283920985,0.029223275455272875,0.2538843012439841
W37892,-2.7526932,7.683737,12Baso,0.011501907283885652,0.01245947989541364,0.5221952799295901,0.3696980405087963,0.08414529238231519
W37893,7.9224267,4.568148,2Ery,3.739493793216039e-05,0.004777160042095355,0.003209140211112716,0.13102575293120342,0.8609505518776573
W37894,-4.841522,8.481214,15Mo,0.032565699600272224,0.010198448332946575,0.1920133931926457,0.7294246991514622,0.03579775972267428
W37895,-5.3607745,10.038272,14Mo,0.009412898057614387,0.00629065517750226,0.12403022707222291,0.8133408158895098,0.046925403803151675
W37896,8.569332,4.213562,3Ery,4.05780216868358e-05,0.004824890996303002,0.0021786323068244884,0.1312081398576012,0.8617477588175855
W37898,-5.121057,9.431838,14Mo,0.020978604818459465,0.008862933791109008,0.15551995142953387,0.7732905057754551,0.04134800418544367
W37899,7.8234377,6.289487,2Ery,3.179767401439745e-05,0.004688942347908944,0.005262432221744889,0.13061668293205356,0.8594001448242792
W37900,7.4852247,4.3619814,3Ery,3.766440871382304e-05,0.004788036601509794,0.0038191574806295298,0.1309552235906299,0.8603999179185179
W37901,7.9565606,6.4252133,2Ery,3.373665802490053e-05,0.004715611103205138,0.004349012588139888,0.13077300736352426,0.8601286322871069
W37902,-6.5941935,11.621026,16Neu,0.0009361534025369678,0.00410890748418358,0.03536860415869226,0.9008739578967453,0.05871237705784287
W37903,1.0625161,5.1322937,7MEP,0.001814987350810803,0.028651229130385866,0.7271257237233528,0.023315712964182066,0.21909234683126935
W37904,8.571057,5.9956975,2Ery,3.617827235684916e-05,0.004749487234992161,0.0033944500664895376,0.13094302299340588,0.8608768614327565
W37906,-4.4159393,6.018359,10GMP,0.0230534949362094,0.02124813683406615,0.3831581262168307,0.5304568568319781,0.042083385180916796
W37907,-1.4115849,5.0382586,7MEP,0.004071858185627088,0.06845190150871533,0.8572891701718838,0.04003616023473895,0.030150909899035787
W37908,1.977607,4.6444106,5Ery,0.0010691796859386151,0.018364066260168357,0.5285429690780888,0.04972574740565673,0.40229803757014837
W37909,1.5853755,4.811388,5Ery,0.0014636748404549427,0.02416880070136995,0.6574878136606123,0.03190079290778505,0.28497891788977875
W37910,-5.761381,6.53964,13Baso,0.02516242134674608,0.009077136921931015,0.23853271573609186,0.6769464423752829,0.05028128361994916
W37913,0.9900911,4.7350903,6Ery,0.0024187520625821627,0.03321732678173111,0.7747418359537469,0.01566693652956896,0.17395514867237175
W37914,0.35203227,4.58582,7MEP,0.0031082778176695076,0.04356762535232439,0.836145704080227,0.005481899181065391,0.11169649356871464
W37915,7.596453,3.501368,3Ery,4.240504125399087e-05,0.004854378055076482,0.00250240363969686,0.13123909270733838,0.8613617205566353
W37916,-1.1825453,5.726486,10GMP,0.01292684766639688,0.06031237143192854,0.8184803965488353,0.043912455108764556,0.06436792924407567
W37917,6.5470066,5.1733603,5Ery,2.4087335060425743e-05,0.004588518686550165,0.008779683479355906,0.13008422714446446,0.8565234833545701
W37918,5.5114107,4.7835927,5Ery,1.268948528584755e-05,0.004352463608004398,0.033119198063179575,0.12672481227693533,0.8357908365665958
W37919,7.5912075,7.339872,1Ery,3.059786447653153e-05,0.004658673579373809,0.006413076065037271,0.13038975683314044,0.8585078956579729
W37921,-7.7760744,6.824367,13Baso,0.08971776219893669,0.0022604031411403115,0.07002418039179469,0.7929565482094821,0.04504110605864719
W37922,-6.6610303,9.550965,15Mo,0.019527519462681844,0.003365965805899909,0.06893502173869258,0.8567465209708878,0.05142497202183892
W37923,4.7377,4.7679577,3Ery,2.956202817186143e-05,0.004352167069310867,0.08906699311074873,0.1190255781671064,0.7875256996246632
W37924,2.280758,5.2152724,6Ery,0.0007877541168676731,0.014411802415988394,0.49680183970436914,0.06058934911583503,0.42740925464694063
W37929,-8.007459,8.928285,14Mo,0.02472857854167248,0.002059465563204365,0.06258692478920883,0.8551813284709807,0.055443702634934734
W37930,-4.9788337,2.6061041,11DC,0.8229893908594141,0.02215010994487518,0.00038287153163477333,0.15327760374137614,0.0012000239227006647
W37935,6.4456277,5.164877,3Ery,4.41650763338486e-05,0.0048785509660737416,0.022588099740292314,0.1279787050022068,0.8445104792150943
W37937,7.03868,3.9819794,3Ery,3.6604287371304105e-05,0.004775292671855242,0.004851552284669278,0.13082453906094269,0.8595120116951624
W37938,8.9263935,4.63718,3Ery,4.203874724863581e-05,0.004847393563374182,0.0016581008323853952,0.1312869072022173,0.8621655596547755
W37939,-6.9487343,11.122153,16Neu,0.002137021147221038,0.003898264415765044,0.032251824764537106,0.9024416005653517,0.05927128910712623
W37940,5.4386983,4.2226543,3Ery,2.0054134609830194e-05,0.0044336274140601385,0.02932696292289646,0.12738535939858353,0.838833996129851
W37941,-6.232636,5.85885,9GMP,0.03000984799363549,0.005701893660175021,0.20293104397778894,0.7040250349015924,0.0573321794668092
W37942,-4.7244763,9.049709,14Mo,0.028037830387150433,0.010224180514712848,0.18490320417635941,0.7393823857245042,0.0374523991972742
W37943,-1.2333521,5.222149,12Baso,0.003905390726077376,0.07539486518677274,0.8457820771848603,0.051353502095033136,0.023564164807257443
W37945,-1.4453744,5.8190184,9GMP,0.009890519035605803,0.04483919870549499,0.745276128949705,0.12734077508872466,0.07265337822047063
W37946,-6.825216,8.041737,14Mo,0.03475295553045269,0.0030069901581928314,0.1113763320392764,0.8067003246622526,0.04416339760982645
W37948,-7.1835833,8.735011,14Mo,0.03146208123329769,0.002189998337575495,0.07679848414699918,0.8405621695688187,0.04898726671331005
W37951,-0.62831336,6.001675,8Mk,0.006522851750559294,0.05702038522781016,0.8120633048691448,0.051376160190352835,0.0730172979621338
W37952,4.570858,6.498145,5Ery,0.0005061712072509432,0.00858121744686581,0.185395309064778,0.10222312548966547,0.7032941767914407
W37953,-5.1515574,9.907285,15Mo,0.009432598199717951,0.008964133336541748,0.17301518577036887,0.7650212010842079,0.043566881609164616
W37954,-6.4645214,9.17941,15Mo,0.02732083072748984,0.003614599871410901,0.10689286003835106,0.8172656509034846,0.04490605845926456
W37955,9.210391,4.8472786,3Ery,4.2053928479189365e-05,0.004846150680060664,0.0016038070634903174,0.13129401484030936,0.8622139734876614
W37956,-6.6457253,10.705396,16Neu,0.004028851617471432,0.003857949453898976,0.0402976194775102,0.8940573836176837,0.057758195833436735
W37957,-4.1708255,8.995504,15Mo,0.016832890985363128,0.02974460531788619,0.3089028492359793,0.6079430501240285,0.03657660433674392
W37959,5.829625,6.33504,4Ery,2.408709464413417e-05,0.004600067567810796,0.0245174389095347,0.12754912728993484,0.8433092791380765
W37960,5.425532,6.181367,3Ery,6.167429113957852e-05,0.004959203227939789,0.05654830519234697,0.12255697041374423,0.8158738468748304
W37961,-0.4428784,7.1888227,8Mk,0.0051411071568182,0.009614755116746485,0.7305889113215337,0.13837280912899075,0.11628241727591183
W37962,-7.726574,9.548381,15Mo,0.01809837021806905,0.002715687346283017,0.0432093533108441,0.8796124373058912,0.05636415181891361
W37963,-5.9406953,9.499446,14Mo,0.015808961283438235,0.0047700507660693794,0.10463640266340346,0.8275819026599834,0.04720268262710642
W37964,4.3787723,6.0799675,5Ery,0.00010763103150758791,0.005656858204474827,0.12769167965474465,0.11202630749973888,0.754517523609535
W37965,3.9779255,5.799178,3Ery,0.0001435304650081877,0.00585677391707912,0.18884470224104175,0.10418069380845425,0.7009742995684177
W37967,1.2119339,3.9975786,4Ery,0.0020347518394495064,0.027303424712408,0.6676587766841896,0.02693193108390672,0.2760711156800471
W37969,7.007004,6.065518,2Ery,2.7948631378713743e-05,0.0046380638534071865,0.00656902918758735,0.13039797429699856,0.8583669840306293
W37970,-0.747696,6.843695,8Mk,0.006833165498826824,0.013290355544830997,0.7111229012662121,0.16129537082425568,0.1074582068658753
W37971,0.23563367,5.3631454,7MEP,0.0033325942029297888,0.03943701898844538,0.8199778759610183,0.019308831911014193,0.1179436789365932
W37972,-5.798903,6.1568184,10GMP,0.05451087849976421,0.016593395038457515,0.24881186024085922,0.6434542787748203,0.03662958744609964
W37974,-5.628901,10.333202,15Mo,0.0075564485402050624,0.01137817587359086,0.15192696230961955,0.7814371596249309,0.04770125365165466
W37975,-8.064664,8.279493,14Mo,0.04273971916470179,0.0011113436550349537,0.062033482436428256,0.8439326576727421,0.050182797071093965
W37977,-4.4935684,7.947298,13Baso,0.027023297529289995,0.012797292884663487,0.25192788970472746,0.6743828181804074,0.033868701700912725
W37978,8.426944,4.481731,3Ery,3.955609130193147e-05,0.0048115071764860285,0.002442573940782269,0.13115280135427837,0.8615535614371524
W37979,-0.21058923,5.197772,7MEP,0.0035821315695412073,0.05400876794441316,0.845304980587434,0.011927577226042669,0.08517654267257005
W37980,8.404277,6.466417,2Ery,3.442781826843783e-05,0.004722132936360485,0.0039428052574432704,0.1308372652148081,0.8604633687731207
W37982,-8.413895,7.7240076,13Baso,0.05979253264852192,0.0004805483198161205,0.053042933547484634,0.8373273941344176,0.04935659134976069
W37983,1.1990602,3.9361844,2Ery,0.0026153541782903437,0.03114752499423904,0.6993059835192087,0.022111909900085592,0.24481922740817733
W37984,-5.2616687,6.117071,10GMP,0.034389577813365435,0.05280659070802386,0.28268943691724363,0.5926347094978625,0.037479685063505644
W37985,9.260151,5.93009,2Ery,3.989313437532598e-05,0.004803493443656323,0.0021594707997133495,0.1311655111756243,0.8618316314466317
W37986,8.889812,5.8161163,2Ery,3.700161415427713e-05,0.00476257780807474,0.0030324668529851813,0.13101074061163479,0.861157213113152
W37988,8.436925,5.767849,2Ery,3.5823565329612264e-05,0.004749011151826678,0.003690366503005097,0.13090461141951631,0.8606201873603234
W37989,-2.3750184,7.3872447,12Baso,0.008286623336910541,0.02872969690833241,0.6760647853957567,0.27238102611446957,0.014537868244531777
W37990,-7.4581146,8.390516,14Mo,0.03807309418693449,0.0014983144628959789,0.07847247298690185,0.8341069632664025,0.04784915509686611
W37991,9.398895,5.517918,1Ery,4.113166243983996e-05,0.004823051148456685,0.0017651065494221295,0.131240379928828,0.8621303307108543
W37992,-3.7976017,7.6316357,14Mo,0.02675909450976159,0.03813853873425918,0.4121414247814922,0.49216005553001185,0.03080088644447622
W37993,-4.63025,9.290778,14Mo,0.01443328122875835,0.014457557044222477,0.336821897723093,0.6053725827726317,0.02891468123129548
W37994,9.383659,5.347708,2Ery,4.1703497908115336e-05,0.004833450470217945,0.0016170396927282333,0.13127207267677982,0.8622357336623669
W37995,-7.216211,9.220328,14Mo,0.02097045957931141,0.002600567197901693,0.06746611221574286,0.8563096995079703,0.0526531614990747
W37996,-6.7547636,11.676389,16Neu,0.0014040582275646175,0.00414238552477762,0.03382871945141632,0.9015143799688566,0.05911045682738574
W37997,-6.8397593,7.8946357,14Mo,0.04106978443317052,0.0021502984576795667,0.09230597747776667,0.8196972620746059,0.04477667755677832
W38000,-0.5419824,6.3280964,8Mk,0.0052457466557792745,0.03771589418676477,0.7926871146032335,0.07945066762060929,0.08490057693361411
W38001,-5.4794445,9.445777,16Neu,0.02485960249861202,0.0055284007704122055,0.12904772445672053,0.7987291052981073,0.041835166976148905
W38002,-6.3971267,11.252479,16Neu,0.0020881514805615882,0.004937199795872663,0.057888320649948734,0.8791846775229274,0.055901650550690594
W38003,7.7454176,7.0257626,2Ery,3.0491540032431367e-05,0.004661941217120192,0.006814434136514826,0.13032815243999685,0.8581649806663367
W38004,-0.89663345,7.194919,8Mk,0.006146573793884643,0.012052984206148844,0.7385135241485917,0.15144475000219115,0.09184216784918457
W38005,6.923088,3.9920042,5Ery,3.3536377822349936e-05,0.004710631986755196,0.005784909239997892,0.13067252375949526,0.8587983986359302
W38006,4.1626964,4.4212613,6Ery,6.81012296788535e-05,0.004025145316933877,0.1295912286028923,0.11505566103371072,0.7512598638167852
W38007,-2.631834,3.6885335,19Lymph,0.019027071739793767,0.7672940635311675,0.025242602936088765,0.12584353230623074,0.06259272948672043
W38008,-4.3651834,9.178222,15Mo,0.020919596576038993,0.019290748170484595,0.26024256185379285,0.6644864491035742,0.035060644296110194
W38009,-3.7357116,7.5018625,13Baso,0.02115207110032201,0.06050425597909228,0.5272980326624427,0.35486338711505105,0.03618225314309294
W38010,5.0336943,4.7479315,5Ery,9.763018994406552e-06,0.004260401562382535,0.05356027824574677,0.12382263753270127,0.818346919640176
W38011,-7.86502,8.520437,14Mo,0.03216397229385614,0.0016936144248961937,0.07531422554637508,0.8397429066623403,0.051085281072533274
W38012,6.3149853,5.0393314,5Ery,2.4513501449709275e-05,0.004587268650337405,0.00865170138818392,0.13012928169995197,0.856607234760078
W38013,3.4401753,5.2444277,6Ery,0.00029418544319874824,0.006646356567175563,0.3010271524342179,0.09074230766243566,0.6012899978929731
W38014,-6.5654225,11.32451,16Neu,0.0018318305289752109,0.004224542415841047,0.04403323564265382,0.8927628020592184,0.05714758935331235
W38017,8.591359,2.8459244,3Ery,4.8912495750022693e-05,0.004970236349400255,6.915171066671165e-05,0.13163518532422708,0.863276514119957
W38018,-8.688749,9.696852,15Mo,0.011771121730978888,0.0025351810141120835,0.00990761565049029,0.9115297142689005,0.06425636733551936
W38019,1.3150085,5.15425,7MEP,0.0015505945262112531,0.024809507664444657,0.7144480028326889,0.02595807093389704,0.23323382404275908
W38020,0.7744259,5.4472513,7MEP,0.002273109311988993,0.029676144643578886,0.7552103942725668,0.02304251751102179,0.18979783426084448
W38021,-8.96809,7.803288,10GMP,0.049917251888635834,0.0014229001381295403,0.06484187614890743,0.8270600900482512,0.056757881776076935
W38022,-8.701376,7.8398137,14Mo,0.04294495992159505,0.0005895014146752368,0.033633298780665864,0.8676120154664584,0.05522022441660653
W38023,8.698633,3.5174232,3Ery,4.611443449019946e-05,0.004921045355716142,0.0006654375933171118,0.131497566754276,0.8628698358622013
W38025,6.619536,4.235267,4Ery,3.333114031817136e-05,0.004726912272771875,0.005678299772402365,0.13066551852935218,0.8588959382851565
W38026,-8.230278,7.1531835,13Baso,0.05715051132635817,0.0009851125993414762,0.058479412853585565,0.8338139057624999,0.049571057458215814
W38027,-8.04009,9.214622,15Mo,0.022085162178484823,0.002095542561624961,0.0297250173552333,0.8882316868233695,0.057862591081288266
W38028,-5.250106,2.7404637,11DC,0.7593740767723666,0.019562113815315984,0.004688719709383513,0.21116050954464555,0.005214580158289317
W38030,-2.306458,7.039063,17Neu,0.0049841059644425995,0.04293177399726117,0.7965449109762262,0.15292812432758482,0.0026110847344862327
W38031,5.780144,4.300864,4Ery,2.5761543630468715e-05,0.00459063337296071,0.022860339314641064,0.128149706368483,0.8443735594002858
W38032,5.4014482,3.658836,6Ery,4.934271716775658e-05,0.004448698888826667,0.03253053297117565,0.1278959143469325,0.8350755110758984
W38033,8.920175,4.3196526,3Ery,4.4084627787777065e-05,0.004884048669116713,0.001271676346047688,0.13137346448488957,0.8624267258721592
W38034,8.43753,2.798611,3Ery,4.889644824355458e-05,0.004969998073185958,0.00011253156607943472,0.1316326171580711,0.8632359567544209
W38035,-0.09063429,4.5861793,7MEP,0.004729689859333129,0.05384027124882763,0.8551434824879904,0.005904712063218696,0.08038184434063109
W38036,-0.66450465,7.39216,8Mk,0.008292993037439482,0.009011755693531702,0.6265377110672034,0.23760148877530216,0.11855605142652428
W38037,3.373883,4.335761,6Ery,0.00036590314790350254,0.005760920929847863,0.2786304750571584,0.09810248504377411,0.6171402158213172
W38038,-1.1120834,4.4782057,11DC,0.11316101321770389,0.1672886971872125,0.6165682857743883,0.0424408088015312,0.06054119501916512
W38039,-7.8700666,10.769179,16Neu,0.003325963576920613,0.0034046492933712345,0.00748112367627859,0.9217593227602118,0.06402894069321885
W38040,7.965906,2.7734313,3Ery,4.776682248692289e-05,0.00494923779906237,0.0005434349968894362,0.13156553797496712,0.8628940224065951
W38041,-8.545545,7.0970263,14Mo,0.08191179960750204,0.00041806011047414355,0.042264888198463905,0.8262359353577357,0.049169316725825356
W38042,7.187008,4.0222726,4Ery,3.715468406125011e-05,0.004782103243759853,0.003736288517446938,0.13097150560102544,0.8604729479537075
W38043,7.9373803,3.4372728,4Ery,4.474900346482957e-05,0.004900252641894611,0.0013175939610574072,0.13140723830534395,0.8623301660882403
W38044,-5.146983,2.6851776,11DC,0.7919680852169548,0.02120387938005845,0.0015788622727846266,0.1819762375748801,0.0032729355553231276
W38045,3.4264874,4.7439284,3Ery,0.0003503500769495684,0.005815631828198004,0.2669538100165455,0.09853893223469226,0.6283412758436155
W38046,-8.882184,7.702341,14Mo,0.05217851789423918,0.00013934688060169098,0.031099708805084066,0.8622887069613062,0.05429371945876981
W38047,-8.138338,8.30765,15Mo,0.04152131314532156,0.0009091020402315023,0.04443880424313231,0.8604706721131791,0.052660108458136665
W38048,8.591765,2.8012586,3Ery,4.889177005676464e-05,0.004969322493472737,9.737888871878653e-05,0.13163173045516272,0.86325267639259
W38049,-5.572243,5.950609,10GMP,0.08853724503323973,0.01880389985260532,0.23887528986564383,0.6196506408690376,0.03413292437947443
W38050,4.1356463,3.925998,6Ery,0.0001893150653421336,0.005256640458961213,0.17217274255698337,0.10993488074132943,0.7124464211773849
W38051,7.3105183,5.8672543,2Ery,3.069053118663275e-05,0.004676592039444346,0.005530238341187981,0.13058047277662369,0.8591820063115583
W38052,-7.225565,10.767605,16Neu,0.0030212922220396723,0.0037957520773452377,0.03360783339605041,0.9002734179461388,0.05930170435842689
W38053,-6.976084,9.9555435,15Mo,0.01031471933384228,0.0037555219607563984,0.06092016217955406,0.870679598955455,0.05432999757039326
W38054,0.36811754,5.9267206,7MEP,0.0030637268633575635,0.03381891209969302,0.8104895002109398,0.03317315011695992,0.1194547107090506
W38055,8.120849,2.806261,3Ery,4.8249496562151984e-05,0.004957557177936669,0.00039501092447482726,0.13159227489654302,0.8630069075044844
W38056,-4.2737927,6.812807,10GMP,0.020210817484394072,0.009967117184473432,0.36809907700370464,0.5400640029952748,0.06165898533215412
W38057,8.124022,2.6667066,3Ery,4.9150841966095845e-05,0.004972772891280542,0.00016053050455878035,0.13163705515579457,0.863180490606401
W38058,-7.037407,7.4600286,14Mo,0.04116067872549951,0.002696190172383848,0.08676506814561884,0.8220893067229419,0.04728875623355706
W38059,-0.13081048,4.896678,7MEP,0.003664635450878943,0.05782974552721948,0.8606773176706847,0.006407187542497128,0.07142111380872078
W38060,5.618879,4.870556,6Ery,1.4942404102999903e-05,0.004413863777990099,0.030910785169438706,0.12696775968336546,0.8376926489651038
W38061,-5.3893566,6.079801,10GMP,0.0336925134695868,0.01846696338505397,0.2685487913164669,0.6406574468395007,0.038634284989392635
W38062,-4.4692984,5.9569116,10GMP,0.026544153585231996,0.026130859936207288,0.39211669237615876,0.5156287811414317,0.03957951296097124
W38063,8.878695,3.5916119,3Ery,4.616994708173908e-05,0.004920777975779606,0.000641470692401143,0.131499697358388,0.8628918840263505
W38064,-0.492831,4.59463,7MEP,0.003571411483591822,0.05865965736815029,0.8552772754840264,0.007944648784536545,0.07454700687969586
W38065,9.046087,4.228485,2Ery,4.515492427587707e-05,0.004901188834888058,0.0008409943054227363,0.13145144989522517,0.8627612120401891
W38066,7.3679447,4.7403903,4Ery,3.52893375101315e-05,0.0047503693174773915,0.004590890825253934,0.13081838149882621,0.8598050690209333
W38067,0.59543306,4.8015156,7MEP,0.00246610114226178,0.03959692279058574,0.8484260283594327,0.0037113975925475787,0.10579955011517317
W38068,-5.009715,6.7725015,13Baso,0.03522372821335282,0.017112477208207896,0.2603688615043282,0.65293665460944,0.03435827846467231
W38069,4.394344,4.188095,6Ery,2.7973255405265565e-05,0.003866088489392714,0.08994103978855666,0.12000664171417663,0.7861582567524696
W38070,-5.769968,9.578837,15Mo,0.014022499554282142,0.005470521444964837,0.1040713888456102,0.8287950089369964,0.047640581218147404
W38071,-0.16843258,6.3897786,8Mk,0.005772159319627755,0.02691047241070759,0.7294232114102882,0.11083071585805047,0.12706344100132694
W38072,-5.772083,6.0918436,10GMP,0.034661751200151,0.013392038352631393,0.2501137654685072,0.6625289678281202,0.03930347715059117
W38073,6.604368,2.923482,4Ery,4.8601080479823365e-05,0.004881107228700641,0.004377774891176748,0.13118439120496767,0.8595081255946762
W38074,7.5561247,4.2719746,4Ery,3.961108395160142e-05,0.004817319776492895,0.0028082837557767853,0.13112249432785097,0.8612122910559287
W38075,7.291518,2.809755,3Ery,4.753202010315172e-05,0.004931832283218495,0.0013673493992332729,0.1314840872675599,0.8621691990298862
W38076,3.2254996,4.720305,7MEP,0.0003728281531623631,0.007993020088850127,0.3353149363790414,0.08545850241812546,0.5708607129608215
W38077,8.393999,6.6312885,2Ery,3.3842182925914825e-05,0.004711172322841745,0.0040124117977934515,0.13081875704837295,0.860423816648067
W38078,-7.273866,11.111779,16Neu,0.0013652682211952863,0.0038401326212041615,0.027265642768195885,0.9073677597871922,0.06016119660221352
W38079,6.475509,4.702332,3Ery,2.920996499597322e-05,0.004660982592744125,0.009744160492016207,0.13003335803665025,0.8555322889135945
W38080,7.1900883,2.7164745,3Ery,4.8560631555784424e-05,0.004932225114624331,0.001644320591824317,0.1314877357032659,0.8618871579587306
W38081,5.4016514,3.867153,6Ery,2.915379563391148e-05,0.004364729079601204,0.041163780890818735,0.126165258129928,0.8282770781040192
W38082,2.6830597,4.7851114,6Ery,0.0009175794967792795,0.010230903691248225,0.42430346447544603,0.081307875254856,0.4832401770816715
W38083,0.31558123,4.2585683,7MEP,0.002714760410778079,0.042570192991568584,0.8577516219640596,0.0018456358632745627,0.09511778877032011
W38084,6.5952163,3.7450159,4Ery,3.84024707910998e-05,0.004663493880655507,0.01238400084511509,0.13001428495893802,0.8528998178445014
W38085,-7.808455,10.452846,16Neu,0.005302180004341589,0.0033079468011581155,0.01967653738793404,0.9098903157392485,0.061823020067318685
W38086,8.295014,5.188026,2Ery,3.88540881895359e-05,0.004797809230515122,0.0025658323176724,0.13111784415588051,0.8614796602077434
W38087,-6.435441,6.2456074,13Baso,0.04187696082185094,0.005958119947158702,0.1600030661829881,0.7487021640725262,0.043459688975477
W38088,-3.6494129,6.2575336,10GMP,0.02035581072088259,0.049972281671573894,0.5224169612079876,0.37780867551601793,0.02944627088353893
W38090,7.7014074,4.3857346,3Ery,3.915117414178206e-05,0.004808369739700836,0.002701733914480423,0.13111652639995972,0.8613342187717183
W38091,7.9959893,2.8454328,3Ery,4.842893651756252e-05,0.004957716616498345,0.0004317139401445538,0.13159075327179776,0.8629713872350427
W38092,-3.9846625,6.6012197,10GMP,0.018050608560352493,0.016436475239156773,0.4572283496459167,0.46058712770814,0.047697438846435014
W38093,3.0476193,4.7701674,6Ery,0.0005397222722208144,0.011022438886111088,0.43553608730081544,0.06978738013770235,0.4831143714031513
W38094,-5.378119,7.111691,14Mo,0.018141644634851146,0.006740100808663414,0.23241248924868335,0.6941206098877634,0.048585155420039765
W38095,-8.651726,9.748189,15Mo,0.012705921234523613,0.0024440567977478604,0.009972965395778303,0.9109853061729904,0.0638917503989608
W38096,0.5512371,5.5617704,7MEP,0.0023440616193267003,0.03372068544761531,0.8100823302514396,0.01975994718420561,0.1340929754974136
W38097,-4.497599,7.318918,13Baso,0.029420611670901133,0.01772879964463599,0.3065387516845244,0.614682453086062,0.03162938391387743
W38098,-6.714777,7.634443,14Mo,0.04149388977380306,0.002998627195515789,0.10316420458247497,0.8090794063180785,0.04326387213012871
W38100,-7.321424,7.441836,14Mo,0.04651741344051034,0.0014593757150271945,0.075623824705687,0.829444861310796,0.04695452482798049
W38101,-6.1545796,7.7372665,14Mo,0.03809028605313599,0.004095372186585998,0.1255389798719617,0.7913065599364633,0.040968801951854025
W38102,7.608502,5.5824447,2Ery,3.237373818745264e-05,0.004705511348231601,0.00535995454951851,0.13063958953328997,0.8592625708307734
W38103,-5.533352,10.284297,16Neu,0.00630899329166803,0.0060452273958562,0.10029466616398532,0.8373236406750398,0.050027472473451615
W38104,0.74274075,4.8933587,7MEP,0.0023733564761386906,0.04017633070519295,0.8225286951071347,0.008108397388425894,0.12681322032310868
W38105,-7.5835857,8.572199,14Mo,0.03185191110843332,0.002101533295999886,0.06276867896827132,0.8521007260023844,0.05117715062491202
W38106,-6.5247912,6.087498,10GMP,0.052915696945060285,0.006180878008728273,0.15836039721127335,0.7398775867473577,0.04266544108758141
W38107,-8.34061,7.6925864,14Mo,0.0495467014550801,0.00044334793747128194,0.04479146544519394,0.8534084600471271,0.05181002511512852
W38108,2.8662994,4.626576,6Ery,0.0005021910568959625,0.010690845421677152,0.4192187400825543,0.07200201217470248,0.4975862112641711
W38109,-8.922946,8.108847,14Mo,0.04632134748122471,0.0004175388471176759,0.02847798450236692,0.8692183727581603,0.05556475641113147
W38110,-6.517239,11.264512,16Neu,0.0009049934198370373,0.004213873734256722,0.04234959411201566,0.894924350921916,0.05760718781197555
W38111,7.772987,4.6887093,2Ery,3.9804263615684444e-05,0.004819340849925849,0.0025523080432673802,0.13115415533461253,0.8614343915085795
W38112,-5.5776987,6.161588,10GMP,0.04320815655529835,0.014670373147961692,0.24915236126900403,0.657159717727193,0.035809391300543954
W38113,-5.260207,10.665071,16Neu,0.007394077557223779,0.007580302328354947,0.1017282014334656,0.8333643369796085,0.04993308170134808
W38114,-3.2782085,7.7065964,14Mo,0.022853406255019738,0.04020295478945257,0.536156404585244,0.3784468532219865,0.022340381148298068
W38115,-6.965807,6.948693,14Mo,0.04145980432724249,0.0029217442824563556,0.10601852157137538,0.8047500913676638,0.044849838451262905
W38116,4.8944993,5.019065,5Ery,1.2954164647640148e-05,0.004281641838468361,0.06415817763600974,0.12232031964655594,0.8092269067143192
W38117,-2.4205823,7.678276,12Baso,0.008941485727423905,0.023577704887999252,0.5970427635681232,0.3332094584294975,0.03722858738695704
W38118,7.308365,4.501156,4Ery,3.690238908693717e-05,0.004773756928446137,0.004194233387158745,0.13090142568266366,0.8600936816126454
W38119,9.007229,3.5615165,3Ery,4.6735183133824124e-05,0.0049297869428493344,0.00048406067812515105,0.13152945527810356,0.8630099619177892
W38121,-6.5744243,6.2017655,13Baso,0.0295763504409153,0.004908801083945257,0.18139541481011967,0.727520755798718,0.05659867786630265
W38123,8.091253,5.395855,2Ery,3.600814045166348e-05,0.0047529598639807534,0.003456870905619332,0.13094818573354522,0.8608059753564041
W38124,6.399611,5.076629,4Ery,2.743761851920348e-05,0.004636199774296969,0.007790326245961493,0.13027739250458553,0.8572686438566378
W38125,5.1118784,4.6933823,4Ery,1.1330548038190658e-05,0.004262797393124656,0.04267355401823549,0.12549479186179663,0.8275575261788061
W38126,5.9271154,6.2725596,3Ery,1.3317847544351651e-05,0.004464883730904854,0.018580711938537227,0.12845185561046726,0.8484892308725474
W38127,5.8611054,3.9167745,3Ery,2.9222990391607273e-05,0.00460927257667962,0.01247873900521597,0.12981473129791768,0.853068034129796
W38128,-6.8296113,6.529938,13Baso,0.03832625856429482,0.006152506639243003,0.15276208969839788,0.75783639068666,0.044922754411405384
W38129,-1.0608175,4.596516,12Baso,0.004169840588404828,0.08320932694643916,0.8416395424019921,0.028360433262353688,0.042620856800811034
W38130,-6.7173905,8.198007,14Mo,0.03384390600010933,0.003305717398135106,0.11299728697716967,0.8060351516163221,0.04381793800826476
W38131,-6.880278,11.430869,16Neu,0.000878378024844881,0.004053122917128841,0.03630992104048596,0.9002252138316286,0.05853336418591274
W38132,5.1689415,4.643617,3Ery,6.495416204052301e-05,0.0045247103605701175,0.06576917896362096,0.12312359939892303,0.8065175571148463
W38133,4.8365326,4.934881,5Ery,4.138510100667017e-06,0.00413177500091882,0.06250355011340142,0.12258320713164542,0.8107773292439346
W38134,1.7814733,5.376075,6Ery,0.001542704119601416,0.0231243983171712,0.6287923837285831,0.03936052949391148,0.30717998434073374
W38135,-0.62583315,4.2966037,7MEP,0.008291630866035377,0.06164499764414398,0.84922071783082,0.008701529180874976,0.07214112447812664
W38136,7.2580366,3.4293017,4Ery,4.2267820428021446e-05,0.004860067127055219,0.002519015439249242,0.13122887009522263,0.8613497795180458
W38137,6.3295074,4.1269584,4Ery,3.340394949098319e-05,0.004717115909229494,0.006873588587268905,0.13053401212034801,0.8578418794336635
W38138,7.0196266,4.96513,5Ery,3.103967849432469e-05,0.004685123619863669,0.007562494860084676,0.13034522418963562,0.8573761176519228
W38140,-6.159203,8.222714,14Mo,0.035130953176948365,0.004415798127416102,0.12359338614184849,0.7951645238983416,0.041695338655446404
W38141,-5.2178073,7.645584,14Mo,0.033256911063909704,0.0082095629906395,0.18360554446188765,0.7378134043715109,0.03711457711205326
W38142,7.3765926,6.99253,2Ery,2.9360685581540323e-05,0.004649789458424313,0.006501666481182388,0.13040089322729684,0.8584182901475159
W38143,0.45218953,5.32203,12Baso,0.0027364455954614784,0.036427864437866074,0.8024763819934563,0.019430914480391748,0.13892839349282546
W38144,8.5975065,3.2947834,3Ery,4.651925311182299e-05,0.004927776428931268,0.0005927093750535918,0.1315161924950273,0.862916802447877
W38145,5.9448624,6.1958804,5Ery,1.9981007963737794e-05,0.004543139742397261,0.017334779489674077,0.12870386140269002,0.8493982383572758
W38146,7.1306386,6.3222594,2Ery,2.8665785918935838e-05,0.004651192519349245,0.01029013315695477,0.12980919812026928,0.8552208104175087
W38147,7.629021,7.1773324,2Ery,2.98597986279055e-05,0.004651108760276941,0.005816509534383184,0.1304893931397784,0.8590131287669345
W38148,-5.516396,11.27882,16Neu,0.0010441979015688864,0.00514253899877123,0.0617707375550851,0.877385990570249,0.05465653497432675
W38149,-0.38872692,5.1941037,7MEP,0.004424280149379785,0.04626555187936392,0.854072982221428,0.007101053381972217,0.08813613236785689
W38150,4.953628,6.157236,5Ery,1.8569684149458593e-05,0.004505657055050349,0.06255821286917458,0.1220781195980578,0.8108394407935687
W38151,7.416503,7.026534,2Ery,3.0671576466683143e-05,0.004661621058436831,0.009008140441810095,0.1299608476585829,0.8563387192647044
W38152,-0.3323023,4.233749,7MEP,0.003295248717228179,0.05635091634687127,0.8568532247249168,0.002987296542075208,0.08051331366890957
W38153,4.7169704,4.085706,3Ery,4.105079726422764e-05,0.004145500539877392,0.08153456672764307,0.12102483367063707,0.7932540482645791
W38154,5.2340007,5.3495283,4Ery,3.0012632332486492e-05,0.004427374336567222,0.03633794387769191,0.12648632499869522,0.8327183441547141
W38155,7.859747,5.5105247,2Ery,3.47533649822279e-05,0.004733820425000439,0.00386042969704572,0.1308790664806351,0.8604919300323375
W38156,4.7572722,5.0497437,5Ery,1.7536130954889778e-05,0.004295614178379541,0.09517378397035382,0.11789655002058047,0.7826165156997322
W38157,-3.1767685,6.457409,10GMP,0.021737240243504628,0.05374240701169785,0.6393406629013215,0.24859988660358556,0.036579803239891344
W38158,8.230895,6.8586197,1Ery,3.365585782036113e-05,0.004704386310645996,0.004059056961074058,0.1308013414042337,0.8604015594662269
W38159,-1.4313287,4.9508715,10GMP,0.013064514284874968,0.08310842683692547,0.820017707735718,0.03018870552472841,0.0536206456177541
W38160,-4.7935023,2.4761913,11DC,0.8380045754221676,0.026052500898938364,0.0017891856117217989,0.13400985396925671,0.00014388409791667866
W38161,-6.916947,8.250994,16Neu,0.03685668208577485,0.0022408994227964764,0.08792252442196613,0.8274660578674773,0.045513836201986416
W38162,6.6396117,4.8746724,2Ery,2.872700253038722e-05,0.00464407459118405,0.007872802736723713,0.13030508753252898,0.8571493081370338
W38163,7.9722137,5.6817317,2Ery,3.3945069081798314e-05,0.00471911290829667,0.003989433432121368,0.13084654380397498,0.860410964786526
W38164,7.477851,7.4407663,2Ery,2.7586113941152943e-05,0.0046198743724604665,0.006528960944963186,0.13035874209850387,0.8584648364701322
W38165,4.5797343,6.452774,5Ery,4.477420121915957e-05,0.004862170895581398,0.09961784098659959,0.11643425154786033,0.7790409623687405
W38166,4.983386,5.476666,5Ery,7.4947708870297365e-06,0.004314907858135876,0.04317304374725943,0.12506186434825342,0.8274426892754652
W38167,-6.3715086,7.9776435,14Mo,0.04142430042386805,0.003283942200914612,0.10838138490595899,0.804594720656828,0.04231565181243128
W38168,-7.804369,8.20355,14Mo,0.040673116929230736,0.0012460317391036688,0.06318707176041022,0.8454229145917026,0.04947086497955383
W38169,-7.9364314,10.65135,16Neu,0.003795737994383615,0.003335820055267614,0.00728228278816261,0.921589094775694,0.06399706438649323
W38170,-0.54839635,6.061299,10GMP,0.005158811226060843,0.036529311010258726,0.8223162062914768,0.061706119089950544,0.07428955238225406
W38171,-7.367508,7.750514,14Mo,0.04323836697370142,0.0017119417037643914,0.08797944308371307,0.8213307307229682,0.04573951751585397
W38172,-7.1678987,8.426314,14Mo,0.032964768880573495,0.00221612081144261,0.08477960106053248,0.8319565606443258,0.048082948603126584
W38173,6.5586514,5.864445,4Ery,2.258196720682618e-05,0.004574254065397517,0.013782061036193682,0.12924839641716965,0.8523727065140333
W38175,9.000127,5.1946306,2Ery,4.096670438121701e-05,0.004826853678073579,0.001921206736919155,0.13122541215967762,0.8619855607209495
W38176,5.255651,3.715998,6Ery,3.950621768160302e-05,0.004365290616907924,0.04898654341492646,0.12537640194207145,0.8212322578084135
W38177,8.000186,6.6059227,2Ery,3.274211076864494e-05,0.004698152229302402,0.004661820268101027,0.1307123649975735,0.8598949203942554
W38178,-2.7817514,3.6425078,19Lymph,0.001285976970672826,0.7856834439746702,0.022965235565768145,0.12587423324490712,0.06419111024398287
W38180,-6.921359,10.713178,16Neu,0.003048340741796633,0.0037857350716179153,0.037538170947989086,0.8974275421150146,0.058200211123582694
W38181,7.4893613,7.354407,1Ery,2.7877966601238243e-05,0.004622877751026258,0.00672568006016835,0.1303300089144948,0.8582935553077103
W38182,-4.9346876,7.387418,13Baso,0.03551998859979061,0.013034524465277126,0.22003689815389768,0.6960769718176838,0.03533161696335183
W38183,8.049234,4.711622,3Ery,3.869678592446524e-05,0.004798883409036426,0.002763164656527815,0.13109541276738848,0.8613038423811239
W38184,-8.3024645,9.341271,15Mo,0.01843389039100342,0.0020818404201189107,0.023907529191650397,0.8952023836042822,0.06037435639294616
W38185,6.823252,4.610125,3Ery,3.0138291925601868e-05,0.0046791255811507075,0.006443321419673149,0.13049917467120317,0.8583482400360484
W38186,6.0507083,5.1081033,5Ery,2.2183762303039554e-05,0.00456222543916855,0.012732713773812849,0.12953918644439869,0.8531436905803178
W38187,7.9981194,5.647473,2Ery,3.558255528428086e-05,0.004743206169449924,0.0035485042128743025,0.1309257077698701,0.8607469992925224
W38188,7.238328,7.2964773,2Ery,2.664326099977331e-05,0.004611613178506107,0.008437518465436786,0.13005695853752774,0.8568672665575305
W38189,-6.322563,11.482941,16Neu,0.00011152068579935043,0.004222929901627863,0.04106957557588525,0.8969607413708713,0.057635232465817136
W38190,6.4442997,4.408589,4Ery,2.609525664194003e-05,0.00462312172287359,0.009017974084290286,0.13010669766948138,0.8562261112667139
W38191,-2.3600287,7.3535886,12Baso,0.005576975672048042,0.03438513145665341,0.7639097812632959,0.19245704237565656,0.00367106923234711
W38192,7.773788,5.3174663,3Ery,3.496227205804661e-05,0.004741438488154943,0.0038959940676507178,0.13088207876473515,0.860445526407402
W38193,-0.19875735,6.6712866,12Baso,0.004371464232325539,0.024298610846783395,0.6950499017738694,0.12221406169734954,0.15406596144967308
W38194,-7.7400413,8.8196335,14Mo,0.029442147785166614,0.0017794687284510202,0.05598425468426192,0.860524317781524,0.0522698110205974
W38195,-6.8043504,10.227192,15Mo,0.007266957171398654,0.004093159869815831,0.06427035448154633,0.8698968047783545,0.05447272369888571
W38196,-6.271753,7.7586303,14Mo,0.042288465676635655,0.005468519761792791,0.1338424024616483,0.778360715469171,0.040039896630753254
W38197,-3.935403,6.1169744,10GMP,0.027387946039724553,0.043252926307558524,0.47879869931962793,0.4196454305531208,0.030914997779969054
W38198,4.0606694,4.7793317,6Ery,3.00050481843183e-05,0.00409669580342531,0.14490995643246274,0.11143700587367472,0.7395263368422539
W38199,-3.1147077,7.3900757,12Baso,0.012292117090379555,0.015461835859054383,0.5298342524670233,0.3913131331653669,0.0510986614181769
W38200,7.8514233,5.1634197,2Ery,3.7221534430724665e-05,0.004774589455856269,0.003179554219940552,0.13101426888641737,0.8609943659033561
W38201,7.8195963,4.052161,3Ery,4.135961074191911e-05,0.0048438538680317415,0.002088092514249499,0.13124412591567808,0.8617825680912997
W38202,5.730315,5.2274575,4Ery,1.7245130149850283e-05,0.004507853000254347,0.020925008761872924,0.12827073532291897,0.8462791577848048
W38203,-0.013484624,5.1464443,7MEP,0.003294284489063639,0.045908538952753965,0.8555534959050596,0.014752655398096523,0.0804910252550273
W38204,7.3418274,4.879733,4Ery,3.477276986339931e-05,0.004744338709126399,0.004199092727635027,0.13085063353837142,0.8601711622550047
W38205,-8.569793,9.096493,15Mo,0.023149488786964382,0.0017344631819840655,0.024608191570609186,0.8909722505097516,0.05953560595069183
W38206,8.560809,5.047326,2Ery,3.941459266596539e-05,0.004806561814204991,0.0023784089515870937,0.13115287914951418,0.8616227354920287
W38207,-1.5444617,4.7508965,7MEP,0.012097284072476388,0.22340666593272235,0.6658341146986279,0.05298952319712145,0.04567241209905292
W38208,-6.839952,9.927226,14Mo,0.010186018101637587,0.00404495897455818,0.0724535490253319,0.8596880862277704,0.053627387670703096
W38209,7.4856753,2.9887755,3Ery,4.5918816559168504e-05,0.004914954798723827,0.0014472673263415392,0.13143161886261867,0.8621602401957578
W38210,-8.410934,7.38621,13Baso,0.04685439141273064,0.0005258921642546336,0.046482138754842216,0.8537395168030705,0.052398060865103006
W38211,8.891509,3.762023,3Ery,4.5788335926363816e-05,0.004914013293446413,0.0007245693897373584,0.13148024778878684,0.8628353811921039
W38212,-7.1761236,10.329707,15Mo,0.005682754693861464,0.003932046326118073,0.046360255367920884,0.8860842938206502,0.05794064979145046
W38213,-8.320674,9.94217,15Mo,0.00905853180286764,0.0028630795635986605,0.011925931623320592,0.9129553254128477,0.06319713159736651
W38214,-9.210306,7.497861,13Baso,0.06511938474660685,8.905631868901093e-05,0.03008408290336617,0.8510957275774664,0.05361174845387259
W38215,-8.320082,7.8045115,14Mo,0.03956032961214824,0.0015662967035181094,0.07071963965350835,0.8349859481632661,0.053167785867560276
W38217,9.471977,4.335271,4Ery,4.4966325612592413e-05,0.004894878341525772,0.0008440111441983042,0.1314404155992756,0.8627757285893888
W38218,-8.603419,7.505264,14Mo,0.0515547075096405,0.00029628121230395915,0.037263667011535155,0.8576694027197377,0.05321594154678377
W38219,1.8517754,5.504558,6Ery,0.0015803848215539585,0.019869596786551622,0.6164167050033905,0.04826166737429376,0.3138716460142112
W38220,7.245825,2.8306155,3Ery,4.7400440242632944e-05,0.004925231221328455,0.0016153489627204526,0.13145787724186894,0.8619541421338406
W38221,-7.51201,7.03775,14Mo,0.03971686704387536,0.0017863660323080598,0.0792006761111302,0.8305329350306033,0.048763155782084074
W38222,1.0550274,6.172865,8Mk,0.0029277340981895806,0.013741531508957091,0.5722423229521147,0.1057342311347231,0.3053541803060164
W38223,-0.54524255,6.076736,8Mk,0.004702199132974752,0.043572279028745275,0.806541170223922,0.07158594668485192,0.07359840492950695
W38224,0.342488,4.7500505,7MEP,0.0029666320884062436,0.04227006209132794,0.8394957247194028,0.005502311399991634,0.10976526970087223
W38225,-8.639525,10.19498,15Mo,0.006516467219713322,0.00300188385270537,0.002543491021523059,0.9227328921287377,0.06520526577732166
W38226,-6.698164,10.470743,15Mo,0.004548516904595161,0.005490266440522138,0.08544991392160822,0.8511496116726756,0.05336169106059998
W38227,-6.7316246,6.298154,13Baso,0.041980401054779404,0.004996442640606921,0.14768579461221537,0.7616330018773079,0.043704359815091375
W38228,-8.374807,10.868636,16Neu,0.004033591419103506,0.0032664669289648625,0.0010692421959673033,0.9264322700993347,0.06519842935663066
W38229,2.1394162,5.1272783,6Ery,0.0009884990797417801,0.018421887099527027,0.5990475563981694,0.04291505657047411,0.33862700085208874
W38230,9.191253,4.16319,3Ery,4.531580806301327e-05,0.00490329583230298,0.0008066341165153358,0.1314552586406756,0.862789495602444
W38231,8.679114,5.21469,2Ery,4.0284814246806735e-05,0.004818124543647278,0.0021129189140251807,0.13119323169157168,0.86183544003651
W38232,-8.263069,8.447943,13Baso,0.027996822932632906,0.002272690920892552,0.09899801426060113,0.8119689072391681,0.05876356464670619
W38233,8.185321,4.084219,3Ery,4.264137580593914e-05,0.004863581242937032,0.0016416116013512722,0.13131282136966835,0.8621393444102383
W38234,7.854902,3.0496795,3Ery,4.624438973066787e-05,0.004925136668395536,0.0009053028951608075,0.1314884210086873,0.8626348950380266
W38235,-8.801679,7.221926,13Baso,0.06626008462810332,0.00020461591527484718,0.03697854706662946,0.8444816840740688,0.05207506831592467
W38236,-5.3670483,2.9626734,11DC,0.5387507383459978,0.012256065979156927,0.014463103603881882,0.4144033779999736,0.020126714070990873
W38237,-4.6304035,6.2252192,10GMP,0.03153457756561097,0.027486463611688508,0.370615139882091,0.5367112723614615,0.03365254657914891
W38238,7.3537464,3.5863264,4Ery,4.154500235801338e-05,0.004842105378003976,0.002858903812540587,0.1311717906583197,0.8610856551487788
W38239,8.314831,6.482144,2Ery,3.43903103344682e-05,0.004721343213540291,0.003953824893838248,0.1308361971350871,0.8604542444472009
W38240,1.8727411,5.748033,7MEP,0.0016699936289463055,0.014617890030075202,0.5790288228715161,0.07051004056102447,0.3341732529084388
W38241,-0.2943302,5.160822,7MEP,0.003967603828272415,0.04803865744168265,0.8620994881159656,0.008601347029744934,0.07729290358433537
W38242,5.3948927,4.425219,6Ery,8.179222262261188e-05,0.004361910126528502,0.05110804234806326,0.1258381301372659,0.8186101251655208
W38243,7.135402,4.3362226,3Ery,3.660123219159935e-05,0.004772709509868791,0.003995529250533969,0.1309255812388172,0.8602695787685894
W38244,-6.395087,10.458719,16Neu,0.004178224374890081,0.004929465240397901,0.07648288454965861,0.8608077552839254,0.05360167055112888
W38245,0.03273824,4.8288665,7MEP,0.0034995106114443213,0.056056576507638234,0.8517020248249534,0.00927655900328787,0.07946532905267718
W38246,-7.5429096,9.046365,14Mo,0.022939543936882464,0.002641227640918788,0.07750982663248722,0.8450760321687221,0.05183336962099064
W38247,6.7067494,2.6798544,3Ery,6.820213975129425e-05,0.004895903724524591,0.004603239952443324,0.1316893768016295,0.8587432773816522
W38248,5.616823,4.7573643,6Ery,2.1259109477364055e-05,0.004559751046121282,0.029177683263695315,0.12713625402232512,0.839105052558382
W38249,-4.566721,5.8352885,9GMP,0.025208662350139414,0.024147662915151632,0.3888812982391144,0.5192899803991692,0.04247239609642638
W38250,-2.28948,7.206335,12Baso,0.005588221675891771,0.027980773165992023,0.6947844742362572,0.2074432731475935,0.06420325777426637
W38251,8.340115,3.5679152,3Ery,4.524397845148711e-05,0.004906761709872696,0.0009274215767475125,0.13145234120209223,0.8626682315328369
W38252,-7.7638845,7.0632286,14Mo,0.05143124753649129,0.0011083612761638643,0.06835434425591008,0.8313002789525303,0.04780576797890528
W38253,-4.484611,6.3251834,10GMP,0.03411150321643694,0.028953937275167915,0.3919754182973802,0.5006266514937878,0.04433248971722817
W38254,6.0090227,4.5561576,4Ery,2.4197552351417174e-05,0.0045884054506267185,0.011142469750885656,0.1298093483587952,0.854435578887342
W38255,1.5386528,5.4581547,7MEP,0.001371706120314764,0.02276428091648112,0.6832924133982139,0.0333331716976287,0.2592384278673625
W38256,3.8575406,4.6437697,6Ery,0.00037511299477845686,0.00531179993195727,0.2439594930745312,0.10386500329574086,0.6464885907029931
W38257,-6.512558,6.984726,14Mo,0.0381735732521602,0.003671026578882977,0.12428097409101889,0.7908113628215229,0.04306306325641607
W38258,-7.463398,6.956718,14Mo,0.05185844239780487,0.0014525000926745224,0.07768945066862253,0.8225696672931079,0.04642993954779124
W38259,7.210509,4.948631,4Ery,3.444993648937553e-05,0.004736721191989644,0.004389274788164829,0.13082083893994997,0.8600187151434073
W38260,8.429059,5.1287694,3Ery,3.933776238619181e-05,0.004803701662830935,0.002377504166424167,0.13114788587621876,0.8616315705321409
W38261,6.9472327,4.22581,3Ery,3.442107594073566e-05,0.004736132885462255,0.005529123094835335,0.13070778191683172,0.858992541026931
W38262,7.93129,5.115829,2Ery,3.6902705069912584e-05,0.004768948420547504,0.0031709906509724997,0.13100807070821885,0.8610150875151922
W38263,-8.31733,10.2903385,16Neu,0.006448903992206213,0.0030732309223466684,0.007208119573549105,0.9189278997180683,0.06434184579383063
W38264,9.073802,3.8678608,3Ery,4.6313068074075716e-05,0.004921350139154715,0.0005644553587386029,0.1315083966583485,0.8629594847756851
W38266,1.8202918,4.9422135,7MEP,0.0014360713452823855,0.02452958287506193,0.6855247892213899,0.029519203053181235,0.2589903535050854
W38267,-2.6033926,7.942907,18Eos,0.006952702948292008,0.025955239439562395,0.6195546355096369,0.33333230149192317,0.014205120610586569
W38268,4.8245597,3.8133998,6Ery,4.8858373444519915e-05,0.004137659094719541,0.06894168204637822,0.12317712293450989,0.8036946775509488
W38269,-8.776755,7.0740347,13Baso,0.07134744345007919,0.0004934200175861322,0.04127953248514446,0.8353655524980078,0.051514051549183384
W38270,6.073455,4.3768883,4Ery,2.6487493205833723e-05,0.0046104855313205545,0.010496446404718087,0.12994576670748792,0.8549208138632687
W38271,-3.9856474,6.6745152,10GMP,0.02590256035424432,0.02544378872699664,0.43089225917808954,0.48415407965951374,0.03360731208115668
W38272,4.844626,3.4122608,6Ery,0.00012790708183429064,0.004336328137518812,0.07689564422015596,0.12386309855487625,0.7947770220056156
W38273,6.9507747,5.033416,2Ery,3.1865666692129137e-05,0.004702101533830783,0.005570798221322221,0.13062774580134953,0.8590674887768062
W38274,-0.8482099,4.7499876,12Baso,0.003983216363481915,0.06882682947704669,0.8476437692774218,0.021556155736277793,0.0579900291457728
W38275,7.87707,6.915375,1Ery,3.1607293140592364e-05,0.0046779485550144185,0.005193755313424334,0.13060714166366086,0.8594895471747609
W38276,4.49371,4.4804254,4Ery,3.9846577847306725e-05,0.004016430603657986,0.10242275329108064,0.11811169346192704,0.775409276065488
W38277,-6.54732,7.099985,13Baso,0.03927938144589958,0.003552249930629313,0.12255695004837767,0.7919130059245397,0.04269841265055474
W38278,-6.405654,8.912323,14Mo,0.027388448544308396,0.004284355749789674,0.1182437109784445,0.8057141557137414,0.04436932901371707
W38279,-6.9539666,9.553023,14Mo,0.015076083999910825,0.0037085180778087595,0.08681212662402772,0.8428005547179623,0.0516027165802914
W38280,-5.851346,6.69986,13Baso,0.02437419199336045,0.010451542170666583,0.2514961722414352,0.6680211763250461,0.045656917269492586
W38282,7.299984,3.8421097,3Ery,3.845564240597969e-05,0.004801456586840939,0.0037115491130535923,0.13100325048183814,0.8604452881758623
W38283,8.734379,5.099786,3Ery,4.066321601252612e-05,0.004825878661572223,0.0020947959174182525,0.13120298090949212,0.8618356812955058
W38284,-6.5276403,10.954303,16Neu,0.0013575591437799523,0.004264415995031817,0.04594340561837913,0.8913404754890728,0.057094143753737274
W38285,-7.7198267,10.11081,15Mo,0.0069961825570328505,0.0032219025589544374,0.023447468030041278,0.9056901866081715,0.06064426024580099
W38286,-5.555029,7.2215514,14Mo,0.03186395417384247,0.008334183101575729,0.21125265394928253,0.7103938120190149,0.0381553967562854
W38287,6.220691,3.3976676,3Ery,4.8567498546586946e-05,0.0047263531128334205,0.012752492281505764,0.13021372016561616,0.852258866941499
W38288,3.789126,4.552508,6Ery,0.0002047459138703453,0.005585704969827864,0.22823814183100313,0.10120823118504195,0.6647631761002576
W38289,7.6417623,4.765505,2Ery,3.589308808226957e-05,0.004757685020544597,0.003989062979665444,0.1309091987941888,0.86030816011752
W38290,-5.5600786,5.9892898,10GMP,0.04226426794699326,0.014559904653498512,0.23057684851189336,0.6743522486315293,0.038246730256086436
W38291,-6.779449,8.967597,14Mo,0.019558469227059908,0.004845680675437069,0.1425296458009665,0.7852307342350756,0.047835470061461834
W38292,4.4066086,4.4375615,5Ery,2.9014247557286567e-05,0.0040995359937196635,0.11609795386079946,0.11575284019975088,0.7640206556981737
W38293,6.3922496,5.247367,4Ery,2.5764335280448335e-05,0.0046145154369862705,0.008608062928468961,0.1301376190360737,0.8566140382631916
W38294,-8.001195,9.858656,15Mo,0.01072346910627302,0.0027848587651077656,0.024075633230084603,0.9019127662666815,0.06050327263185411
W38295,-6.1619773,7.562597,13Baso,0.052408718204949814,0.004863826619192709,0.11934173305995727,0.7836673399984506,0.03971838211745057
W38296,-5.8739777,8.339881,15Mo,0.0357951417446239,0.005020874435283929,0.1215979154768949,0.7958608572766717,0.04172521106652661
W38297,-5.843042,8.333148,13Baso,0.03370946182202721,0.005485657291139875,0.1392778478677268,0.7815621334075634,0.03996489961154375
W38298,-5.8991075,7.0934954,14Mo,0.03884088600919782,0.005999134558131781,0.14277119859096454,0.771731150043453,0.040657630798253665
W38299,-1.595143,5.290393,12Baso,0.005496115369290124,0.07042468395750784,0.8446528921858814,0.046346106264112334,0.0330802022232093
W38300,-6.5175962,10.555272,16Neu,0.0027830417427876855,0.004239477317059024,0.05329413495388295,0.8837975029406725,0.0558858430455988
W38301,-2.803208,5.963777,13Baso,0.01759246367437436,0.056098240875722495,0.6614559923837898,0.2321448887133777,0.03270841435273665
W38302,4.1416564,5.067972,6Ery,0.0003929819004158423,0.004750280030094157,0.17671448241908708,0.11398464952263437,0.7041576061277696
W38303,-6.4949684,9.900001,15Mo,0.009525057155041107,0.005378693307411079,0.11255638759453618,0.8230687067011073,0.04947115524190538
W38304,6.430773,4.879394,4Ery,2.9072005891301622e-05,0.004661064349448666,0.007336249974880395,0.13036893024946683,0.8576046834203138
W38305,-7.3803782,9.218515,14Mo,0.018695511330265323,0.004513461909049402,0.14167251239668546,0.7835418007778194,0.05157671358618135
W38306,-4.299508,6.813457,13Baso,0.030337859062286303,0.023916182128696065,0.36774431368141064,0.5412789776627664,0.03672266746484147
W38307,-7.2041016,10.152254,15Mo,0.0055974504383475504,0.0037917586662163296,0.04385736409719462,0.8884308573143272,0.05832256948391531
W38308,6.669316,5.0827584,3Ery,2.836653677094823e-05,0.004652843179559467,0.007047086692280583,0.1303829716823268,0.8578887319090633
W38309,-1.2359186,6.6928086,10GMP,0.006890931168059893,0.02075714079479275,0.7249578572198767,0.1474699939655777,0.09992407685169394
W38310,-5.2065935,6.916096,13Baso,0.03389220041430016,0.01227359053291835,0.23502602029567016,0.682021018050201,0.03678717070691131
W38311,7.836204,4.042145,4Ery,4.222638692176848e-05,0.004859428596744266,0.002149985570758022,0.13124173395903072,0.8617066254865462
W38313,0.25017273,6.1382704,8Mk,0.00393767496815482,0.02365972416219476,0.7361978359405732,0.07486019151358919,0.161344573415489
W38314,6.914122,4.807386,3Ery,3.2444051564491375e-05,0.00470839881507775,0.005682558378600467,0.13062842219412307,0.8589481765606353
W38315,-5.3905797,7.923544,14Mo,0.03623184856874294,0.009714779480568836,0.1807196435307622,0.7371756266347773,0.036158101785149666
W38316,-5.11755,8.412923,15Mo,0.03794018657054759,0.010834658427336854,0.1837336577811442,0.732141667099386,0.035349830121586344
W38318,-6.079629,9.606661,16Neu,0.015335788076164836,0.0050116964960823475,0.10333471137277131,0.8290759463718462,0.04724185768313624
W38319,-7.1380205,9.170603,15Mo,0.019225626541827263,0.0036729209475199424,0.09318235955868674,0.8328516119238641,0.05106748102810281
W38320,-5.459183,5.740318,9GMP,0.02467510726868589,0.00988752935967343,0.2948902477370426,0.6128987233520767,0.057648392282522366
W38321,-5.982556,11.384484,16Neu,0.0001311600661090821,0.004542924503215791,0.05042581274387829,0.8885742766893199,0.05632582599747811
W38322,-2.482403,7.6450787,12Baso,0.009248539626072041,0.029505100190487243,0.6578141340922636,0.282589088418087,0.02084313767309095
W38323,-1.0704124,5.240393,10GMP,0.005562009223284625,0.06711992566636389,0.8398882452083776,0.03298232403634768,0.05444749586562726
W38324,-7.2100616,9.058133,14Mo,0.01974925551585997,0.003648873645205942,0.10207522043754515,0.8250041932746842,0.04952245712670569
W38326,-7.1994987,8.640307,14Mo,0.038806391919433185,0.0019632306272654907,0.08301309367651072,0.8296575403665408,0.04655974341025084
W38327,-6.071008,8.791444,14Mo,0.03230643187914334,0.004101442653957474,0.12192420250148417,0.8001979338086564,0.04146998915675952
W38328,2.6289895,4.961383,7MEP,0.0009506543624537758,0.01153893659880203,0.4557482338878184,0.07555579738821191,0.45620637776271494
W38329,-7.9050245,8.398871,15Mo,0.042554031354226175,0.0008123760038895423,0.06043920900396767,0.8469738545709521,0.04922052906696555
W38330,-2.039086,6.700344,17Neu,0.004878804546650825,0.04446328626859926,0.8042493099254342,0.14144731796801088,0.0049612812913058125
W38331,7.876558,5.0936236,2Ery,3.673913147369944e-05,0.004765903031609931,0.0032337389047085805,0.1309995271873462,0.8609640917448627
W38332,-6.58898,9.661654,14Mo,0.013871994981032339,0.0037945662517193347,0.07901430810520083,0.8520732112824252,0.05124591937962331
W38333,-5.489246,7.8586636,14Mo,0.03061343087776619,0.006003011298549194,0.17654981594195815,0.7450538609261778,0.04177988095554962
W38334,6.969076,3.306329,4Ery,4.349815525961956e-05,0.0048439993750694155,0.003751561611870278,0.13113901266463013,0.8602219281931716
W38335,3.445842,5.268938,6Ery,0.0005741482382875087,0.0066406703141685675,0.30677518373936197,0.09671619606688803,0.5892938016412949
W38336,-8.4550905,10.367347,15Mo,0.005764908918084133,0.0031249709905076333,0.0033547241621754748,0.9227872317066089,0.0649681642226248
W38337,7.1954603,6.3378577,2Ery,2.893899168252861e-05,0.004648522662140454,0.0059876274508804585,0.13048886106660953,0.8588460498286881
W38338,7.230545,5.1508784,2Ery,3.002020327819337e-05,0.004661458432055591,0.006626467715038404,0.13046525280830087,0.858216800841328
W38339,3.7857485,5.886061,5Ery,0.00021279026879199124,0.006613451066824604,0.2213126829320657,0.09930589525767503,0.6725551804746437
W38340,6.1497087,6.9329333,2Ery,1.4977254986130564e-05,0.004468496430389193,0.013387748035764532,0.12921911034290978,0.8529096679359515
W38341,6.3931475,7.0828314,2Ery,1.9292120746269348e-05,0.004527312974671418,0.01390660510678379,0.12914926802163706,0.8523975217761623
W38342,-5.64009,8.736523,14Mo,0.030931524893828645,0.005086185343291377,0.12976861757926705,0.7931839843928107,0.04102968779080308
W38343,7.175147,5.760378,2Ery,3.072226811825013e-05,0.004678776827960147,0.005499933496880814,0.13059976643609866,0.8591908009709432
W38344,-7.098807,7.697711,14Mo,0.03567921005881331,0.0030596970256517694,0.10337465138312961,0.8126424628457887,0.04524397868661761
W38345,-6.2558513,8.474103,15Mo,0.03367710121222617,0.004101805269614024,0.11265486472581722,0.8065498706693592,0.04301635812298427
W38346,4.906084,4.783162,5Ery,1.1400748550693223e-05,0.0041630101077051,0.05240058148124257,0.1241862423175166,0.8192387653449861
W38347,2.375197,5.248579,6Ery,0.000862440800043199,0.016853204041501903,0.5314349240615603,0.05251157143053063,0.3983378596663648
W38348,-3.3095999,6.247503,13Baso,0.02237271661595737,0.06961646711051948,0.5883871709354217,0.2873947051602259,0.032228940177876426
W38349,0.4839796,4.559941,6Ery,0.0026915983236931616,0.04258624033267086,0.8192262675462132,0.008700174161046743,0.12679571963637692
W38350,-4.6797624,7.856265,13Baso,0.05275148757660608,0.022221721426936875,0.24670627328959455,0.6470918802462308,0.031228637460632862
W38351,3.422826,5.0352397,5Ery,0.00041623017682557563,0.008847590425369615,0.35573122521663164,0.08214053057233035,0.5528644236088437
W38352,-8.1461315,7.510088,15Mo,0.05178820043539485,0.0006236195879114779,0.050229994644846024,0.8466981562155643,0.050660029116284255
W38353,6.0596657,5.8578057,3Ery,1.608543196391199e-05,0.004499479391697986,0.016590110248093166,0.12882551409239545,0.8500688108358505
W38354,-2.7695165,6.860273,10GMP,0.018757931958201378,0.05260620290760564,0.6673642395825079,0.22687477905634104,0.034396846495345045
W38355,6.159834,6.6628466,2Ery,1.7675476564111656e-05,0.0044979293809571715,0.010488222645853635,0.12971949079003173,0.8552766817065944
W38356,-5.5553384,8.191482,14Mo,0.03514968877830753,0.0048880670679075965,0.1378991910525065,0.7827346857871995,0.039328367314079835
W38357,5.702641,5.437189,2Ery,1.5013940578990143e-05,0.004452554654080987,0.015205032280498503,0.1291050945370195,0.8512223045878231
W38358,-3.102957,7.6373534,14Mo,0.017723668045339865,0.03441857570403668,0.5762142097830026,0.34751298425210414,0.024130562215517595
W38359,6.937449,6.022282,2Ery,2.688227742499939e-05,0.004624717307633855,0.007270313674396876,0.13028847708021665,0.8577896096603287
W38360,9.051765,4.8159456,2Ery,4.244481500675888e-05,0.00485272787862344,0.001556684577697847,0.1313016483041608,0.8622464944245122
W38361,7.3709087,6.0496955,2Ery,3.1213154986892035e-05,0.004682484849679448,0.005330547434219387,0.13061983103067273,0.8593359235304425
W38362,5.8154006,5.2097673,5Ery,1.5738332563936155e-05,0.004465615478239835,0.01748918298065224,0.1287900882194383,0.8492393749891066
W38363,-6.120133,8.432777,14Mo,0.031269859445593344,0.004166384014009745,0.12117980664337419,0.8012022255913257,0.04218172430569802
W38364,7.410411,7.4927645,1Ery,2.7851949037062243e-05,0.004624132696280897,0.00664475504414869,0.1303410524147068,0.8583622078958275
W38365,6.197847,5.396748,5Ery,1.908497101245409e-05,0.004514288276216237,0.010730541112894601,0.12975731838569368,0.854978767254184
W38366,6.551988,6.3831334,4Ery,2.0210951099658823e-05,0.004540418998782996,0.011664471039251468,0.12956398783108508,0.8542109111797818
W38367,7.370514,6.7519064,2Ery,2.8935943300392462e-05,0.004645103536523123,0.006493618419215207,0.13039138906573017,0.858440953035232
W38368,-3.5769625,6.5580564,10GMP,0.015358966124705829,0.01590291475452761,0.5178796764167223,0.3793276628857463,0.07153077981829892
W38369,5.6156654,5.5379343,2Ery,1.139416293864483e-05,0.004421833287298257,0.02125910365490711,0.12817931363936638,0.8461283552554906
W38370,5.7769747,7.004889,2Ery,9.401096396651075e-06,0.00441542929826965,0.022145546883751057,0.12785550676239948,0.8455741159591841
W38372,-0.0270879,3.9589877,7MEP,0.0034828706696188537,0.05325004061966702,0.841084643480831,0.004635545398138329,0.09754689983174566
W38373,7.4040055,7.521813,2Ery,2.9716046525682763e-05,0.004645513736795397,0.00751065639346328,0.1301971400681731,0.8576169737550435
W38374,-1.2263083,4.677429,7MEP,0.0036740266377737604,0.11838962112226992,0.8047051164968629,0.035714470394020294,0.03751676534907409
W38375,8.742012,7.0210514,1Ery,3.542589445996985e-05,0.004729733184153694,0.003430744569538626,0.1309143865548145,0.8608897097970342
W38376,0.013290556,6.961427,7MEP,0.004536333420333704,0.014102526102156543,0.6292166872622524,0.1380901669513639,0.2140542862638944
W38377,-2.19874,5.298212,9GMP,0.013107832351154529,0.1107135447218426,0.7449337358188998,0.085665036327995,0.045579850780108996
W38379,6.8457513,6.4025927,2Ery,2.637005893369476e-05,0.004620304079546134,0.00836245833995407,0.13009646594086766,0.8568944015806994
W38380,-1.3466673,4.88926,17Neu,0.006009664155468684,0.09117812753117781,0.825294229029588,0.042152699474525324,0.03536527980924115
W38381,-5.14788,7.3457446,14Mo,0.04023297008040256,0.010544075459937644,0.19317429294701766,0.7204211031360247,0.03562755837661844
W38382,-7.236692,7.534674,14Mo,0.06558042533691763,0.0014981753413194656,0.07331001365669904,0.8144240195119975,0.0451873661530675
W38383,-7.6465874,7.1068106,13Baso,0.04324860466625977,0.0020261065594617614,0.09027573222170139,0.8169451030193978,0.04750445353318024
W38384,-0.21643642,4.1951437,7MEP,0.004148751022698943,0.06742349040523066,0.8304969388304452,0.01051760222488441,0.08741321751674178
W38385,-5.901746,11.031288,16Neu,0.0025219915356042666,0.004699455044009687,0.05532875372886321,0.8819944711812913,0.05545532851023251
W38386,6.6431274,6.2955317,2Ery,2.4926890922943e-05,0.004596342767088963,0.008773851280308786,0.1300327864059864,0.8565720926556939
W38387,6.794402,6.639831,2Ery,2.3688046506175634e-05,0.0045798025764754915,0.008954875781477871,0.12998108544993464,0.8564605481456068
W38388,-0.667892,4.45577,7MEP,0.0037074395592095423,0.058188767501834826,0.8467481785666408,0.012880802350504464,0.0784748120218114
W38389,2.496601,5.6321206,6Ery,0.001067065773296144,0.015393622330423799,0.5218917752352203,0.06000324381185436,0.40164429284920633
W38390,-7.369084,7.8844438,14Mo,0.046062814433232784,0.001564473149614499,0.07904301718876042,0.8274138035241537,0.045915891704239715
W38391,7.158802,4.138906,4Ery,3.722048250819347e-05,0.004781116702439669,0.0037787613406541254,0.13096821253204724,0.8604346889423518
W38392,1.5175222,4.824053,6Ery,0.0017462001894299037,0.02899873527706329,0.6973464134367923,0.02879231138921434,0.24311633970750113
W38393,8.565838,5.150311,2Ery,3.930128430571463e-05,0.004802545358928995,0.002353639053046035,0.13114878124663115,0.8616557330570891
W38394,6.916104,5.492919,4Ery,2.8255815988367126e-05,0.004645838966707311,0.007195101578109899,0.13035819008628802,0.8577726135529073
W38395,8.62795,5.4314713,1Ery,3.878474876068164e-05,0.004790435916982498,0.0025617941782679517,0.131101295554675,0.8615076896013149
W38396,5.0358906,5.660339,5Ery,9.302998589639672e-07,0.004243348699678722,0.04498661644735575,0.12475248833318617,0.8260166162199214
W38397,-2.6309185,3.6381252,19Lymph,0.0012448097015846646,0.7912409439688837,0.01656470464605548,0.1267391985470973,0.0642103431363799
W38398,-0.9052957,6.4550557,8Mk,0.009520769122763222,0.033921267622657576,0.7250050604571935,0.10733002835718736,0.12422287444019928
W38399,6.193544,5.3907056,4Ery,1.999650094129733e-05,0.00453411648148786,0.013204615183746259,0.1294180376179058,0.8528232342159199
W38400,1.7190112,4.8399134,6Ery,0.0014629549854438084,0.029112861343647833,0.6241823088043564,0.03718129700632299,0.30806057786022983
W38401,-8.402943,7.1416,13Baso,0.07054724062089075,0.0004912551432155785,0.045852606460635006,0.8333178236587833,0.049791074116476354
W38402,4.8541083,3.7847495,6Ery,8.16393880869742e-05,0.00451296594363932,0.08011575947423616,0.12176705492494364,0.7935225802690948
W38403,-8.053973,7.617172,13Baso,0.04957519873678771,0.0006048496672258124,0.05056891191897797,0.8485177678453443,0.05073327183166515
W38404,-0.7134841,5.130355,7MEP,0.003273156335812816,0.06780109253919576,0.8352543809731019,0.01876733902176613,0.07490403113012442
W38405,7.9554534,2.7170632,3Ery,4.863973824684135e-05,0.0049596109476120875,0.00048656348451394537,0.13159308816465876,0.8629120976649695
W38406,8.81526,3.0941272,3Ery,4.818188018976253e-05,0.004956733063501245,0.0002015378971858218,0.13159925336876344,0.8631942937903608
W38407,-7.520607,7.5695214,13Baso,0.045371285707110125,0.001535331290090264,0.07822622072396081,0.8278111152042882,0.047056047074551625
W38409,4.857155,3.8875928,3Ery,5.481663767161153e-05,0.0041359112948389795,0.06625835179711534,0.12375944278132205,0.805791477489053
W38410,-8.478725,9.487984,15Mo,0.016798728975803316,0.0021698470504444276,0.02001369615182388,0.8996902423850092,0.061327485436920307
W38411,-8.071649,7.765475,14Mo,0.033912435113787116,0.001309097590819429,0.04635506992226278,0.8644239877258192,0.05399940964731253
W38412,4.7601867,4.300238,6Ery,1.629796143370281e-05,0.004139459361286771,0.07438718278877189,0.12130641320601065,0.800150646682498
W38413,-4.8544064,5.736057,10GMP,0.02748416977559241,0.02357080418646317,0.3656713824247346,0.5457155116868019,0.037558131926408896
W38414,-7.966393,10.788011,16Neu,0.0036127953354160463,0.0033553627474844504,0.007356434393311295,0.921718018889341,0.06395738863444834
W38415,7.1427884,3.443161,4Ery,4.100223911459523e-05,0.004829866013593957,0.0034784868527549207,0.1311011629563469,0.8605494819381907
W38416,-7.6341157,7.4851885,14Mo,0.04668401123671612,0.0009556938430267588,0.062045876963304214,0.8413400244627504,0.048974393494203586
W38417,-9.004067,7.8871927,14Mo,0.05660126839822871,4.625561985574596e-05,0.02963337624833259,0.8596030086075572,0.054116091126026715
W38418,-4.01181,5.869987,10GMP,0.017648508483677595,0.08819267344648457,0.46121897972936227,0.3620833758494317,0.0708564624910449
W38419,6.373458,4.5110116,3Ery,2.559265177544613e-05,0.004595042533769772,0.009343452654386604,0.13008899598754828,0.8559469161725209
W38420,-6.4705524,5.908318,10GMP,0.04691215571768535,0.005855275202072697,0.1686035382581862,0.730563288761261,0.04806574206079577
W38421,-6.7782187,9.380319,14Mo,0.01261992876771335,0.0076088282046756495,0.1964288501569598,0.7386009143024731,0.044741478568179054
W38422,6.9388523,2.885739,3Ery,4.692023137501101e-05,0.004884313223636223,0.0032624422797118916,0.13127912605474718,0.8605271982105307
W38423,7.924171,4.791547,4Ery,3.8140573226175576e-05,0.00479068072237808,0.0029319720166058813,0.13106498733406538,0.8611742193537255
W38424,-2.7992253,3.6550288,19Lymph,0.0005702421530714606,0.7940826725649971,0.013438057699928119,0.12756959509063412,0.06433943249137021
W38425,-4.974593,8.511774,14Mo,0.03247178147404481,0.012738948561716593,0.1943928164849404,0.7240499059609696,0.03634654751832946
W38426,7.6410284,6.7737617,3Ery,2.9470129271015595e-05,0.00465405939488728,0.005768206399934942,0.13051557779271147,0.8590326862831962
W38427,-7.0807705,9.174029,15Mo,0.019692115404861817,0.003277549853299735,0.09691984218870525,0.8295807052353683,0.050529787317765903
W38428,-7.926452,9.720999,15Mo,0.01197229000003604,0.0031247778909429943,0.05207490884429213,0.8741546117906854,0.05867341147404425
W38429,-5.31605,6.4427514,10GMP,0.03324480101953354,0.012517734726921442,0.2575824442876396,0.6595686064143718,0.03708641355153461
W38430,-8.0639305,9.690092,15Mo,0.014115218772514452,0.002548535879237198,0.02484546598735526,0.8982165450401541,0.06027423432073986
W38431,-5.557374,9.816612,15Mo,0.011178094235878596,0.007153222394805088,0.15787629316893098,0.7792287044633485,0.04456368573703783
W38433,-6.497808,8.300878,14Mo,0.03774771026235056,0.0033200701753921223,0.1099621384437884,0.8061403771907493,0.04282970392772073
W38434,-4.876577,8.66685,13Baso,0.03554755687964538,0.007358778660830739,0.1610256456707075,0.7599355775471217,0.036132441241695616
W38435,-6.18272,10.705733,16Neu,0.004717784760246884,0.004350946257164249,0.06229896132456919,0.8745569028719291,0.05407540478609164
W38436,-4.431606,8.667426,14Mo,0.024890055233975947,0.021624471772405972,0.28116021239352457,0.6386236801397644,0.03370158046033001
W38437,6.706417,3.7181053,4Ery,3.5352485857622516e-05,0.004702225862120969,0.0075082676653944296,0.13052425240930474,0.8572299015773233
W38438,-5.0914726,9.779823,14Mo,0.01198354065739801,0.00870642699345184,0.177293078849874,0.7597578052940865,0.04225914820519047
W38439,-0.18167317,5.655783,9GMP,0.004294236126714681,0.04251987918705141,0.8181620372855509,0.0382263814842412,0.09679746591644264
W38440,8.446383,4.254627,3Ery,4.242812043168897e-05,0.004858657646414776,0.0016577026281894827,0.13130297960248752,0.8621382320024774
W38441,-7.0045557,7.317055,14Mo,0.045779236861829116,0.00277507793125559,0.09782271650088746,0.809483748903255,0.04413921980277381
W38443,7.6867695,4.2436523,3Ery,3.667648772343928e-05,0.004766846765854877,0.0036170356805432123,0.130971558254946,0.8606078828109335
W38444,-3.5989895,6.5895276,10GMP,0.023657447837562177,0.04089192250218776,0.5333883152378328,0.3699221861651267,0.03214012825729156
W38445,-5.4154215,10.46034,16Neu,0.009312583443695671,0.005956315512022983,0.09578018432139263,0.8397837945061637,0.049167122216725964
W38446,-5.613185,11.377067,16Neu,0.0029178955050782624,0.006960729779638803,0.08298977697594581,0.8542827341551786,0.05284886358415945
W38447,-6.887125,7.821125,13Baso,0.035334095455615465,0.0027988258931504312,0.10430037967121027,0.8116651344957281,0.0459015644842967
W38448,9.2,4.0466366,1Ery,4.522720086599109e-05,0.004901136445565737,0.0008141097831280773,0.13145346281485076,0.8627860637555904
W38449,1.9589128,5.1585536,6Ery,0.0013852517092796572,0.02351861407237355,0.6539061986137611,0.03410443401060231,0.2870855015939843
W38450,5.6533566,7.036182,2Ery,1.161067272693399e-05,0.0044370698316540105,0.02020020692373276,0.12813772110105645,0.8472133914708307
W38451,-3.2528777,7.6670494,14Mo,0.021828063482363564,0.03618176036962526,0.4753759886157388,0.4396807819142811,0.02693340561799221
W38452,6.720022,6.3833327,2Ery,2.568566044999373e-05,0.004608160498872399,0.0071533709470339366,0.1302979700986155,0.8579148127950292
W38453,-4.9588685,9.603103,14Mo,0.0128478894001619,0.009582996636602581,0.20625215299797017,0.7321636721337074,0.03915328883155903
W38454,4.506831,6.2219234,5Ery,3.725071832491908e-05,0.004881916926562163,0.10288879602704269,0.1157029294775458,0.7764891068505254
W38455,7.135766,6.9270315,2Ery,2.603777308003923e-05,0.004608662438705716,0.008279891775792914,0.13008496065587222,0.8570004473565502
W38456,-6.3868947,6.069691,9GMP,0.030906042472789202,0.004719188982759895,0.17860157612808486,0.7310887751462993,0.05468441727006773
W38457,-7.312085,8.256623,13Baso,0.04074975813488068,0.002056180561084492,0.08887663377876959,0.8217851199449904,0.04653230758027583
W38458,5.8792825,7.314476,2Ery,1.2081698686867973e-05,0.004436119451289724,0.015345289458442884,0.12890611394064547,0.851300395450936
W38459,5.63084,5.9727187,3Ery,1.7376458897529596e-05,0.004514122083463398,0.032541698400261464,0.1263628641162556,0.836563938941123
W38460,-5.3793583,11.240386,16Neu,0.0024688458884283447,0.004774982043145387,0.06384423281579298,0.8749038993038786,0.05400803994875565
W38461,-4.9919844,8.436288,13Baso,0.02343706901801886,0.011258150107352044,0.2570145015900195,0.6713704374767656,0.036919841807844994
W38462,-5.7384796,8.644665,14Mo,0.03870807864895246,0.005050289646019077,0.12925526106909904,0.7870398859082577,0.03994648472767276
W38463,5.7503495,4.4929037,4Ery,1.699643014456679e-05,0.004493155187766484,0.016527303219796917,0.12896557587377677,0.8499969692885163
W38464,7.092837,3.0528567,3Ery,4.480015593107638e-05,0.004864162736123531,0.0032488625387380446,0.13122892532031405,0.8606132492488944
W38465,5.142426,3.8574438,6Ery,0.0003107774339216203,0.0047108229275928185,0.09118774586461077,0.1259919401300123,0.7777987136438635
W38466,-0.9127453,4.7131934,7MEP,0.005562458453645319,0.08500734592008824,0.807921160817528,0.022498975642223588,0.07901005916651577
W38467,-3.5558906,6.832814,10GMP,0.029624494837633446,0.04544481935991461,0.5546707960804099,0.34435972896628747,0.025900160755755592
W38468,5.3830156,6.559761,4Ery,5.133272466823002e-06,0.004366008316206104,0.025613795983105172,0.12734695016245093,0.842668112265772
W38469,6.1976995,7.2165513,2Ery,1.5453324988047726e-05,0.004475604534315285,0.013959865118173289,0.1291237155778355,0.8524253614446888
W38470,-6.4154463,10.707333,16Neu,0.003308430020296668,0.0042081969477679925,0.04954552857647033,0.8865671206691672,0.05637072378629881
W38471,-2.7224567,7.6747136,12Baso,0.007932745162421824,0.029493033706793178,0.6842448073423976,0.26874855513073237,0.009580858657655995
W38472,-2.8615305,4.0238204,19Lymph,1.900528080881937e-05,0.7930891249271159,0.014612552047001208,0.1279334927864088,0.0643458249586661
W38474,-0.23756902,4.454736,7MEP,0.00350392089924163,0.05906157517554012,0.8444719382785674,0.006063082614274926,0.08689948303237684
W38475,-4.8471313,8.156161,13Baso,0.0307491801573614,0.01114708915645103,0.21894770253187967,0.7044323927548409,0.03472363539946799
W38477,5.974957,6.0443354,4Ery,1.7465416711164896e-05,0.004492976480234112,0.011605247664280508,0.1295899911372132,0.8542943193015621
W38478,-0.15476748,4.148563,7MEP,0.004208160184174235,0.05062222645967328,0.8516355762005843,0.00939677048192252,0.08413726667364667
W38480,5.8920717,4.5789304,4Ery,2.1710021494476877e-05,0.004557465035817857,0.012240987972951718,0.12962671141573137,0.8535531255540056
W38481,-2.540769,7.6096497,12Baso,0.00855480049878349,0.04245829852548182,0.7224659890930519,0.2126970620023425,0.01382384988034115
W38482,3.6787639,5.840915,5Ery,0.00018089821887628762,0.006438021486546175,0.23622403710124,0.0971670369512034,0.6599900062421351
W38483,5.7337937,7.3457575,2Ery,1.567020663093144e-05,0.004498726350932269,0.024089534257114027,0.12752728536571725,0.8438687838196065
W38484,6.599554,7.424796,2Ery,1.86089940011894e-05,0.004509577930887069,0.010593809847132214,0.12967455082194818,0.8552034524060325
W38485,-2.6624742,6.5755486,9GMP,0.020073110111777405,0.052047877080181014,0.6219003155928721,0.2715237938008255,0.034454903414344984
W38486,7.9092355,7.5956736,1Ery,3.1630424224416826e-05,0.004673919135016765,0.005005365893748409,0.13062785435195307,0.8596612301950582
W38487,-4.760529,2.336036,11DC,0.8360416582766909,0.0251755863224644,0.0009974800835571439,0.1374894328883902,0.0002958424288983496
W38488,7.2887754,4.600712,3Ery,3.472857344456949e-05,0.004742304710184756,0.004403022285338212,0.13083420748841443,0.859985736942619
W38489,-4.5074387,8.481568,14Mo,0.028175023430723256,0.03344887966680456,0.24907980002813673,0.6560207400612145,0.03327555681312203
W38491,-6.2058406,10.303071,16Neu,0.008138960032326576,0.004235757578597194,0.06919409770808446,0.866049691550082,0.052381493130910686
W38492,8.430776,5.465526,2Ery,3.6404755755748665e-05,0.004753332443954186,0.003119578538253625,0.13099375145928016,0.8610969328027573
W38493,6.086354,4.859995,5Ery,2.4766469699991e-05,0.004586789792597502,0.009307605232801571,0.13005608092264942,0.8560247575822525
W38494,-6.6050415,9.256855,14Mo,0.025515149133802574,0.0033218324925106003,0.09477663068580101,0.8301572777034628,0.04622910998442397
W38495,-7.182521,8.879688,15Mo,0.03165976359901693,0.002149393351798089,0.08036386185425784,0.8377016654660522,0.04812531572887592
W38496,-5.7628975,5.838447,9GMP,0.0246485382526837,0.008371705224344014,0.28056220070214055,0.6274872903114912,0.058930265509341495
W38497,-1.9569161,5.7680016,9GMP,0.012087231691228552,0.06751949463819391,0.7747053988494934,0.0959167915935927,0.04977108322749238
W38498,-7.1187215,8.643008,14Mo,0.034745031745474574,0.0023354522916799966,0.09015090165136842,0.8261546881124451,0.046613926199032846
W38500,7.2087297,7.1833434,2Ery,2.5178931633052613e-05,0.0045951667357492605,0.007917674247950751,0.13013682117030875,0.8573251589143592
W38501,7.6885085,4.8609242,4Ery,3.565356134661103e-05,0.0047520403728543124,0.003806194663353316,0.13091036501699954,0.8604957463854473
W38502,5.79706,6.2465844,5Ery,1.604327849250196e-05,0.004477873266666904,0.01885674013190692,0.12848004305002908,0.8481693002729056
W38503,7.177779,4.89864,4Ery,3.16541935989092e-05,0.004696850947063879,0.006023585250636453,0.13055999386060385,0.8586879157480979
W38505,8.121529,3.5518153,3Ery,4.443956930906439e-05,0.004893149062486818,0.0012549755039801922,0.13140211841740862,0.8624053174468164
W38506,-5.742458,11.102773,16Neu,0.002501843063383459,0.004486568973252445,0.05530540064829076,0.8823911674749831,0.05531501984009119
W38507,6.786701,7.728231,2Ery,2.3986279803778766e-05,0.004581576695664285,0.008332827508049596,0.13006711914974958,0.8569944903667338
W38509,-6.2042584,10.768573,16Neu,0.005384392715426417,0.004206181639707848,0.06020243898611019,0.8760729689827389,0.05413401767601771
W38510,7.0183854,7.5624743,2Ery,2.817770522344476e-05,0.004635042449272336,0.0060728402993756,0.1304510942897954,0.8588128452563343
W38512,-5.9470153,5.9302382,13Baso,0.03374566139358048,0.009940295810325609,0.23591415071593186,0.6757774855137351,0.04462240656642785
W38515,6.251144,7.370436,2Ery,1.706198067482182e-05,0.004499086915508455,0.013136526446776759,0.12928277099739727,0.8530645536596437
W38516,3.2707133,5.8521333,6Ery,0.0003751763047946924,0.010204749573743848,0.3203868105014362,0.08331695612032002,0.5857163074997063
W38517,3.7371695,5.9727516,6Ery,9.46368718396105e-05,0.005573153242979715,0.17713151673679614,0.10509392958178847,0.712106763566597
W38519,-5.1461716,9.181218,14Mo,0.02790876910103515,0.006559719865809261,0.15632944806277163,0.77092419424969,0.03827786872069488
W38521,6.4676247,7.74513,2Ery,1.6344533446659487e-05,0.004482562543994009,0.011792999439068034,0.1294698689218366,0.8542382245616558
W38522,6.2847776,7.830467,2Ery,1.7464631444073144e-05,0.004498945256293913,0.012015212369098345,0.12943987366625073,0.854028504076914
W38523,-1.0988398,6.706687,8Mk,0.006445834197489203,0.01957370681785653,0.7752128128525441,0.11664750691300833,0.0821201392191028
W38524,-1.1120232,6.842818,8Mk,0.007280091296695287,0.019135231911674697,0.7542999714282504,0.1427571102023496,0.07652759516103091
W38525,-4.481817,8.727672,14Mo,0.026735372982481263,0.014377076916298836,0.2499310074852346,0.6766172599063777,0.0323392827096086
W38526,-5.280642,8.850314,14Mo,0.03244151586369981,0.0057697823490650115,0.1466483633871026,0.7764437790710467,0.03869655932908689
W38527,7.187658,7.3457036,1Ery,2.583946828845424e-05,0.004601549582187873,0.007917669343075289,0.13013184020800547,0.8573231013984439
W38528,7.8318057,3.5635176,4Ery,4.2426313571437144e-05,0.004863574379216221,0.0019897221027434394,0.1312809394399386,0.8618233377645313
W38529,0.25693068,4.410613,7MEP,0.004264814957080195,0.04959622588497881,0.8312802487253032,0.007927236955875414,0.10693147347676339
W38530,-5.6827574,10.394244,16Neu,0.009980612005010787,0.004432705828755297,0.07988344589654016,0.8552136731203678,0.05048956314932701
W38531,-4.8411403,10.153056,16Neu,0.01214352478990755,0.011105423592096765,0.17167799763090344,0.7621602678146308,0.04291278617246237
W38532,-4.0620193,8.430479,14Mo,0.026824094811526464,0.021956612051637594,0.3392198738505478,0.5837252604002302,0.028274158886058942
W38533,5.6550813,6.608289,3Ery,1.160832335692507e-05,0.00442843710453802,0.01616028132253684,0.1288084847845857,0.8505911884649836
W38534,6.3814583,7.6470766,2Ery,2.0632781476272475e-05,0.004536059352943495,0.009289148173104389,0.129897195676624,0.8562569640158528
W38535,-6.6617656,9.203155,16Neu,0.023196526735277945,0.003210792852719356,0.08197910261862477,0.842690821864843,0.048922755928535955
W38536,-2.2928946,7.5588183,17Neu,0.005088412518146951,0.04001292112774265,0.7713272424135711,0.18284531184180167,0.0007261120987385677
W38537,5.159499,5.971495,6Ery,1.672078520483225e-05,0.004538118121068358,0.0466219132323002,0.12433735853256106,0.8244858893288666
W38538,6.1079993,7.3221946,2Ery,1.644300897790713e-05,0.004481910703089357,0.011139050230743483,0.12958777065890914,0.854774825398281
W38539,-4.747123,8.218158,14Mo,0.037629150962360865,0.019671541548589612,0.2555783477982073,0.6561737818073702,0.03094717788347288
W38540,-5.1306157,9.495017,16Neu,0.021263721731827463,0.0068370968176353405,0.1459556895471313,0.7850212116904843,0.04092228021292253
W38541,-0.6146161,4.232779,7MEP,0.004167138907203398,0.04999253022585849,0.8548332987632127,0.008798649560063855,0.08220838254366258
W38543,7.531078,5.276954,2Ery,3.280234032158536e-05,0.004709597889356097,0.004871048165210657,0.13072148421600865,0.859665067389104
W38544,8.435099,2.938002,3Ery,4.813139387911708e-05,0.0049555377188889305,0.0003228113749800038,0.13159084544563657,0.8630826740666164
W38545,4.8882623,6.715266,2Ery,1.7866369047083337e-05,0.00455535726113546,0.053212281327770214,0.12314675527854793,0.8190677397635003
W38546,0.14540605,4.1011724,6Ery,0.0042746889736352146,0.046843361895934056,0.8179846210795018,0.015061854039155213,0.11583547401177478
W38547,2.8653946,5.956994,6Ery,0.0008996810904331,0.015216076383685127,0.4390983151382311,0.06749117678508054,0.4772947506025712
W38548,0.3543043,3.9637964,6Ery,0.003344335300111685,0.04419898284852089,0.8432462571944949,0.003062121559251307,0.10614830309762206
W38549,-1.16225,5.4248514,10GMP,0.009634876616538076,0.06372018278891692,0.8305923432005616,0.030548922163577883,0.06550367523040652
W38550,-1.6652707,6.628596,12Baso,0.005591361469182025,0.041308230373790424,0.7969505759816643,0.11766255258055874,0.03848727959480543
W38551,-0.33693033,4.8922687,12Baso,0.0037548372289998417,0.04841122760459094,0.8511344575173561,0.017402734112163507,0.0792967435368907
W38552,6.4255815,4.1632147,4Ery,2.681732998286623e-05,0.004636373353913467,0.008599295154665999,0.13018860977927907,0.8565489043821596
W38553,6.019857,7.323477,2Ery,2.370750315624608e-05,0.004586027439377687,0.02400770977735909,0.12752967522740472,0.8438528800527032
W38554,3.3933246,6.0772853,4Ery,0.00036418294242178563,0.008646658296402066,0.3045472933026312,0.08681628801200203,0.5996255774465439
W38555,6.4099746,7.8012733,2Ery,1.5883711439656092e-05,0.0044772414699336995,0.012318296827627957,0.12937826715176942,0.8538103108392303
W38556,-5.6738462,8.6097975,14Mo,0.03780966265412482,0.00541726210598063,0.1444991680280746,0.7733016767954884,0.038972230416332514
W38558,5.406069,6.925073,3Ery,1.0382804939612524e-05,0.004447157246644315,0.031608144354001055,0.12635711046666329,0.8375772051277528
W38559,2.629778,5.5428624,6Ery,0.0005530058463386032,0.012125323108093184,0.45476226372330036,0.06464772465119692,0.4679116826710719
W38560,8.628338,4.818235,3Ery,4.011418893330794e-05,0.004818210396109353,0.002263331823290351,0.13117667872234434,0.8617016648693235
W38561,-1.5771737,5.2982655,10GMP,0.01815834692082462,0.07729319471785438,0.8188946205609848,0.0418508032464122,0.043803034553924904
W38563,5.9792266,7.507856,2Ery,1.2140884280049191e-05,0.004436881026332742,0.015329314872861927,0.1288960898047605,0.8513255734117657
W38564,-4.51741,8.792991,14Mo,0.027582183859705508,0.013988528485392147,0.25273680781997326,0.6739899289437077,0.031702550891222404
W38565,-5.261886,10.977333,16Neu,0.003098114959141977,0.00561067582902395,0.07598705429506045,0.862839419714784,0.052464735201990596
W38567,-3.4441435,8.069221,18Eos,0.018733287789460824,0.028149182696821273,0.4559011496919434,0.47467422167791473,0.022542158143860805
W38568,-6.6472936,7.2265964,13Baso,0.038651572154654604,0.003559981321436012,0.12603890604574378,0.7879329439803163,0.04381659649785024
W38569,3.9667137,6.182795,6Ery,0.0002754693519699911,0.008083518706035239,0.24688334990356395,0.09451542374659003,0.6502422382918418
W38570,-6.401241,8.509616,14Mo,0.039097321369120606,0.0031768625596250225,0.11176833279730818,0.8037570511966747,0.04220043207727239
W38571,-4.5311317,7.676299,13Baso,0.030308283834576354,0.01588468710178542,0.2803205522183111,0.6417581640647844,0.03172831278054375
W38572,4.9078298,6.5152044,2Ery,3.635265050537809e-06,0.004387008184143336,0.0450469705999446,0.12432985953217819,0.8262325264186844
W38573,6.376029,7.5457606,2Ery,1.5993546986944384e-05,0.004482092152365696,0.01305989209179515,0.1292688875398688,0.8531731346689845
W38575,2.6030965,5.282993,5Ery,0.0010608482806456784,0.01250209555739774,0.5107528515491985,0.06763994158932621,0.40804426302343294
W38576,-5.2509747,6.1186266,10GMP,0.03294491456128555,0.015037831039747053,0.27513068952138237,0.6401775909270008,0.03670897395058518
W38577,6.231469,6.668448,5Ery,1.635352483996775e-05,0.004493686999331858,0.01568570952747742,0.1289064433077674,0.8508978066405843
W38578,-4.906969,8.942812,14Mo,0.025413137991340224,0.007479158894512105,0.16482070495463588,0.7642107666683423,0.03807623149117043
W38579,-3.007966,7.1482134,13Baso,0.024537403717133803,0.049214084253333484,0.6266640458619738,0.2727299131670214,0.0268545530005385
W38580,-4.542233,8.679881,14Mo,0.026079029217561927,0.011990513425788385,0.22769851281190048,0.7005873349005366,0.03364460964421341
W38581,-5.7516212,11.137035,16Neu,0.0025303365903130287,0.0047242408588234,0.06375656910147051,0.8749040603796471,0.05408479306974698
W38582,6.010421,7.1814556,2Ery,1.1883607883553037e-05,0.004433973667179953,0.016411903870659,0.12873020850346434,0.8504120303508141
W38583,-0.790008,7.032084,10GMP,0.005765894261185582,0.010977869660659802,0.7446123019519726,0.14502454815870117,0.09361938596748186
W38584,6.947662,5.2081647,4Ery,3.0123887607926536e-05,0.004676825810267224,0.006519862814619163,0.1304553901972165,0.8583177972902901
W38585,-6.3868327,11.660956,16Neu,0.00040586232816609467,0.004190132912346552,0.040327176884420834,0.8972752207171502,0.05780160715791731
W38586,2.645049,5.1338153,6Ery,0.0008952933342210611,0.016839967051469597,0.4924634547858635,0.05882061979128632,0.43098066503716054
W38587,-5.580814,9.697939,15Mo,0.015930737069597863,0.005633541820168818,0.11548598951520071,0.8170296742574231,0.04592005733761044
W38588,-6.8879967,8.241993,14Mo,0.02578801038138646,0.0041578734717556695,0.17822135096486494,0.7430437328331259,0.04878903234886813
W38589,-1.8306955,6.6457224,12Baso,0.0049326302358153745,0.04829367670213672,0.8046840035242762,0.11977125565664024,0.02231843388113254
W38590,0.093522094,5.2709417,7MEP,0.0035986054426727335,0.04574385255839572,0.855460558131441,0.006699042879906486,0.08849794098758505
W38591,-3.7636194,6.570995,10GMP,0.02233076099462684,0.03956431387204204,0.5032832422027859,0.4057924952024248,0.02902918772812137
W38592,-6.0915933,8.981292,15Mo,0.030526001065994943,0.005659348027073016,0.15398936836636368,0.7704949271886139,0.03933035535195545
W38593,8.695142,2.778051,3Ery,4.91695516595718e-05,0.004974042407124741,5.494643486445007e-06,0.1316473258994251,0.8633239674983051
W38594,-8.084967,10.359912,15Mo,0.006084027217353062,0.003312602706909739,0.0185630887271026,0.9097111325374133,0.06232914881122227
W38595,8.433449,2.8312926,3Ery,4.910137905373972e-05,0.004970414976137416,0.00010112585019178543,0.13163706394016308,0.863242293854455
W38596,-3.7885144,5.831992,9GMP,0.019738412202122812,0.09155278102088565,0.48788102549279727,0.3602453765455345,0.04058240473866068
W38597,7.345807,6.05979,2Ery,3.0015439883151924e-05,0.004668071292742005,0.00585457137108147,0.1305221791893803,0.858925162706914
W38598,0.012399723,5.566988,7MEP,0.004178291348893387,0.04314666888552165,0.8438633466764875,0.023892579821360314,0.08491911326773816
W38599,8.336701,4.773339,3Ery,4.068554100334985e-05,0.0048295211345777715,0.002225568045333339,0.1311907076857276,0.8617135175933589
W38601,-6.304151,8.007452,13Baso,0.04048396223437801,0.0038247257194981483,0.11165938375290559,0.8011656937076604,0.04286623458555895
W38602,-6.0724826,11.499321,16Neu,0.0013462519024423304,0.004692290292935476,0.04890956207282688,0.8883035342705071,0.05674836146128925
W38603,-6.6494613,7.011133,13Baso,0.045311161032505654,0.0037353786857323443,0.11589412370206693,0.792579586217566,0.04247975036213008
W38604,9.206254,4.3944426,2Ery,4.442088776212374e-05,0.004887626814790215,0.001014108974105735,0.1314138297028078,0.8626400136205351
W38605,-6.6081867,10.493226,15Mo,0.005912028371826376,0.00392082058554176,0.049035067686023566,0.8849968126928702,0.05613527066373913
W38606,-1.0015237,4.96052,7MEP,0.007908417317312993,0.12504315156298146,0.7737219191122795,0.02820242320095138,0.06512408880647567
W38607,2.8214233,5.164683,6Ery,0.000576720227599348,0.01223740136102186,0.4311959351573592,0.07098849040301461,0.4850014528510059
W38608,5.4462824,4.8846135,5Ery,1.0763094634781013e-05,0.0044180152595381435,0.0210026379309691,0.12825195725211147,0.8463166264627475
W38609,-7.672811,6.6215925,13Baso,0.0694644713394216,0.0016067728110979974,0.07005099440667693,0.8119942962589838,0.046883465183820694
W38610,-4.5788264,6.3649154,10GMP,0.025703318987007378,0.018240859256454606,0.3638828288248418,0.5541984398106027,0.03797455312109466
W38611,-1.7916166,5.0972395,9GMP,0.04375703445467272,0.14578379549517273,0.703946159822312,0.057210987674086736,0.04930202255375677
W38612,-5.9380083,6.508132,13Baso,0.03902389781728067,0.009705156219150851,0.2009347969170701,0.7134526257628242,0.03688352328367512
W38613,-6.9357576,6.6498795,13Baso,0.042897271723281526,0.003954310302595747,0.11422748698265972,0.7956699519865691,0.043250979004894954
W38614,-1.278239,4.470504,12Baso,0.009326465596543836,0.19937108814355323,0.6969988716178652,0.03658344436502355,0.05772013027701505
W38615,5.311374,5.9658976,5Ery,1.1698489599978324e-05,0.004457252299223592,0.040385686435898197,0.12511489440481718,0.830030468370462
W38616,-3.1378548,7.150095,13Baso,0.02899438760794151,0.04316713525488378,0.5601513028984209,0.3420942241526695,0.025592950086085395
W38617,-7.998908,11.066019,15Mo,0.0025721235022002193,0.0034614713108794843,0.006194785517040366,0.9236140429471039,0.06415757672277698
W38618,-6.6427174,8.856755,14Mo,0.030623483024221174,0.002893884667275497,0.09760991355191125,0.8238159883171134,0.04505673043947954
W38619,-4.6114564,6.684252,10GMP,0.02785802335369918,0.018759262632256378,0.3286175347536458,0.5857222107352245,0.03904296852517504
W38620,-6.0140576,9.06002,15Mo,0.028282589335866366,0.004492241651929557,0.12436104755260015,0.800673570589449,0.042190550870155975
W38622,5.072347,5.2174683,4Ery,5.253340034077036e-06,0.004342181754444026,0.028590838724264857,0.12708770387077314,0.8399740223104849
W38623,5.251694,6.5610514,5Ery,4.403924020648364e-05,0.004891767677448289,0.06460638837487621,0.12139322307854075,0.8090645816289292
W38624,-1.0368627,6.7303953,8Mk,0.0056071396735338855,0.01928550185088436,0.7664489945273216,0.11932181187404063,0.08933655207422041
W38625,-7.3784695,8.108744,13Baso,0.038287227659307005,0.00219989959142138,0.0949010145790863,0.8182037236922238,0.04640813447796246
W38626,0.34060118,4.2923174,7MEP,0.002983743641978968,0.04772038588905892,0.8394417932356394,0.004569570007420378,0.10528450722590328
W38627,-4.8590784,8.814789,14Mo,0.03053952934779125,0.00827993306237946,0.170943655722783,0.753820342943475,0.036416538923572266
W38628,-6.50566,8.550557,14Mo,0.0446602848348542,0.004859130531025973,0.13523070752706526,0.774906687962704,0.040343189144351574
W38629,6.8159266,7.493404,2Ery,2.2163126838602305e-05,0.004555564119182283,0.009006085099432064,0.12994442010890067,0.8564717675456475
W38630,0.96923417,4.4499373,6Ery,0.003144081960713746,0.035388321680721896,0.7624862596011602,0.01678120037776523,0.18220013637963983
W38631,7.5891557,7.0397024,2Ery,3.075315598116264e-05,0.004671442884756824,0.005190442023731352,0.13061265381538034,0.8594947081201514
W38632,-5.8975186,8.393787,13Baso,0.029230285488980313,0.006984927902161525,0.1672994909032053,0.7557605048787213,0.040724790826932554
W38633,-0.22880614,6.319684,7MEP,0.0051728561626807334,0.031094741867700504,0.7907178999506657,0.0760814665873616,0.09693303543159246
W38634,-5.3109493,11.135367,16Neu,0.003031796135501529,0.005730017155148498,0.07654819070979446,0.8619975526150442,0.05269244338451242
W38636,-4.8734417,8.712891,14Mo,0.03433283531178417,0.007999055867657284,0.1736294797362365,0.7486332452402503,0.03540538384407277
W38637,4.3079314,6.401958,3Ery,8.202958431710602e-06,0.004482556204876716,0.06660154875087254,0.12112009261071024,0.8077875994751098
W38638,-5.7468233,10.831527,16Neu,0.004109760776719622,0.004661435678917879,0.06543570483186753,0.8721468041762237,0.053646294536272274
W38639,-1.3031743,4.3225327,19Lymph,0.004158320459370489,0.38196537530479163,0.492387680415864,0.06119946987486228,0.0602891539451125
W38640,-3.4976115,6.5282097,10GMP,0.01919288251361047,0.027990288735438407,0.542433385651484,0.36744689153068344,0.042936551568784675
W38643,-1.6343734,5.3672214,12Baso,0.0065788223089272325,0.0767641748456828,0.8321382089825956,0.04751937577283549,0.03699941808995988
W38644,-2.110618,5.9681005,10GMP,0.04018068408445809,0.09368259235851784,0.7104791857930352,0.1140375778539674,0.041619959910022396
W38645,-5.312376,7.5715413,13Baso,0.03295197417429812,0.012221636784172497,0.20150410827296883,0.7171124052849546,0.03620987548360706
W38646,6.937501,7.7771807,1Ery,2.5587475862702694e-05,0.00459440884713871,0.008495125239086071,0.1300238585951052,0.8568610198428083
W38647,-5.2107387,10.297166,16Neu,0.010134715485981771,0.006111761785685596,0.11309724820045083,0.8236340505557473,0.047022223972135443
W38648,0.050642222,4.12488,6Ery,0.003692257504478817,0.047494368532231414,0.8397329282923195,0.004839811157905762,0.10424063451306556
W38649,-7.2018228,8.248991,14Mo,0.034475784023430635,0.0021286608304306428,0.08753968617291065,0.8282102535288088,0.047645615444420246
W38650,6.3740315,7.059758,2Ery,2.338578403424367e-05,0.00457896838405197,0.01593314263930896,0.1288238765340416,0.8506406266585642
W38651,-4.9112506,9.124896,14Mo,0.02204697874056676,0.011643754022471088,0.250468165509269,0.6822510242518663,0.03359007747582789
W38652,-2.2799788,5.6946955,10GMP,0.021457575750895918,0.099501084646475,0.7455430035941906,0.08615809135378452,0.04734024465465495
W38653,-3.8368204,8.217874,14Mo,0.022799858116942663,0.023647894893841642,0.37971038169759225,0.546220285722217,0.02762157956940738
W38654,-5.254768,10.495115,16Neu,0.0062139711454048795,0.005909911408992099,0.09748722467961327,0.8408104116277608,0.049578481138229956
W38655,-0.3832501,5.581681,9GMP,0.0043757455460563584,0.04388766084414618,0.8286728677128146,0.03564840462832349,0.08741532126866033
W38656,4.3165746,5.692,3Ery,3.412548885284372e-05,0.004423453015754226,0.12017757315915198,0.11430470516714752,0.7610601431690944
W38657,8.018235,3.9230306,3Ery,4.2374018379396174e-05,0.004858478049989828,0.0017865980518722187,0.13129914140113405,0.8620134084786255
W38659,-5.234211,9.992114,14Mo,0.012709131054023657,0.006693165105618478,0.1274860906478403,0.8078666666720491,0.04524494652046948
W38660,6.2655773,6.925957,2Ery,1.849770513942367e-05,0.004508132803740084,0.009847604686944416,0.12981171636994895,0.855814048434228
W38662,-1.7051831,6.5474257,12Baso,0.006508302613292064,0.04458279005802055,0.7821439280506968,0.12406563670589761,0.042699342572094054
W38663,-2.4134066,6.426064,9GMP,0.01545508811785673,0.0559506989633466,0.7054995422412699,0.1870039054612933,0.03609076521623434
W38664,8.656397,6.6365004,1Ery,3.62055818056832e-05,0.004745169331431895,0.0032384739767317024,0.1309582715444363,0.8610218795655954
W38666,6.784615,4.705625,3Ery,3.0148391158360375e-05,0.004679102936642172,0.006570891796204314,0.13047879631278125,0.8582410605632148
W38668,5.338247,6.4815083,5Ery,9.743105175816452e-06,0.0044054638672597545,0.018607260179234926,0.12846579668917724,0.8485117361591532
W38669,5.7836056,7.004111,2Ery,9.464117149239477e-06,0.004407878584002543,0.017719395110788686,0.12853416311896113,0.8493290990690994
W38670,-0.5054858,7.298626,8Mk,0.005319810945737059,0.008464505097936658,0.7501398087931843,0.1379464800353207,0.09812939512782218
W38672,8.1879225,6.026009,2Ery,3.435697739168406e-05,0.004721402433368753,0.0037684772242721123,0.13087139814161494,0.8606043652233535
W38673,-6.8255196,11.511325,16Neu,0.002628911020379079,0.003924594667016772,0.03559531869218639,0.8993003718648396,0.05855080375557917
W38674,5.124684,5.925114,5Ery,5.718042531443306e-07,0.004323199280231034,0.03773442027144393,0.1255662691794956,0.8323755394645773
W38675,-1.3654009,6.8598557,10GMP,0.008831264389431022,0.021066272627484398,0.7089433484699763,0.17442287402132448,0.08673624049178476
W38676,-6.0654864,7.5293183,13Baso,0.039492122564540634,0.0037648445001719822,0.12345422721657685,0.7919364210648315,0.041352384653880095
W38677,-5.432084,11.08879,16Neu,0.0029039045193367985,0.0049164178932399084,0.06961131793586967,0.8693868494911697,0.05318151016038489
W38678,-5.1903596,8.998495,14Mo,0.03290296319617118,0.007152893042727827,0.1620469425692056,0.7606083492837682,0.03728885190812826
W38679,6.4920177,7.259062,2Ery,1.9399217225217677e-05,0.004520204261297365,0.010174750486984243,0.12975073363401463,0.8555349124004795
W38680,4.9265227,6.3404713,5Ery,7.031172031039557e-06,0.004433164169483676,0.05137006836276146,0.12351377541321565,0.8206759608825092
W38681,-8.023503,8.121385,15Mo,0.04618993910589905,0.0006216383782395567,0.05887302840707348,0.8450286009014472,0.049286793207341716
W38682,-0.017336674,4.328303,7MEP,0.004027992290118347,0.05652879951718357,0.8478240465794226,0.005762906550987962,0.08585625506228849
W38683,-6.5557346,10.34556,15Mo,0.006027208841140974,0.004986986178608296,0.07961713754734515,0.8563330614692268,0.05303560596367983
W38684,5.5991735,5.7438946,5Ery,7.3693214162575375e-06,0.004377267653282602,0.025310401313408053,0.1275330795865098,0.8427718821253842
W38685,3.6364477,4.4342537,6Ery,0.00014009111701848953,0.004677962601279052,0.21427518458647662,0.10344767020811524,0.6774590914871116
W38686,3.8006468,5.4310083,5Ery,0.00016155226362442657,0.005326194326193936,0.20846919076576695,0.10295661725296762,0.683086445391448
W38687,7.390303,5.502921,2Ery,3.227360407494386e-05,0.004700270220860248,0.004908641576119379,0.13070412843869003,0.8596546861602564
W38688,7.4809732,5.0655904,3Ery,3.3977570787981086e-05,0.004723076851706934,0.004392016488164627,0.1308140460636794,0.8600368830256621
W38689,-6.951523,10.897537,15Mo,0.0018015325447978858,0.004297444512529901,0.040426498342469114,0.8949503468011343,0.05852417779906978
W38690,1.1170561,5.084708,7MEP,0.002109837922066297,0.03303456964002593,0.7592636629601185,0.02094497459523221,0.18464695488255806
W38691,7.454346,3.9593754,3Ery,3.918991587983513e-05,0.004807658864185006,0.003637297416349751,0.13101743515333047,0.8604984186502559
W38692,-5.6029887,8.21066,15Mo,0.03970368976935382,0.007210979735999061,0.15118717361975592,0.7643457425312904,0.03755241434360168
W38693,-7.085828,11.473891,16Neu,0.0016480277254915462,0.003893405552061709,0.028256761154501507,0.9062124040067793,0.05998940156116696
W38694,3.6889048,4.5990696,6Ery,0.0006043797376258019,0.0075772378199433455,0.32679084871998365,0.09372794523664982,0.5712995884857983
W38695,-0.6380424,4.3495245,7MEP,0.0044039477852472675,0.0597358592282967,0.8546618910076099,0.009842818149087995,0.0713554838297591
W38697,3.7181373,4.270027,6Ery,0.0004398910997037211,0.004563824146520065,0.19423886989222014,0.11446997768530687,0.6862874371762502
W38698,2.3603969,5.3963647,6Ery,0.0006895809051887223,0.014261008101726442,0.4746856877398875,0.06074540648161059,0.4496183167715878
W38699,-1.8248286,5.712441,10GMP,0.0140991319508867,0.07495630873383584,0.7802340047969049,0.0840483175205733,0.046662236997800255
W38700,6.4263573,5.268304,4Ery,2.425267850641143e-05,0.004583018129949873,0.009901713260542755,0.12994578298036924,0.8555452329506327
W38701,-6.2312903,7.275054,13Baso,0.04260062605393266,0.004627971758966551,0.1287613692913097,0.7833717106491384,0.04063832224665362
W38702,-6.0984106,10.1945305,14Mo,0.00873115466792456,0.004831212355097903,0.0894337074072856,0.8465235495582452,0.05048037601144779
W38703,-6.3610477,8.032626,13Baso,0.030000807962553777,0.004273930953263425,0.14138499809116634,0.7809187147529056,0.04342154824011198
W38704,8.719615,4.2636914,3Ery,4.341606955392707e-05,0.004873180530171637,0.0013450690111576496,0.13135940979091404,0.8623789245982038
W38705,3.2059047,5.4013705,6Ery,0.00035057615294507556,0.00934095419542694,0.37227058336211416,0.07681439319862049,0.5412234930908942
W38707,-1.1613165,5.594817,8Mk,0.020844365859132057,0.07098126627478006,0.8214732041025503,0.02505815926608141,0.061643004497457105
W38709,-5.5677996,9.031138,14Mo,0.026141657507800606,0.006159613508546196,0.1523106878986271,0.7750737955607047,0.040314245524322376
W38710,6.830704,7.3899226,2Ery,2.1750271807331664e-05,0.0045510586369412135,0.008887369157902574,0.1299666164132088,0.856573205520141
W38711,-2.3902535,5.788467,9GMP,0.02071641413404005,0.07505608289040114,0.7150148833734363,0.15505386097624096,0.034158758625882545
W38712,4.0561047,3.9748502,6Ery,0.00012989177055697324,0.004747251569348175,0.1639895347202435,0.11043122477617667,0.7207020971636756
W38713,-5.5451097,10.042641,15Mo,0.009008109739556281,0.006855707726085412,0.12659069561107614,0.8104163166462716,0.047129170277011516
W38714,-6.430727,8.161996,13Baso,0.030792936140569386,0.006377067224941913,0.1688110882581244,0.7524439291824412,0.04157497919392405
W38715,4.026411,6.335801,3Ery,0.00013830489289112208,0.006113445427763614,0.17843734232392758,0.10477609683656304,0.7105348105188556
W38716,-5.915645,11.35681,16Neu,0.0025248990256794405,0.004502919324341723,0.054286070339794816,0.883238019516033,0.05544809179415206
W38717,7.199468,7.4869037,2Ery,2.882668490359711e-05,0.004645994413220572,0.005804420792292909,0.13050421481654828,0.8590165432930356
W38718,-2.4772444,6.5704823,9GMP,0.013912348213486967,0.03769444967761106,0.6715229304596961,0.21587396403714548,0.06099630761206131
W38719,-5.8229847,9.825332,14Mo,0.012916416932260828,0.00585792950784599,0.11968747735255593,0.8146544010021575,0.04688377520518087
W38720,7.2977853,3.4997663,3Ery,4.075991086873886e-05,0.0048250572529255475,0.0031808658877261068,0.13112987491403238,0.8608234420344483
W38721,-6.349079,8.73364,14Mo,0.03225038251591538,0.0033997833094060108,0.11018987837090553,0.8107293688121012,0.04343058699167274
W38722,-5.3687787,8.769691,14Mo,0.03031173691866441,0.005744609508008172,0.1477489192651379,0.7772123515319058,0.03898238277628484
W38723,-5.259407,9.416491,16Neu,0.02498705668973705,0.006482209016631034,0.14493903862774526,0.7831698119257866,0.040421883740101035
W38724,-5.1304045,9.260173,14Mo,0.02785076907461719,0.006312801695496959,0.14395130400811199,0.7819317410834914,0.03995338413828341
W38726,-1.6430473,6.4238806,9GMP,0.008349836935522143,0.040934557654871216,0.7773782257397862,0.10329965057024638,0.07003772909957501
W38727,6.7166295,5.1188784,3Ery,2.6548929218044348e-05,0.0046191469346343415,0.008208079389157222,0.13020302019058766,0.8569432045564038
W38728,-8.746583,7.3965483,13Baso,0.06596448358925981,0.0002519604143425304,0.04223591627827904,0.8407770249427379,0.050770614775381875
W38729,-0.45212877,5.26907,10GMP,0.00546375535081078,0.05966112301364891,0.83999271372788,0.015945246583070737,0.07893716132459061
W38730,-4.8743176,9.423774,14Mo,0.01832060874544629,0.009280989745736871,0.1911985274706337,0.742932271701962,0.038267602336222215
W38732,2.9902263,5.80521,3Ery,0.0006265875799678173,0.012248137379372142,0.41530571661846577,0.06995155463328535,0.5018680037889099
W38733,3.2105038,5.7645526,6Ery,0.0003866358519214124,0.009531941088215316,0.3641452585707289,0.07849656969065189,0.5474395947984835
W38734,-5.917557,7.8945837,14Mo,0.03138889170622932,0.005604293242549001,0.1516729871332469,0.7704956320159999,0.04083819590197585
W38735,5.0386167,5.874649,4Ery,7.461984519124952e-06,0.004412404404353208,0.04356132795741974,0.12465926471832989,0.827359540935379
W38736,8.635229,3.663851,3Ery,4.6159035093068896e-05,0.004920473679783142,0.0006818780048957622,0.13149747170142137,0.8628540175788076
W38737,6.042631,7.688759,2Ery,1.4513458829056212e-05,0.00446981383634262,0.015537097938176536,0.1288735422739843,0.8511050324926686
W38738,5.9355564,7.5741806,2Ery,1.1714003960342882e-05,0.004437974204514498,0.017922361677827802,0.12849731331970624,0.8491306367939921
W38739,-4.6533885,9.09939,14Mo,0.026056692783655657,0.010873483289678068,0.20717263745016298,0.7207042477086251,0.035192938767879156
W38740,6.02918,6.9307265,2Ery,1.4862548050722347e-05,0.004462309600270664,0.011765918442425699,0.12950112182691143,0.8542557875823426
W38741,0.90688545,4.818237,8Mk,0.0027250744991749575,0.028498740840507922,0.7139506752363649,0.03964656200863912,0.2151789474153141
W38742,-2.97261,6.8694797,10GMP,0.015254580279487085,0.023271917930779793,0.5836650002729306,0.3236842594440814,0.05412424207272214
W38744,-2.4335291,6.01715,10GMP,0.023986067632805915,0.0628971112997644,0.7033816088764835,0.1736103543845859,0.036124857806361196
W38745,-4.8103495,8.826787,14Mo,0.023518237894277285,0.009865739045130849,0.2011452910082012,0.7290502134760964,0.03642051857629526
W38747,-2.113304,5.788379,10GMP,0.019400015121814773,0.07058390696460945,0.7542272778501448,0.10601980034715171,0.049768999716280335
W38748,-5.272413,9.293263,16Neu,0.02427798620040695,0.0054336535601651435,0.13175051212425212,0.7968277240369062,0.04171012407827052
W38750,-5.4304447,6.375906,10GMP,0.040705012422860454,0.01432760217817795,0.23926386412800063,0.6706235346932743,0.035079986577687766
W38751,-5.0867696,7.217895,10GMP,0.031757270421122794,0.014670005056999322,0.24181748427370275,0.6755908220171688,0.03616441823100741
W38752,-8.0072565,7.4476113,13Baso,0.04259746929510504,0.0010259951471366818,0.05735106709363008,0.8478093200744576,0.0512161483896716
W38753,-5.5078344,11.128165,16Neu,0.0022926426467918394,0.004578640650639826,0.06052898551769611,0.8782602503795676,0.05433948080530574
W38754,4.638812,6.663731,2Ery,3.482404001184608e-05,0.004867077597725784,0.07825229317608079,0.1193316183225158,0.7975141868636668
W38755,-5.4378543,10.317387,16Neu,0.010109942903671666,0.004658239150272047,0.08511265130452517,0.8502429986756647,0.04987616796586755
W38756,6.125405,7.4424224,2Ery,1.3670514382392676e-05,0.004455703807761596,0.015347770947316944,0.12889766696480687,0.8512851877657331
W38757,-5.172187,8.663002,14Mo,0.036601890606541274,0.005975322280700097,0.15191718896136863,0.7687125238433336,0.036793074308057394
W38758,-4.5291104,2.4953995,11DC,0.8372886745599548,0.030755354793355144,0.004352463296876332,0.12746253069379385,0.00014097665602103192
W38759,-5.301544,9.335513,14Mo,0.019741861929399116,0.006790372733187773,0.14447352271569738,0.7869306981092796,0.04206354451243714
W38760,-4.8602657,2.3822174,11DC,0.8386447567551258,0.023942826388999316,0.0005279279238774337,0.13674673865535109,0.00013775027664750684
W38761,-3.5902305,8.061336,14Mo,0.02259106632527433,0.04665421459265378,0.4363731077092946,0.4495083611533693,0.04487325021940904
W38765,-6.0405517,8.433429,13Baso,0.052880875999555266,0.006185007285662141,0.14775916568811276,0.7539961769155852,0.03917877411108556
W38767,6.5466647,6.5140395,2Ery,2.3405851327392625e-05,0.004574490361034541,0.007868352020151617,0.13016769577233078,0.8573660559951567
W38768,8.352176,4.6157155,2Ery,4.158091555256075e-05,0.004843624086562439,0.0018623716075404457,0.131260967203431,0.8619914561869145
W38769,-5.7208004,10.700705,16Neu,0.006123480891267201,0.005073131489694077,0.08316009918957548,0.8545996545393368,0.051043633890127386
W38770,4.9109616,6.901423,2Ery,2.4654981440387224e-05,0.004673700731834789,0.06685989341413436,0.12101251246664431,0.8074292384059472
W38771,6.786704,6.9412465,2Ery,2.391318823451632e-05,0.004578692178210503,0.007840828024338279,0.13015139075385707,0.8574051758553607
W38772,-5.0692987,8.498886,14Mo,0.03508046685522748,0.0067256141955921705,0.15741747553368013,0.7635893310931293,0.03718711232237178
W38773,5.09398,6.679942,5Ery,7.812871025905466e-06,0.004440518592008663,0.042258744144009625,0.12476894876089341,0.8285239756320634
W38774,5.473961,6.682248,2Ery,1.07004661244549e-05,0.004419410077430985,0.01784977524990623,0.12855850252902018,0.8491616116775191
W38775,0.1043344,4.7589645,7MEP,0.003023970973942059,0.044394828029830434,0.8536120865174454,0.004680626738067983,0.09428848774071512
W38776,-1.8080169,5.9095807,9GMP,0.01106593547269101,0.05382700255434074,0.7716546523561411,0.10375916321856948,0.05969324639825872
W38777,7.1159697,6.080918,2Ery,2.8503167206381368e-05,0.004643761833364327,0.006147425004909711,0.13047193344655483,0.8587083765479657
W38778,-1.413611,4.9258485,10GMP,0.02631683468022668,0.10579624415528875,0.773900013866314,0.03555455114881098,0.05843235614936064
W38779,-0.5922052,5.259398,7MEP,0.004272146699363421,0.07259959032475559,0.8325641581361414,0.020577700912244475,0.06998640392749601
W38781,2.2859294,5.1435056,6Ery,0.0007740962698388078,0.012850311749697859,0.49411461788832295,0.061360354961920396,0.4309006191302209
W38782,-6.7803507,8.765997,15Mo,0.0328461678702389,0.0025138459780347584,0.08899993266442831,0.8297325700911843,0.04590748339611481
W38783,5.714961,4.6042066,5Ery,1.6446332914537373e-05,0.004470602271374689,0.015662362941320427,0.1291281093643314,0.8507224790900599
W38784,5.7943573,5.2836,5Ery,1.4393138739404121e-05,0.004466436061925831,0.016471910280830747,0.12890877461062836,0.8501384859078767
W38785,-7.7383285,10.654455,15Mo,0.00399904220406733,0.003861826877555168,0.02817239792232777,0.9029759413801206,0.06099079161593015
W38786,-4.867002,7.532244,14Mo,0.02938570182594033,0.01133785434789245,0.23241077060102502,0.690669911233323,0.03619576199182017
W38788,-0.6762404,7.035876,8Mk,0.006590947851059369,0.015345959696076722,0.7088070812547558,0.14532272358273102,0.12393328761537807
W38789,-7.9094296,7.295396,14Mo,0.0466983973966842,0.0008444911141885998,0.06229536837910009,0.8408902697847563,0.049271473325271715
W38790,-6.9148145,10.429473,15Mo,0.0038474273911352015,0.005453788666149781,0.07414900292701723,0.8616852688587462,0.05486451215695246
W38791,3.51874,5.7034826,4Ery,0.0003801602325227932,0.007845355157003022,0.27309177392551437,0.09372930911602739,0.6249534015689335
W38793,-7.23355,7.2719574,14Mo,0.04278872735890404,0.0017752837903479623,0.0829515132283737,0.8263406055092026,0.046143870113172725
W38794,-2.8852732,6.7120976,13Baso,0.021565302462512915,0.06437312861134255,0.6352117603814817,0.24553955725570797,0.03331025128895582
W38795,1.0967427,5.1570992,6Ery,0.0020029704434451965,0.026890595300494306,0.719802882259777,0.03381234820017609,0.2174912037961084
W38796,7.382455,3.6783135,4Ery,4.1340292452422604e-05,0.0048449843675295425,0.002825190304715032,0.1311625168563618,0.8611259681789422
W38797,-8.331009,7.206967,13Baso,0.08847303633791512,0.0011586742808538482,0.04989325424379235,0.8128149834476646,0.047660051689775135
W38798,6.4690003,4.978928,4Ery,2.8059107516666228e-05,0.004649880450290443,0.008167344750725171,0.13021174137214286,0.8569429743193259
W38799,-4.0383205,5.8085093,9GMP,0.025007765669015105,0.030460614063217588,0.4627237750589877,0.444965928985697,0.03684191622308363
W38800,8.67232,3.8614929,3Ery,4.484885829000926e-05,0.004897377266801755,0.0009520594295191797,0.1314324337211165,0.8626732807242736
W38801,-1.0466548,6.8110085,8Mk,0.0063196867440598915,0.014532895987595525,0.7234333428323579,0.1503107678759936,0.10540330655999393
W38802,-0.6725786,7.7891946,8Mk,0.006776395714970304,1.947142121541853e-05,0.6567395173343624,0.22005007077484184,0.11641454475461102
W38803,-7.3113217,9.882894,15Mo,0.007887694840583461,0.004424651255162792,0.07302690296404973,0.8594938020993281,0.055166948840876896
W38804,8.256595,6.58101,2Ery,3.386632498041563e-05,0.004712477130698757,0.00397489819888747,0.1308271446134682,0.8604516137319661
W38805,-2.090271,7.0997415,12Baso,0.007487573504067543,0.04167139372123464,0.7564995132575892,0.1809487823308185,0.013392737186290925
W38806,5.214289,3.4655368,3Ery,0.0001292949471578993,0.0043008828818321895,0.054815137449027294,0.1271762566420844,0.8135784280798992
W38807,-7.5953155,11.033722,15Mo,0.0026167646986042306,0.00376323964689355,0.021039999425347258,0.91084734191381,0.0617326543153459
W38808,-8.332818,10.257791,15Mo,0.0069203783132698775,0.00339997319266704,0.021493219231199512,0.9053123796100627,0.0628740496528018
W38809,-2.5866404,5.4357533,9GMP,0.012423849919498237,0.08423974185788137,0.701155779552817,0.1582284569041532,0.04395217176565104
W38810,8.546208,4.002698,3Ery,4.442815418387198e-05,0.004892112343890212,0.0010964338956209708,0.13140963315050339,0.8625573924558027
W38811,-4.3947563,6.0964947,10GMP,0.02561405388256104,0.03476412525653495,0.39656758216252935,0.5057114758465253,0.03734276285185041
W38812,-6.181997,10.270071,15Mo,0.005397052148769155,0.005389556388506378,0.085578562294999,0.8512447562106171,0.05239007295710931
W38813,-6.555235,11.209514,16Neu,0.0017263740066390766,0.004714851593397676,0.0457657018110792,0.8900707777864634,0.057722294802421595
W38814,6.204549,3.8035138,4Ery,3.564587904984205e-05,0.004701771623148386,0.009266011634176308,0.13030486934056312,0.8556917015230633
W38815,6.91461,3.1823087,3Ery,4.174318184031752e-05,0.004819143643467301,0.005830701900259415,0.13081924734774628,0.8584891639266877
W38816,-7.7012906,7.6100273,14Mo,0.03925492526306267,0.0011200364985167275,0.0615504659936328,0.8476779207889482,0.050396651455840664
W38818,7.4295573,2.7126553,3Ery,4.859997224398027e-05,0.004950381502910951,0.0009452335473054619,0.1315542008578872,0.8625015841196534
W38819,-7.6154294,11.268443,16Neu,0.0015420136562618609,0.0037259002132874097,0.016494011581004872,0.9158961359547955,0.062341938594651286
W38820,3.4295611,4.804235,6Ery,0.0003629945789077656,0.005934644382911318,0.27782868442531294,0.09701367878361643,0.6188599978292525
W38821,4.5872574,4.975414,5Ery,3.546676349692298e-05,0.00449646189494581,0.09830413599353333,0.11756264251411146,0.7796012928339134
W38822,-5.824843,6.544066,13Baso,0.02638885731084665,0.00871014434867928,0.2405956226503667,0.6797157469596333,0.04458962873047497
W38823,-7.447146,6.7223096,13Baso,0.03435051073345667,0.0018779257637119562,0.06934004836466136,0.8406427918807196,0.05378872325745161
W38824,-4.984527,2.4657307,11DC,0.8323108173593544,0.022704184149990186,3.2388609179734186e-16,0.1444080516977103,0.0005769467929458684
W38825,-7.979479,7.1630096,13Baso,0.05557276967025058,0.0009474887227231476,0.05961940237527883,0.8348977302166286,0.048962609015119715
W38826,-0.40413478,6.633417,8Mk,0.005959213823820281,0.021228587936593095,0.7466125388939794,0.12415210596598567,0.10204755337962254
W38827,8.162149,6.416971,2Ery,3.37914293665817e-05,0.004714889032689942,0.004078255558424932,0.1308191349626948,0.8603539290168247
W38828,-5.94984,7.8549824,13Baso,0.039795982514938835,0.0063084690497254734,0.1431803401068343,0.7713494978134514,0.03936571051505101
W38829,-8.269077,8.328511,13Baso,0.03311204214449907,0.0015661847203254375,0.05167625140620784,0.8585056517170373,0.05513987001193145
W38830,-0.28432557,7.480559,8Mk,0.005810815713327397,0.0027953359481956634,0.668600764662501,0.19043945986440164,0.13235362381157526
W38831,-0.5998423,6.371396,8Mk,0.00555877138676418,0.02607853072796234,0.7656194116479451,0.10210828526728573,0.10063500097004355
W38832,-8.576451,10.130829,15Mo,0.008208136791702026,0.0028966109991551015,0.006257783816061352,0.9185287077935643,0.06410876059951812
W38833,-6.017057,7.976251,14Mo,0.03664189865294092,0.00472022661481342,0.11114366554060938,0.8033739211739003,0.04412028801773702
W38834,-4.236878,9.415312,14Mo,0.014961189750541441,0.021559894438960468,0.3710707733999192,0.5640652641352701,0.028342878275309853
W38835,-2.4681628,3.95079,19Lymph,0.0074006245569765835,0.7741856696124519,0.029792443554779266,0.1250754677048536,0.06354579457093976
W38836,1.5239915,5.22023,6Ery,0.00136418660118271,0.019690422757730995,0.6239331404392874,0.04509637621736971,0.30991587398443016
W38837,5.2598033,5.0731955,5Ery,9.918100834440646e-06,0.004345185376763622,0.03608944891520253,0.12614263971763923,0.8334128078895612
W38838,-6.4487386,10.032335,15Mo,0.006365081798816048,0.005936784196563912,0.11462363613026613,0.8229828733162912,0.05009162455806384
W38839,1.0449891,5.364421,7MEP,0.0020369383399980977,0.03330716019778051,0.804668908275912,0.013563191447666864,0.14642380173864344
W38840,-6.6259646,10.429296,15Mo,0.006501671005313961,0.006831732884630227,0.09835926760661377,0.8363524178732265,0.05195491063021664
W38841,-8.579577,9.997839,15Mo,0.00836558696963052,0.0028446879265837683,0.004727955307074389,0.9191776561990286,0.06488411359768384
W38843,4.3625402,3.8469899,6Ery,0.00014026897771519896,0.005072340502814718,0.12094927120377502,0.11627867478162558,0.7575594445340703
W38845,-2.7176871,6.628803,12Baso,0.018579274809807502,0.05032000086419156,0.6355237381703124,0.26400178802924495,0.031575198126444534
W38846,7.8105435,6.033009,2Ery,3.5896203978743676e-05,0.004751369809795372,0.003720883721555378,0.13090036602621513,0.8605914842384564
W38847,-8.128883,6.800067,13Baso,0.0749187942476579,0.0009979238266837236,0.05492216915519854,0.8209823337682234,0.04817877900223736
W38848,0.7687995,3.9858963,3Ery,0.0035369163103699535,0.039637493763443284,0.7653898969875574,0.014559499997755165,0.17687619294087514
W38849,7.7152843,3.1065595,4Ery,4.6692684427601196e-05,0.004928630284110462,0.001044845289322551,0.1314918045675866,0.8624880271745538
W38850,-4.00479,8.589142,14Mo,0.01546509786664833,0.016029852765514163,0.3663584784536021,0.5691139474479805,0.03303262346625588
W38851,-4.050455,6.2521176,10GMP,0.020835598800737324,0.03593273037923875,0.4307504575500177,0.4599586536466943,0.05252255962331283
W38852,-6.905021,11.04382,16Neu,0.001894971417916417,0.004754574349577206,0.05159747449116665,0.8852377583062131,0.05651522143512765
W38853,-7.354548,10.957476,15Mo,0.0022877995499507183,0.003805654793836449,0.026008870432272797,0.9072292161699637,0.060668459053977344
W38854,0.6762377,5.5407014,6Ery,0.0022243315255302586,0.031129653544130814,0.7828802965081588,0.020762298187394262,0.16300342023478684
W38855,-8.366417,6.860557,13Baso,0.05780591764005066,0.0018180919118993175,0.07059887888718926,0.8193954220951157,0.05038168946574609
W38856,-2.8351212,3.8575258,19Lymph,0.0008432472632409912,0.7910587905254479,0.016905691927617063,0.12686365444092965,0.06432861584276545
W38858,-7.741015,10.268538,15Mo,0.006962269996842343,0.003521262101752246,0.02906173680555674,0.899750064023517,0.06070466707233279
W38859,0.9794065,5.4521484,6Ery,0.002008244361779547,0.028436353302331165,0.7553146303950823,0.025236067625352052,0.1890047043154559
W38860,8.218078,6.7598553,2Ery,3.340849810245647e-05,0.004707785339321788,0.004382599346131917,0.13075860845459142,0.8601175983618534
W38861,-7.9826503,10.273947,15Mo,0.006240823867011514,0.0031532062088126395,0.013016397515770708,0.9145328336082676,0.06305673880013858
W38862,8.304409,4.2604403,3Ery,4.330154123583613e-05,0.00487306397853336,0.0014502857784140922,0.13134574987007958,0.862287598831738
W38863,-4.280467,8.082522,13Baso,0.024043476990444613,0.03144619843970119,0.39022488467539307,0.5201838353379771,0.03410160455648503
W38864,1.870775,5.4357023,6Ery,0.001038417889571463,0.017180865918988753,0.5921343191170936,0.04716551235298985,0.34248088472135746
W38865,-6.10939,6.7762055,13Baso,0.03657065253462037,0.006185727153628603,0.15724556982122348,0.7585205323192115,0.04147751817131706
W38866,-3.366517,6.751327,9GMP,0.017942019186637227,0.0260182786229933,0.5460726987210168,0.37130747801038333,0.03865952545897028
W38867,-2.427381,5.7191796,10GMP,0.018726635500434363,0.06926727876881311,0.7244808043977506,0.15080605401286273,0.036719227320140074
W38868,-4.551816,6.1568265,10GMP,0.025221216114276634,0.05010138335415081,0.3811380847431074,0.500583121116818,0.04295619467164803
W38869,-6.9841533,7.5072484,14Mo,0.03546938107143527,0.0030504486085684897,0.10766799358593643,0.8072853528234508,0.04652682391060991
W38870,8.159652,5.7931404,2Ery,3.5968791164538626e-05,0.0047520454332186475,0.0034034960260593138,0.1309533962341756,0.8608550935153828
W38871,1.6395153,5.439936,6Ery,0.0013630643626920843,0.019305276661861614,0.6227494162529977,0.046343634769665194,0.3102386079527844
W38872,-5.111698,6.0457993,10GMP,0.03490082459249506,0.019247757336077784,0.28748332001418914,0.6232766576564078,0.03509144040083114
W38873,0.59340227,4.9353676,7MEP,0.00264064968826984,0.040656222113438,0.8400006879749948,0.005277954278673647,0.11142448594462459
W38874,0.4239402,4.494627,6Ery,0.0030354887496162773,0.044298277888370825,0.8253099948129364,0.008233539430434622,0.11912269911864282
W38875,-4.6535215,7.933236,14Mo,0.048896558357196265,0.020683454224029722,0.23010219182193864,0.6671901969479428,0.0331275986488936
W38876,7.961209,4.989918,2Ery,3.8118939666843674e-05,0.004788345479214215,0.002922902426175595,0.13105652681749108,0.8611941063374532
W38877,8.177718,5.925887,2Ery,3.517680694486193e-05,0.004736872530445781,0.0035972531495376847,0.13091021301844175,0.8607204844946309
W38878,0.13967101,4.6153555,7MEP,0.004260114254933431,0.05290512777922632,0.8527308822239399,0.0054345838896904634,0.08466929185221082
W38879,6.5140314,4.886103,5Ery,2.44470474970223e-05,0.004596419981233191,0.011657024876220954,0.12971354628059667,0.8540085618144532
W38880,-7.3242855,6.2815886,13Baso,0.052806346728199303,0.001901671260832642,0.08351948473867184,0.8130634078702141,0.048709089402083176
W38881,-6.726923,8.216443,13Baso,0.04465957557547052,0.002727977925801028,0.09206181405381084,0.8160395284851063,0.04451110395981223
W38882,-5.2702007,8.38065,14Mo,0.03188533765738814,0.00833605466391629,0.1552036959943806,0.7658783293289857,0.03869658235533021
W38883,9.079253,4.632158,3Ery,4.305471011890104e-05,0.004865553781694862,0.0014174445421986635,0.13133512599604494,0.8623388209699436
W38884,-7.6853704,6.7790275,13Baso,0.0763603062274792,0.001329355573125479,0.06538466505667524,0.8108791102429236,0.04604656289979751
W38886,7.082236,3.9211357,4Ery,3.588559006456484e-05,0.004763872041967463,0.004336703643783496,0.13087802401149046,0.859985514712695
W38887,8.334765,4.229131,3Ery,4.335053261508175e-05,0.004874373854623873,0.0013844903943052355,0.13135329449239885,0.862344490726058
W38889,8.988376,4.7579045,2Ery,4.2607637261231e-05,0.004855453963488385,0.0014892937619294866,0.1313123241302723,0.8623003205070495
W38890,-6.3032,10.539391,15Mo,0.0035257822188395492,0.006925081615244399,0.10114450516925155,0.8349376319145256,0.05346699908213978
W38891,0.14374071,4.7920713,7MEP,0.0030986486150693026,0.04170454626441844,0.8409599886551257,0.009869501894904284,0.10436731457048326
W38892,8.3446045,7.180168,1Ery,3.3882216000572814e-05,0.004708052879851874,0.004151529452045937,0.13078679742779636,0.8603197380243063
W38893,-6.48936,10.348459,15Mo,0.006383917242094666,0.004225035135163527,0.054333350798601084,0.87939579340449,0.055661903419651826
W38894,8.268189,5.6231775,2Ery,3.84302456167944e-05,0.004790515603534269,0.002649227148918974,0.13109402937623665,0.8614277976256943
W38895,-4.191696,8.387197,13Baso,0.025051127281213587,0.024082055785998487,0.3241914868089283,0.595546749110891,0.03112858101296963
W38896,-0.07256317,6.303549,8Mk,0.004130690680357271,0.02496322951030274,0.7353731077071249,0.07169532763224513,0.1638376444699708
W38897,-4.8328457,6.293698,9GMP,0.023587882944378833,0.009687285105157964,0.3330235012242175,0.5721949668590403,0.06150636386720646
W38898,-1.9704965,4.0853996,19Lymph,0.013800614368141983,0.627747285656878,0.19032725233259898,0.10355194038554734,0.06457290725683468
W38899,-4.7897696,2.3924263,11DC,0.8382932726334689,0.027011535497547094,0.002280699480236471,0.13229858439099385,0.00011590799775488803
W38900,-0.9451974,6.6915164,8Mk,0.007993231973269475,0.02207455946494902,0.757073146390697,0.12254156608078726,0.09031749609029814
W38901,-2.4414027,7.3928666,17Neu,0.005928564403458726,0.035134299853206694,0.7225619323268527,0.2328402691285339,0.003534934287948877
W38902,-5.963353,6.3772397,13Baso,0.03862875435161322,0.011101078278161177,0.20720573759134953,0.7023613633702384,0.04070306640863871
W38903,-5.5192533,6.513948,13Baso,0.027959241693123353,0.007410337666787355,0.2344699383078415,0.6784270981473575,0.05173338418489135
W38904,-6.407215,9.388063,13Baso,0.016345599684755525,0.009845398609429488,0.21124232128769882,0.7198608401796981,0.04270584023841906
W38905,8.692038,3.805248,3Ery,4.507911460784937e-05,0.004903323623603072,0.0009426743535660858,0.13144325901627849,0.8626656638919454
W38906,2.1843026,5.1607113,12Baso,0.0022691405781712875,0.018145296023907544,0.5445096493793867,0.0817768755269013,0.3532990384916341
W38907,-6.9131336,11.029456,16Neu,0.0014611499215203675,0.004430997676240477,0.0438114704004753,0.8920127470353569,0.05828363496640796
W38908,-4.7376456,5.975302,10GMP,0.03194686951095804,0.030828839955322148,0.37660791066348115,0.509103982553158,0.05151239731708157
W38909,-7.406711,10.214587,15Mo,0.009456088088073675,0.003523782429004274,0.039853532653035824,0.8899666566417438,0.05719994018814357
W38910,0.28686407,4.7534494,7MEP,0.003066517067677331,0.04058877592678438,0.8483369284540143,0.00328753035089235,0.10472024820063251
W38911,-5.739605,6.8672013,13Baso,0.021824002544986225,0.007361148145866131,0.21283499379058987,0.7093856136420109,0.04859424187654795
W38912,-5.9558797,8.258007,13Baso,0.03385809676269679,0.005273001010581976,0.1300060802917023,0.7895445740591521,0.04131824787586773
W38913,-8.080873,9.834768,14Mo,0.011649749721344391,0.003275747942793574,0.04061588714343873,0.8848466875411549,0.0596119276512695
W38914,-6.513588,11.216639,16Neu,0.0012783781446802243,0.004715720697298312,0.04823862159953827,0.8884411163890857,0.057326163169398536
W38915,7.561047,3.1222386,3Ery,4.4828633694047416e-05,0.004898903321983477,0.0017646847540865609,0.1313686693588316,0.8619229139314052
W38916,-0.073119834,4.843593,7MEP,0.006751118436396577,0.04954717224763347,0.850149028199281,0.006076763748773876,0.0874759173679162
W38917,-6.7988696,7.4839134,13Baso,0.0412085218378843,0.002416687499532433,0.09506994675801145,0.8164403450841311,0.044864498820441766
W38918,-5.905157,7.265512,13Baso,0.03775294749774198,0.006117357250079608,0.15489288524753114,0.761906859240918,0.03932995076373035
W38919,7.1733413,4.0194335,3Ery,3.6283640693894705e-05,0.004767420502589743,0.004246106085416562,0.13089754509027732,0.8600526446810235
W38920,9.538445,4.4010124,1Ery,4.484876774448021e-05,0.004891881739074162,0.0008600355692948689,0.13143467299216144,0.862768560931726
W38921,-7.7147994,6.9001985,14Mo,0.039488199092032814,0.0015846373337742546,0.0719950700701877,0.8365248990661802,0.05040719443782615
W38922,-7.318461,10.644325,15Mo,0.003416080876331991,0.0038431746843398834,0.035557326502068116,0.8981655628308078,0.05901785510645308
W38923,-4.4125504,6.727228,10GMP,0.026683286586897132,0.02226605144005408,0.38838662560528364,0.5256775292652474,0.03698650710251882
W38924,-5.767044,9.256073,15Mo,0.020783687366379255,0.0050412487857361575,0.10511409278120389,0.8229307553014373,0.04613021576524439
W38925,7.145748,3.2212408,4Ery,4.315428693101428e-05,0.0048630897284538946,0.003288207659700201,0.13116248175890177,0.8606430665660141
W38926,-2.4574025,6.214678,9GMP,0.012865672682643475,0.062073306666341116,0.6945126075614797,0.18807456020629257,0.04247385288324409
W38927,-8.387056,9.375073,14Mo,0.016769480799561382,0.002286097103579892,0.022315312480485915,0.897506902950453,0.0611222066659208
W38928,-6.239176,5.7111125,9GMP,0.033695300940459395,0.006231259047367117,0.21493365065690145,0.695566697272785,0.04957309208248801
W38929,-4.7977996,6.0390534,13Baso,0.03180755569913248,0.023421858015783052,0.31087504232414986,0.5970167698699714,0.03687877409096419
W38930,-3.0082846,6.281418,10GMP,0.022642381980314163,0.05499427535749303,0.6509920187352173,0.23756681375614724,0.03380451017082928
W38931,-1.9567152,5.4632535,9GMP,0.008436988652800976,0.05891164911982449,0.8000850180423519,0.07944509730089512,0.05312124688412849
W38932,3.7099602,5.3094864,5Ery,0.0001590708429064155,0.005691830842525122,0.23074855411915046,0.09907929289651207,0.6643212512989068
W38933,7.5522676,6.0182266,2Ery,3.289948838643848e-05,0.00470742232864178,0.00487086668691723,0.13069784571594467,0.8596909657801108
W38934,0.4658997,5.2942924,7MEP,0.002570835312000323,0.039301213682814466,0.8527415853037724,0.005098013870146968,0.10028835183126676
W38935,-6.031171,7.715046,13Baso,0.047069815630000705,0.004417524445130415,0.11876082204425593,0.788918891801379,0.04083294607923498
W38937,3.3977761,4.63931,6Ery,0.0005197159530757803,0.005773829230869764,0.2618025380498606,0.10379991879224414,0.6281039979739507
W38938,1.066602,5.146138,7MEP,0.002253585350902873,0.03675841904915839,0.7949692837781794,0.015496072939509711,0.15052263888225065
W38939,-2.9621804,5.8286796,10GMP,0.015889638492978614,0.04188653266370216,0.6234065747792852,0.26333369159469455,0.055483562469340525
W38940,0.8787282,4.873798,7MEP,0.0022584804751464294,0.037410031883653175,0.8106561832642616,0.011343227087123894,0.13833207728981592
W38941,-5.511018,5.854171,10GMP,0.025539544345631483,0.009711141290607244,0.29162195811498276,0.6159436688557689,0.05718368739301065
W38942,7.028246,4.047182,3Ery,3.68811553129135e-05,0.004776779015487003,0.004511542831518853,0.130868908810488,0.8598058881871942
W38943,7.101023,3.8439906,5Ery,3.915890820582833e-05,0.004809648671244611,0.004145445549291658,0.13093839102314003,0.8600673558481189
W38944,-1.4123354,5.2532063,10GMP,0.006583840980478116,0.06938523595560417,0.8386223644054454,0.041894715901505494,0.043513842756967944
W38945,0.56067365,5.1361294,6Ery,0.0024705209409408876,0.03749263897860848,0.8141389367373643,0.012111074021940392,0.13378682932114702
W38946,-2.2997365,3.9822187,19Lymph,0.003791671901440548,0.7729550841464095,0.035345673070503035,0.12436697315650234,0.06354059772514564
W38947,-1.0256672,7.156776,8Mk,0.0065658514955007925,0.008880643287931797,0.7165648137465632,0.1678940683827718,0.1000946230872333
W38948,6.45808,4.3973455,4Ery,3.1961268282315445e-05,0.0047075921272710965,0.007142063426827362,0.1304369384912638,0.8576814446863564
W38949,-6.363195,7.9237275,14Mo,0.03951770539165428,0.003716011291983097,0.11499449708065188,0.8000204373889741,0.041751348846737486
W38950,-7.640403,10.952165,16Neu,0.003065772444562856,0.003644802411300698,0.017231893165640874,0.9137030084828085,0.06235452349568817
W38951,-7.2642837,7.7779803,14Mo,0.03345164822363243,0.002422997489446288,0.09725329257410387,0.8186758568825195,0.048196204830298815
W38952,-4.383332,6.2214556,10GMP,0.022646828489960125,0.02052659996853824,0.3996031068136645,0.5065667518261231,0.050656712901715056
W38953,-2.9573805,5.9043508,10GMP,0.017431158919781548,0.058686370035734986,0.6421108931091185,0.23987450112379824,0.04189707681156775
W38954,-7.635244,7.240877,13Baso,0.04452483747958808,0.0010755810577986668,0.07118226928041385,0.835148960739048,0.04806835144315242
W38955,-0.24949665,5.570193,7MEP,0.003142571039527467,0.04493188814655887,0.8431798176682166,0.01545632284067091,0.09328940030502715
W38956,-7.418333,10.608196,15Mo,0.005142975915393174,0.003542309536626584,0.024970703122106405,0.9060999145233847,0.06024409690249024
W38957,-3.9565651,6.550883,10GMP,0.027208966518840996,0.024634051051114648,0.4228128163667145,0.484279723120154,0.041064442943176814
W38958,-7.393624,10.305148,15Mo,0.008035590925059177,0.0037311295749614284,0.04907447650679045,0.8821651938651099,0.056993609128080075
W38959,-8.37453,10.43834,15Mo,0.006643617295443489,0.0030566938882796253,0.0061791337251018135,0.9199920919427619,0.06412846314841421
W38960,-7.161738,9.467921,14Mo,0.0140605749562184,0.004162106786107161,0.09308092774073577,0.8362806378536494,0.05241575266329033
W38961,4.6648593,4.4412613,5Ery,7.59186240524107e-05,0.004327053993481327,0.09513429558131661,0.11966830957634646,0.7807944222248042
W38962,-6.938442,6.523552,13Baso,0.05075120302554847,0.0037977223130672556,0.1135407467095528,0.7883766617350672,0.043533666216765396
W38963,-1.8731103,5.8157926,9GMP,0.00916774047736389,0.06346224266939765,0.8022919998845894,0.08705693712592627,0.03802107984272362
W38964,0.06522193,4.8303666,7MEP,0.0027708734065237505,0.04674238448130041,0.8594349692974771,0.004948677683458518,0.08610309513124122
W38965,-7.305403,10.124526,14Mo,0.005999325088380039,0.0037965182367800214,0.04601330829697521,0.8863040337433784,0.05788681463448735
W38966,3.8741744,4.5278735,6Ery,0.00013130137771966428,0.0043395444317523854,0.1749828742869746,0.10929008227902977,0.7112561976245245
W38967,8.497475,6.255425,2Ery,3.748972919267828e-05,0.004770402084771884,0.0030380423307258112,0.13101022740177715,0.8611438384535335
W38968,-0.6220212,6.2792416,8Mk,0.005181880527600139,0.02962932982010569,0.8075567837540452,0.07477575935740713,0.0828562465408428
W38969,0.11829153,5.082707,7MEP,0.0028980282943908363,0.04487188484097655,0.8438610204803346,0.0065663380338771464,0.10180272835042185
W38970,5.1217823,4.389202,5Ery,1.813066047656603e-05,0.0043716603558910366,0.0389091314963263,0.12604923318643702,0.8306518443008701
W38971,-0.06621456,5.8128796,7MEP,0.0039028057472721292,0.03634382067453681,0.8048648913105921,0.04735472262278457,0.10753375964481525
W38972,-6.9125905,6.786949,13Baso,0.04857528928987208,0.002561164480429911,0.09490789434153267,0.8091290912031753,0.04482656068499096
W38973,-0.07862733,4.825365,7MEP,0.0041282372795232065,0.047851409586800134,0.8638267864851376,0.004732020483262618,0.07946154616527747
W38974,6.2589035,4.0651145,5Ery,2.8584470501493556e-05,0.004643095799078475,0.00976192248116919,0.13006460253963006,0.8555017947096217
W38975,-0.58243835,7.698192,8Mk,0.0074769073996039164,0.007267012827237894,0.6044926116403595,0.22768827571529818,0.15307519241750145
W38976,8.3934765,6.684436,2Ery,3.5171513262034334e-05,0.004730012482170172,0.003677493952553819,0.13088043662939486,0.8606768854226201
W38977,8.001052,5.505118,2Ery,3.706095241036997e-05,0.004769162407800665,0.003076995130230445,0.13101680307477817,0.8610999784347813
W38978,6.516317,4.137349,4Ery,3.035372805245025e-05,0.004676116664445746,0.00809107959643059,0.13031672738150904,0.8568857226295631
W38979,-5.383242,8.712892,14Mo,0.030836082256876434,0.0075489463993253045,0.15009357357053651,0.7721893802775847,0.039332017495678086
W38980,-7.135703,10.784898,15Mo,0.0019113023346169205,0.003915648584039583,0.028769298241870463,0.9052096649256269,0.060194085913847124
W38981,-6.067075,6.1774974,13Baso,0.04930990103320977,0.012438194289640134,0.19426388854544974,0.7060970243797745,0.03789099175192683
W38982,7.7308836,3.8221047,3Ery,4.265962603202557e-05,0.004864981819061679,0.0017518493019866945,0.13130042899141436,0.8620400802615062
W38983,7.504121,4.608969,2Ery,3.749047316648638e-05,0.004785285495456859,0.0033586537623765734,0.13100910165626958,0.8608094686127316
W38985,2.8040595,5.5474377,5Ery,0.0012796590381285256,0.013084145109090756,0.4720168071206191,0.07627053247707147,0.4373488562550911
W38987,-4.8389935,6.7343426,13Baso,0.030698442357230443,0.026671657850575285,0.2966114574144003,0.6095144510382241,0.03650399133957082
W38989,6.4918246,3.9920325,3Ery,3.037727543796988e-05,0.004681209172727057,0.00734292601718322,0.13041803791216042,0.8575274496224923
W38990,0.23215929,4.2205477,6Ery,0.0028547528530371985,0.04094234356347239,0.8629125952237384,2.9134373917094933e-16,0.09329030835975274
W38991,-0.9112042,6.5031686,8Mk,0.00703237060381628,0.02088540516671314,0.76331474554916,0.1253833074917598,0.08338417118855171
W38992,1.6563356,5.754481,6Ery,0.0015951275976419275,0.017358983053312182,0.6225782679841197,0.05578621527893233,0.3026814060859947
W38993,-6.6799192,11.401422,15Mo,0.0011863082563715811,0.004261700809775269,0.04026874378031129,0.8961626264160276,0.05812062073751521
W38994,7.407113,4.8350964,2Ery,3.56596047523076e-05,0.004752652604737872,0.003964572685897224,0.13089535864578108,0.8603517564588326
W38996,5.5951805,5.4656143,5Ery,8.551860075250855e-06,0.004399417482808647,0.027519197498014975,0.12723289880589195,0.8408399343532101
W38997,1.2925496,5.7916627,6Ery,0.0031087329904361583,0.01970434682358086,0.6377066236331206,0.07450501462783315,0.26497528192503017
W38998,-2.4847214,6.5993114,9GMP,0.009154877365463374,0.033499070234728735,0.7356077751940292,0.16190586577772106,0.059832411428058535
W38999,-0.47379935,6.922631,8Mk,0.006578283074814494,0.01228272698892302,0.6935633493426663,0.1776822406454217,0.10989339994817542
W39000,-8.266608,10.19068,15Mo,0.007322462761588563,0.003010232500287693,0.007814678302241595,0.9179032823164268,0.06394934411945627
W39001,-7.525383,7.233816,13Baso,0.040836328191396244,0.002449575295440586,0.09751172452612802,0.8127508938771612,0.04645147810987493
W39002,-3.2006857,5.9995017,10GMP,0.0191793953261862,0.04994263108656519,0.5950423567785211,0.29735541014480754,0.038480206663920935
W39003,-6.216613,11.4516325,15Mo,0.0012682247625813796,0.005170504307820266,0.05642003930142021,0.8810979417467064,0.05604328988147277
W39004,-7.3395505,10.990214,15Mo,0.0026889688872152747,0.003781380749076228,0.026970205363573595,0.9058609627904627,0.0606984822096732
W39005,8.132824,6.4289293,2Ery,3.417351518977847e-05,0.004717243947954198,0.003862850974082705,0.13084888696816038,0.8605368445946139
W39006,-6.177555,7.223552,13Baso,0.03837741910405283,0.004115416811819679,0.12348930387374715,0.7916474657690203,0.042370394441361064
W39007,-5.300755,8.281396,14Mo,0.03966539119722932,0.008700774678693337,0.1667916266906123,0.7479324514104265,0.03690975602303955
W39008,0.31762385,6.46872,9GMP,0.004541854322982085,0.016277118901213146,0.651038413715524,0.10924624091760232,0.21889637214267949
W39009,7.975461,6.072769,2Ery,3.350581043077716e-05,0.004711618303309943,0.004198546041966562,0.13079997226046036,0.8602563575838332
W39010,7.389693,4.308917,3Ery,3.647622455511176e-05,0.004770448241615589,0.0037714130527352974,0.13094800154648234,0.8604736609346125
W39011,-2.2352753,7.0682344,17Neu,0.005074520052703424,0.03923316355933242,0.7918832310594689,0.1602403508456999,0.003568734482796297
W39012,-6.029272,11.295561,16Neu,0.0010024965677903784,0.004535666036170226,0.05087284582206906,0.8872939272649605,0.0562950643090108
W39013,-6.5657363,6.7468085,13Baso,0.051060594880074264,0.004178615601278685,0.12221779813528723,0.7811634091279086,0.041379582255452164
W39015,3.463462,5.663647,6Ery,0.0002382493976231543,0.00675810072821279,0.2859709834004476,0.09085405362157767,0.6161786128521397
W39017,-7.531481,6.677442,13Baso,0.04666695570406612,0.0012258436033332524,0.07152204956478338,0.8322633948549762,0.048321756272842006
W39018,-3.3618672,6.0150886,10GMP,0.021146078597529747,0.06434527388423739,0.6090563979161662,0.2739776296297867,0.03147461997228094
W39019,-6.096865,7.9745307,13Baso,0.04308991951793074,0.005044507920172259,0.12844339590464565,0.7830571858018344,0.040364990855417976
W39020,-5.2225385,7.7616773,13Baso,0.05636896380614112,0.006659084724660113,0.145171147248128,0.7551914099692577,0.036609394251814115
W39021,5.56548,5.496254,2Ery,1.0915272683708529e-05,0.004417845757445197,0.02485440669905007,0.12765997575018095,0.843056856520641
W39022,0.06493737,4.193606,6Ery,0.0033793655653726737,0.050863039085257154,0.8511837414730984,0.003598088252641301,0.0909757656236314
W39023,-8.730375,9.794588,15Mo,0.009603981963531169,0.0026614718279205567,0.007720137201629431,0.9142047451351071,0.06580966387181265
W39024,-7.015814,9.409607,14Mo,0.018354867015487587,0.0033483840340226153,0.07633505340968988,0.8512003450272001,0.05076135051360089
W39025,-7.6500154,7.3549056,14Mo,0.040537202344618925,0.0012134679145001926,0.06554814629330535,0.843070547627658,0.04963063581991854
W39026,-5.6375446,6.5531445,13Baso,0.050425894455355204,0.010640959649182703,0.1931648621720747,0.7088643771878128,0.036903906535575584
W39027,-5.1201615,8.100804,14Mo,0.03940749267417473,0.010287390162146944,0.1806344176693295,0.7342727526060897,0.03539794688826008
W39028,3.424513,4.8147874,6Ery,0.000284091075791778,0.005981462925911637,0.27178738792611273,0.09568984885772827,0.6262572092144566
W39029,-6.1776676,7.675938,13Baso,0.04789486813883722,0.004202468208321847,0.1176513743776587,0.7896992174936588,0.040552071781524396
W39030,-1.4462024,5.096874,17Neu,0.007212565615231505,0.0877720871713106,0.8207812181832971,0.05276348636169039,0.031470642668471466
W39031,6.5609117,5.3780484,2Ery,2.4359533981899606e-05,0.0045923354664707755,0.013250288018594661,0.1294539531034323,0.8526790638775212
W39032,0.5950291,5.0186973,6Ery,0.002375816350257439,0.038713575576615145,0.8380237134685659,0.005429301568308291,0.11545759303625423
W39033,-0.13998336,4.921328,7MEP,0.0032950623941226218,0.04706087298127976,0.8623822658486272,0.005784136295512293,0.08147766248045901
W39034,-5.314852,6.2380023,10GMP,0.027100588319512044,0.015193747236146268,0.3229008534820563,0.5930757980055278,0.04172901295675864
W39035,-4.563782,6.3746753,10GMP,0.029608975278054915,0.029620321518984218,0.33532371674910944,0.5692986373863399,0.03614834906751248
W39036,3.214563,5.3720345,6Ery,0.0003846978865650729,0.008029822685598292,0.3404612937790197,0.08426073992933673,0.5668634457194811
W39037,-6.4715714,10.314479,15Mo,0.005033444796411479,0.005093668985351857,0.08170234210850959,0.8548920009861675,0.05327854312356066
W39038,-5.891288,11.182425,15Mo,0.0018375177077678585,0.004987306210037996,0.06450514156823274,0.8741266057757462,0.05454342873821621
W39039,0.37137324,4.4811826,6Ery,0.0027350218166874167,0.048291132214358164,0.8426199432298169,0.004187395534077254,0.10216650720506112
W39040,6.378169,3.880797,4Ery,2.9036688119207578e-05,0.004657943128043898,0.008369337978218537,0.13028080243301654,0.8566628797726028
W39041,-0.66888106,6.3618402,8Mk,0.005185698228112203,0.018657679227854922,0.7664740141182429,0.10146981874684051,0.10821278967895048
W39042,0.6531927,4.313983,6Ery,0.0027943998470447698,0.04395872492819991,0.8219963233112896,0.006353068233964612,0.12489748367950217
W39043,-5.418813,8.484921,13Baso,0.021228358366301943,0.009184436465421192,0.2056593316650065,0.725379861307264,0.03854801219600737
W39044,-4.8442683,6.816372,13Baso,0.02830698493851328,0.01734886295068889,0.291233986433047,0.6267132496439668,0.03639691603378518
W39045,5.7374034,5.1907783,5Ery,2.4047415081335777e-05,0.004580167579020917,0.030148329491451676,0.12699443160507065,0.8382530239093764
W39047,-3.140336,6.7167864,10GMP,0.02010513863136217,0.04711772255140804,0.6169671136838242,0.28950618933227773,0.026303835801128907
W39048,-0.34063962,6.899281,10GMP,0.0048635861309791455,0.011422169730980931,0.6994862266031661,0.12310992727114424,0.16111809026373067
W39050,-5.1434054,6.2018313,10GMP,0.026580090950339755,0.013063081056192733,0.3006795035915051,0.6120354608002663,0.04764186360169715
W39051,6.3388433,5.4773107,2Ery,2.2806388471017878e-05,0.004580748968118196,0.011919050702669838,0.12961568215478753,0.8538617117859544
W39052,-4.618153,2.461622,11DC,0.8352705374708593,0.02973955119561322,0.0041109324861223024,0.13058246198542234,0.00029651686198375703
W39053,-6.56943,10.66296,16Neu,0.00261621532146993,0.004674543902835092,0.059817030293564916,0.8774454590451919,0.055446751436939196
W39054,-7.4861755,9.755414,14Mo,0.010244866164999958,0.003596229621053454,0.05780955467085733,0.8713959261858093,0.056953423357280875
W39055,4.4394994,5.1720734,5Ery,9.436100992446744e-05,0.00532337773255092,0.14725597946547825,0.11030097631230494,0.7370253054797424
W39056,-4.762665,5.8041425,10GMP,0.03171509100819758,0.03829761180545305,0.34897757519109324,0.5466391699338432,0.03437055206141378
W39057,3.7766266,4.4570165,6Ery,0.00019323849417749567,0.004883629516030626,0.19966762145885178,0.10668831405101056,0.6885671964799306
W39058,7.676221,5.399698,2Ery,3.555346877805592e-05,0.004747257923943269,0.0035883907024068028,0.1309292103991372,0.8606995875057358
W39059,-6.1528563,5.977588,10GMP,0.039250202696175594,0.016447221173596954,0.2003853039340822,0.6985531065925176,0.04536416560362866
W39060,-7.145168,11.006191,15Mo,0.0012928168658831087,0.004059362705605901,0.0361386668562849,0.8998056217311506,0.05870353184107646
W39061,-6.235249,11.524231,16Neu,0.0013034304362312663,0.004768695777562575,0.05386437514344325,0.8842097186688783,0.05585377997388554
W39062,2.0187714,4.878422,6Ery,0.001269558289978312,0.0226583055913079,0.6401515565520886,0.03583724066315392,0.3000833389034723
W39063,-2.7420115,3.6916416,19Lymph,0.0038819551126892528,0.7843184353425816,0.021068857305734153,0.12677171694165443,0.06395903529734147
W39064,-4.5194516,5.7379003,10GMP,0.025597189938200572,0.02937905895486065,0.3711043397339841,0.531055961368226,0.0428634500047296
W39065,-8.531234,10.606937,15Mo,0.004906362833854141,0.0031591442406228437,0.0003492613884357927,0.9260945318172622,0.06549069971982605
W39066,-8.038437,7.1098948,13Baso,0.05529543106711897,0.0007839333463937852,0.0571700941162775,0.8374562132590215,0.04929432821118917
W39067,3.887996,4.722336,5Ery,8.627020267964867e-05,0.0044353975462012125,0.19453461220905857,0.10517242788833436,0.6957712921537272
W39068,-0.48414764,5.466729,7MEP,0.004236072962737523,0.05632724681451487,0.8288311821937345,0.02008519987742186,0.09052029815159222
W39069,6.1800566,4.046728,4Ery,2.6030156712914425e-05,0.004610715859535719,0.010533311754269152,0.12994701678525591,0.8548829254442273
W39070,-0.9306277,5.016328,7MEP,0.0034492418205133366,0.046381221309136564,0.8432487765427158,0.03230777315397483,0.07461298717366045
W39071,5.933621,3.2562447,3Ery,7.0583031818068e-05,0.004726188427531979,0.01882901361109241,0.1300101403999137,0.8463640745296449
W39072,-3.1044862,3.955415,19Lymph,0.002097250006275062,0.7757310683223738,0.02133833940832218,0.13718529543349325,0.06364804682953669
W39073,-7.2068663,9.877679,13Baso,0.012264120464077084,0.004129872169328137,0.07371257473796265,0.8567076196748609,0.05318581295377224
W39074,-5.271618,8.145875,13Baso,0.040910979220914336,0.00937456284751347,0.17467638025373186,0.7391607688760983,0.0358773088017431
W39075,-6.8926606,6.767444,13Baso,0.028378981121613054,0.003826730472561995,0.13563881895032473,0.780714748270709,0.05144072118479231
W39076,7.786749,4.6058307,3Ery,4.005625128291592e-05,0.004823619552645708,0.0024589479975859287,0.13116215945640486,0.8615152167420816
W39077,8.767065,6.270249,1Ery,3.7245869690369505e-05,0.004761265925368106,0.002866756903718146,0.13102823734430852,0.8613064939569157
W39078,-7.1121826,9.393899,15Mo,0.016587267406689,0.0032507462732124987,0.06702841698321275,0.8607247608073746,0.05240880852951208
W39079,-0.37655598,4.710095,8Mk,0.0035577872830739148,0.06038505001727532,0.8506006602857925,0.013641844599086198,0.07181465781477306
W39081,-0.539669,5.1101055,7MEP,0.003951632828169244,0.05558393397438114,0.851215582766905,0.014716317346719295,0.07453253308382622
W39082,-0.46826306,5.3297067,7MEP,0.007385741370456084,0.053569715924297094,0.8513779644864964,0.014865322610499722,0.07280125560825171
W39083,-2.7910862,6.7387395,13Baso,0.021887846608759014,0.060485138637773744,0.6496238062223461,0.23692900011943005,0.031074208411692145
W39084,-5.445962,6.929274,13Baso,0.03799936879474999,0.01175811271869406,0.22487183056741497,0.6910591574396422,0.034311530479499815
W39085,5.112727,5.387633,5Ery,1.8334848979772647e-05,0.004459660524051228,0.04606602301405227,0.12461156289899299,0.8248444187139248
W39087,0.34949687,4.2189155,6Ery,0.004321580201496913,0.04776844678568474,0.8370782555488563,0.005071192655570364,0.10576052480839264
W39088,-8.104756,10.65132,15Mo,0.0048770720852746325,0.0033289943673469008,0.009247581684778926,0.9186320599677458,0.06391429189485481
W39089,-6.467838,7.1474605,13Baso,0.05159501239959148,0.00295583211375332,0.10367885129590948,0.7996969561503251,0.04207334804042172
W39090,-6.6907716,9.236062,14Mo,0.021289865582117186,0.003583864919501679,0.08042324846932909,0.8451669082441452,0.0495361127849078
W39091,-1.3355186,5.734169,10GMP,0.01008800807715224,0.05413151315154739,0.7894776702301018,0.062441483721744614,0.0838613248194548
W39092,-4.2950497,7.3691726,13Baso,0.0344972670721337,0.06666139254611553,0.34282362599400157,0.5221549449118654,0.03386276947588476
W39093,-0.10699386,4.4057527,7MEP,0.004928747463225011,0.053867898348471395,0.8415576978136292,0.006841977183397301,0.09280367919127804
W39094,-5.5710673,11.083705,15Mo,0.0015830580844958997,0.004982453465493175,0.06402287646980794,0.8750150190366162,0.05439659294358784
W39095,-0.5129576,7.4888835,8Mk,0.006353333584120039,0.005186579144476909,0.6658576788379437,0.1967180133938806,0.12588439503957982
W39096,-4.7690296,5.8227816,9GMP,0.027063077288695586,0.024861098858105238,0.3545897487018624,0.5551935946849302,0.03829248046640765
W39097,4.497389,5.31854,4Ery,3.7946986441809515e-05,0.00431837250749573,0.09450004344327759,0.11844204939659521,0.7827015876661908
W39098,-1.7885833,5.5800285,17Neu,0.01108163132382843,0.06713670821882414,0.8104144843733025,0.07152871415757737,0.03983846192646848
W39099,7.761197,6.110367,2Ery,3.3621723688951154e-05,0.0047131227495434275,0.004114966335280559,0.13081442742441463,0.8603238617670733
W39100,-6.1368732,7.213644,14Mo,0.037212137335386454,0.006387942561490773,0.15630672263692377,0.7597746505428706,0.04031854692332942
W39101,-7.3761888,11.307129,15Mo,0.0017725568178680727,0.0038357377141425225,0.0257390037248263,0.9081381452879946,0.060514556455169476
W39103,-6.910909,8.6697,14Mo,0.02404923761619682,0.003442307033740522,0.09187839859980161,0.8315017206916316,0.049128336058630415
W39104,5.0964284,3.7160385,6Ery,3.0194196327898298e-05,0.004189020718790811,0.057738097487047224,0.12417069429257777,0.8138719933052573
W39105,0.36115083,4.1313787,6Ery,0.004056940922788734,0.045733768639486895,0.7949484628751426,0.015635351880728027,0.1396254756818546
W39106,-4.072043,6.505716,10GMP,0.027875601584611515,0.02524107519453882,0.3934519384411865,0.518999658572382,0.03443172620728216
W39107,0.4687493,4.5357285,6Ery,0.0028249725411246362,0.04499960403930133,0.8563936629541083,0.002803659156103657,0.09297810130936297
W39109,-5.0605435,7.4126205,13Baso,0.032247563304344425,0.009966512461626515,0.21430870098667232,0.7070023649740762,0.036474858273281605
W39110,0.1869366,4.206794,6Ery,0.002911804774188421,0.04611016276099379,0.8420705460082852,0.00426520878619338,0.1046422776703401
W39111,-2.3762908,7.526433,12Baso,0.007007068708454666,0.041420657926595064,0.7329347982423033,0.20469726299897245,0.013940212123675359
W39112,8.014356,2.7687776,3Ery,4.839607138145782e-05,0.004960387736971732,0.0003594677405181869,0.1315995310222845,0.8630322174288451
W39113,-5.4852185,7.771075,13Baso,0.035632895482801075,0.010586595705913244,0.19467605037020955,0.7228232136094285,0.03628124483164877
W39114,-5.7349625,7.525774,13Baso,0.04533992035298573,0.0070664430345698664,0.14566012763258399,0.763774368507832,0.038159140472029444
W39115,-6.5997515,11.272566,16Neu,0.00042258062495477216,0.004099720723718013,0.03835078024500934,0.8990613742524532,0.05806554415386563
W39116,-5.3399205,6.5720243,10GMP,0.04581685067853495,0.01372731293442203,0.2411456009533589,0.6643925874833922,0.03491764795029288
W39117,-5.8100557,11.014118,16Neu,0.002492906836483659,0.005601223801350999,0.07135224724771792,0.8670656374065688,0.05348798470787945
W39118,-4.445838,8.19116,13Baso,0.03617467260042202,0.014861559517752835,0.23745640180048,0.6798333162875433,0.031674049793802804
W39119,4.6652236,4.965199,5Ery,2.186937117170727e-05,0.004228473722374389,0.07136699811118026,0.1216196125229658,0.8027630462723089
W39120,8.343262,5.4677734,2Ery,3.856652761663928e-05,0.004792777537025213,0.002608440758633063,0.1311021318555711,0.8614580833211549
W39121,-1.3890048,4.695487,9GMP,0.017224491297497587,0.07456475118169595,0.7999120690958252,0.03362235592254412,0.07467633250243799
W39122,-6.825092,10.90619,16Neu,0.0025870929234917284,0.003920762124641585,0.03932963304053283,0.8962833505278761,0.05787916138345871
W39123,-0.90755755,6.4319863,8Mk,0.0061717356833547905,0.02697942887736044,0.7771795927689643,0.09567102798637996,0.09399821468394133
W39124,-4.3794746,2.619842,11DC,0.8155759569013165,0.042029680354223845,0.016301569444147256,0.12458929952354182,0.001503493776771821
W39125,-4.6229506,7.0845776,13Baso,0.034776287102950255,0.031177185071340534,0.2628957218126399,0.6359929334243408,0.035157872588729516
W39126,-3.5435958,6.878648,10GMP,0.02381027578219337,0.03620423717557652,0.49117749147245293,0.41049144908190666,0.03831654648787146
W39127,5.6547723,3.7242727,5Ery,3.566179299965854e-05,0.004530931380246612,0.029174527868779138,0.1277884764152731,0.8384704025427024
W39128,-5.929437,10.413169,15Mo,0.008676457512222489,0.005268937494087913,0.08494808205737196,0.8499246008774295,0.05118192205888914
W39129,-7.5564456,7.7204623,13Baso,0.04248908717686507,0.001469380066785935,0.06459212409359365,0.8420523682943247,0.04939704036843168
W39130,-3.2137704,5.734091,9GMP,0.013223649063149967,0.13745100543370015,0.569335790793854,0.2291903980310826,0.05079915667821418
W39131,-6.6254935,9.491011,14Mo,0.01760182715981241,0.005312115070915762,0.13105416324103158,0.8001644038666289,0.0458674906616122
W39134,-5.156183,8.260843,13Baso,0.024179412951585818,0.009984516067419968,0.23802044418071588,0.6903712273740458,0.03744439942623354
W39135,-5.8215218,8.011482,14Mo,0.03751036851768465,0.005975743999402955,0.1400077370391551,0.7769341096471505,0.039572040796607776
W39137,-5.826576,10.452394,15Mo,0.004325209790027476,0.0050496579223758605,0.07676553977227575,0.861139397236079,0.052720195279242876
W39138,-6.823004,10.317708,15Mo,0.004372762779686818,0.003913492867155278,0.043923518250697485,0.8904039341573646,0.05738629194509675
W39139,-4.223108,6.6766562,10GMP,0.027145845957109616,0.02532186882154983,0.398282997758056,0.5072135329166645,0.042035754546621146
W39140,-6.9399886,11.024361,15Mo,0.0013575169616094577,0.004018289281289644,0.03356226925757865,0.9017265559343318,0.059335368565191504
W39141,-6.689301,11.089838,16Neu,0.0005334740890509489,0.00415094548204444,0.039889192791080885,0.8975058119881715,0.05792057564965331
W39142,3.3999252,5.483913,6Ery,0.00036333182137712544,0.007479999144207124,0.31188828826077586,0.08911007249902145,0.5911583082746195
W39143,7.103565,4.838649,2Ery,3.285990070382935e-05,0.004716103589152391,0.005243150421456878,0.1306864552096013,0.8593214308790865
W39144,-7.7973094,7.8664193,13Baso,0.0381859543196436,0.001060452711812634,0.055979238856762197,0.8534004782670722,0.05137387584471033
W39145,2.3591902,5.269727,5Ery,0.0008280210343707,0.01609661605608959,0.5137123715531021,0.05559122304074315,0.4137717683156955
W39146,0.3093219,5.4758496,7MEP,0.0026313748042762464,0.04226955156770797,0.8516376027315834,0.009012791098412,0.09444867979802143
W39147,-2.6848388,3.8126502,19Lymph,0.002691681420555155,0.7858731110948962,0.02075813629809874,0.12667955590742147,0.06399751527902943
W39148,1.5821474,4.9111857,6Ery,0.0017167449524180239,0.026848751849800328,0.6693060331564974,0.030471359642654048,0.27165711039863116
W39149,-6.371533,7.264146,13Baso,0.04415656625363407,0.003818239335665611,0.11466244939354359,0.7953767019629475,0.041986043054210186
W39150,8.202955,6.0174155,2Ery,3.470005713857476e-05,0.004728231573939059,0.0037104936526827204,0.13088475457629548,0.8606418201399452
W39151,-4.797211,2.48884,11DC,0.8323196930263265,0.027300731685229594,0.00062532508693455,0.13916085911553205,0.0005933910859783848
W39152,0.411806,4.5905027,7MEP,0.003158428725734053,0.04383126686238568,0.858844470769289,0.0017529299703202864,0.09241290367227178
W39153,-3.3453133,7.2845774,13Baso,0.019857815454009324,0.03523589814323211,0.44002622647651274,0.46648961437591563,0.0383904455503312
W39154,7.187694,5.1546936,2Ery,3.369788027005479e-05,0.00472555987748708,0.004602231815269285,0.13077380096219168,0.8598647094647829
W39155,-6.787224,7.388941,14Mo,0.044214424497135946,0.002587598274925167,0.09532417627043524,0.81345625317817,0.04441754777933446
W39156,-5.986661,7.678313,13Baso,0.06227409955260626,0.006178022106030579,0.13010013644234666,0.7636013678957453,0.03784637400327225
W39157,-0.52523947,7.733884,8Mk,0.00543406119869715,0.0011361754138893513,0.7036626222473518,0.17825077891616095,0.11151636222390168
W39158,-7.7132635,8.722851,13Baso,0.0226200542790221,0.00314999091433633,0.09408651248852298,0.8275227012117025,0.05262074110641721
W39159,-0.046113856,7.2235255,7MEP,0.004482548157295582,0.010970444241774511,0.6212840426190885,0.1454128242102832,0.21785014077155915
W39160,-4.062339,6.3545423,10GMP,0.020150756588505563,0.015435695244968978,0.4364460242695304,0.47197906914770266,0.05598845474929337
W39161,-4.2859173,6.547193,10GMP,0.029711335619733083,0.029440073868082547,0.4228086867612085,0.4844982984185405,0.03354160533243637
W39162,-7.411805,9.362801,14Mo,0.015607418751676538,0.003063860028630279,0.06552958090336296,0.8611688854049877,0.054630254911343455
W39163,-6.8690777,11.526388,16Neu,0.0008139045364222653,0.004086235078974346,0.03316017175273796,0.9027372912698394,0.05920239736202708
W39164,6.788565,4.8916063,2Ery,2.918465727203765e-05,0.004663436266687964,0.006579503739058927,0.13046283344188825,0.8582650418950938
W39165,-8.209247,6.9851108,13Baso,0.07475633011275623,0.0006908389637962657,0.0537873873346531,0.8229860941294681,0.04777934945932727
W39166,0.19944483,4.9273653,7MEP,0.002773018551159444,0.04334681320262456,0.8611731273850046,0.004245165999887099,0.08846187486132515
W39167,-8.02136,9.81573,15Mo,0.009763347697626514,0.002958218929635598,0.023685403363690443,0.9019909930612732,0.061602036947775406
W39168,7.666936,3.6751907,3Ery,4.280194514503917e-05,0.004868556369358649,0.0019108587900384833,0.1312999107677532,0.8618778721277057
