,umap_1,umap_2,paul15_clusters,11DC,19Lymph,7MEP,15Mo,3Ery
W31105,-0.042982515,4.9391413,7MEP,0.009776489751071333,0.05536991524835485,0.7989839606168524,0.017124500197098415,0.11874456763496652
W31106,-7.29048,7.8913746,15Mo,0.1320671938684974,0.028184287943409138,0.11055708123320775,0.6954726097787486,0.03371887865322986
W31107,8.920913,3.6123116,3Ery,4.459752375551296e-05,0.00017655348434786837,0.0016647016479510203,0.00011605338259557251,0.9979979191864413
W31108,-8.715149,9.499612,15Mo,0.036342562371540675,0.007765547012787667,0.03232397789752285,0.9121779700651373,0.011390112057696224
W31109,8.98244,4.066399,3Ery,6.083552860608216e-05,0.00024196704600704225,0.0022808743206026026,0.00015712927015812484,0.9972589492496641
W31110,-6.5154243,8.743474,15Mo,0.08225084545016847,0.03973064241430686,0.17867708158109277,0.6441903482345732,0.05515101971238692
W31111,5.072736,3.8488007,4Ery,0.0011353427875681595,0.0036687537949790985,0.0354437267069836,0.003817337999472452,0.9559343730469655
W31113,1.378745,4.4413023,2Ery,0.012281525644762866,0.06788095271294081,0.5456123328440408,0.02145746435955708,0.3527668310818397
W31114,4.614032,3.4123058,3Ery,0.002231205498415686,0.006351806456244618,0.06169653682331487,0.008365787715547218,0.9213543121288794
W31115,7.754226,6.3932805,2Ery,0.00018293620587182572,0.0007358956453869555,0.006930410089033567,0.0004643146641875957,0.9916857631168249
W31116,6.664053,5.812242,2Ery,0.00023279364530404378,0.0009282600869686089,0.008773765446247262,0.0006022072538246663,0.989462339647955
W31117,-2.5683348,7.315169,17Neu,0.04473669515025016,0.09181464109055477,0.5222715503000086,0.21093731512632172,0.13023982105185808
W31118,-7.834097,8.6683445,14Mo,0.116964447517406,0.02777130404138477,0.11180812046849103,0.7081213691061468,0.03533481335089818
W31119,-4.3723564,7.1258645,13Baso,0.10233743646828271,0.06707743491657475,0.2734803775089169,0.4771224176717565,0.07998171284509295
W31120,7.506144,5.1862526,3Ery,0.0001490973225841647,0.000592286908791516,0.0055927558889925745,0.00038717742053500536,0.9932781650914211
W31121,-0.006649152,4.0180225,7MEP,0.020466272317037723,0.0974961378884493,0.7049290312807541,0.02139955329683617,0.1557082680700437
W31122,7.2904825,3.1258366,3Ery,8.220759178167533e-05,0.00030143566901222807,0.0028576737185579057,0.00024012234887993715,0.9965183367076561
W31123,7.538723,5.0355964,3Ery,0.0001556404304607195,0.0006172435771403768,0.005830221685182384,0.0004051547788033445,0.9929912145578813
W31124,8.600008,6.163725,2Ery,0.000149113273438431,0.0006018212289543364,0.005660499512026693,0.0003752831193542297,0.993212638276596
W31125,-0.8384341,7.4859266,8Mk,0.040594282374501314,0.06446421355549962,0.457646345724829,0.1798043433857528,0.25748825224857796
W31126,4.713569,3.915215,3Ery,0.0017273518863479193,0.005867922052367377,0.05770875814475807,0.005539946629994343,0.9291554306441784
W31127,-5.1437883,5.9059477,9GMP,0.08736852031248091,0.06231083455569248,0.26439646540091466,0.4548438641896522,0.13107988968279755
W31128,-0.42173293,7.096389,8Mk,0.03544019606887691,0.058519824925539206,0.43993024871647085,0.15698484383865122,0.30912287262958066
W31129,-2.0927708,5.6256785,10GMP,0.04370266198951186,0.12160377608690584,0.6078733294920646,0.10735516021887344,0.11946409209146445
W31130,-4.5987387,8.477653,15Mo,0.11601563505508274,0.05865808073993975,0.22679569839432465,0.5398690042217025,0.05866103090767102
W31131,-7.335084,9.786362,16Neu,0.060458602275271896,0.020969337692361898,0.08632420110516104,0.8073893372265645,0.024858388387589088
W31132,6.685638,5.7824955,4Ery,0.00022521654662366493,0.0009053385219698306,0.008537765035393581,0.0005740678774915683,0.9897569550007711
W31133,-4.2535605,6.3367877,13Baso,0.08466407484984656,0.07081699364260766,0.3055897943648582,0.44297958633480067,0.09594909741711585
W31134,-2.219283,6.098724,17Neu,0.033009470236242455,0.15158968927387206,0.5789960049844267,0.12881260633320862,0.10759210190892594
W31136,8.229297,3.7720444,3Ery,6.457381771935946e-05,0.00024909320551930056,0.0023530595971553683,0.00017490144800771904,0.9971581533951966
W31137,7.8272395,4.999436,2Ery,0.0001367139687121084,0.0005445215544974251,0.005136685185261724,0.0003527619841192784,0.9938288273678598
W31138,6.768849,3.078549,3Ery,0.0001259975436756152,0.0004129659887981913,0.00390829935711903,0.00041269291371555806,0.9951398213644786
W31139,3.920943,5.29666,5Ery,0.004585771553036534,0.018644525009051314,0.1805287625792848,0.012261862270178286,0.7839782048630033
W31140,6.454656,3.6715126,3Ery,0.00031786763369138544,0.0010837908208316393,0.010303155217718121,0.0009992499018113426,0.9872955148264361
W31141,-5.7202544,7.0516257,13Baso,0.1580736904428029,0.047626731017003,0.16752872928183893,0.5760490913176756,0.05072149710121717
W31142,8.118655,7.5247884,1Ery,0.00018841878915368992,0.0007693047795503428,0.007214361160213508,0.0004632087507066202,0.9913639310227476
W31143,9.050803,4.455307,3Ery,6.356060326248758e-05,0.00025468526148256107,0.0023987805073290786,0.00016213986901956312,0.9971205658019036
W31144,5.968749,3.3591366,6Ery,0.0007708349651188322,0.0020181275023677097,0.018670183410246528,0.002928343974687208,0.9756121788487213
W31145,-6.072276,9.8092,15Mo,0.07546846117125824,0.031283337638946807,0.1277660147426841,0.7307108180330085,0.03477108280994329
W31146,5.378461,4.4766626,3Ery,0.000702520696636473,0.002636007263879514,0.025475698824989183,0.002023501375787465,0.9691617297998172
W31147,8.22752,5.704415,3Ery,0.00013788111201492846,0.0005542652415999266,0.005219231280663705,0.0003499531049521954,0.9937381293727625
W31148,-8.334054,8.053911,14Mo,0.13780728757032662,0.02509506549001396,0.09958857897176206,0.7061408560700283,0.03136835363654103
W31149,-2.7521448,3.7298682,19Lymph,0.0,1.0,0.0,0.0,0.0
W31150,-2.9810274,7.585816,12Baso,0.06318642692058334,0.06868969560221554,0.3661826789516632,0.3440218053768,0.15791903515965203
W31151,8.70292,3.6804798,3Ery,4.259458668387618e-05,0.0001686159229205372,0.0015908058964599432,0.00011098127249556904,0.9980868495183893
W31152,-7.486655,7.5224233,14Mo,0.1487678706577572,0.030287773138738764,0.11827478389853686,0.6665758197096521,0.036093776570616666
W31153,5.9150434,4.053491,6Ery,0.00044913585770108336,0.00164820544579629,0.015854218786547213,0.0013209775888852018,0.9807269651051003
W31154,7.105807,4.6799912,4Ery,0.00018956624241026976,0.0007353484904210303,0.006974173676308762,0.0005119158773686605,0.9915885044908458
W31155,-0.7433455,4.743268,7MEP,0.023358277137297167,0.09777793461642983,0.7070705884621431,0.03378064627941222,0.13801178377740972
W31156,8.395204,5.936741,2Ery,0.0001581712016373681,0.0006400380427627208,0.006011972108863138,0.0003941377408148655,0.99279508068908
W31157,-3.3646357,5.9576144,13Baso,0.0751531806431874,0.11365436042950847,0.42534215291317023,0.2758946845294106,0.10995464698198057
W31158,-7.4977517,9.826473,14Mo,0.046934442305298835,0.015553480407802897,0.06538416157630131,0.8527401519454779,0.01938772867199983
W31159,4.726878,4.3733172,6Ery,0.0015050340005935807,0.005322817047271181,0.05160020128824849,0.004647369587068648,0.9369240106941628
W31160,-1.2114888,5.3994107,18Eos,0.05423190574456946,0.15069451068229722,0.6093336193964761,0.07658004119168459,0.10915916335537951
W31161,7.223895,5.6933665,4Ery,0.0002255616947383654,0.0009085855025849604,0.00857384090156024,0.000571303135416689,0.9897201091581577
W31162,6.8714604,4.8542895,3Ery,0.00022387937169136103,0.0008606397373167651,0.008166483220625827,0.0006121225228248995,0.990136332757131
W31163,6.563403,5.0750494,3Ery,0.0003200673283841995,0.0012663144488141477,0.012090084734295984,0.0008441069086697424,0.9854789121742551
W31164,-7.618788,7.8451877,14Mo,0.15008654227689028,0.029780195222572296,0.11731411854290814,0.6667113654502876,0.03610781790289435
W31165,8.439215,5.519137,2Ery,0.00013510052925861258,0.0005426700324236729,0.005105480782397423,0.0003420385295951093,0.9938741747601192
W31166,-6.180852,7.211436,13Baso,0.14108046381829767,0.03835695096253052,0.14718375450002338,0.6290414484001875,0.044337291384094896
W31167,8.876543,5.7588716,2Ery,0.00013630733592383533,0.0005510841776304154,0.005174117777401067,0.00033992715834398464,0.9937980041963859
W31168,-9.124124,7.4622064,13Baso,0.17721575048059882,0.023308134761517357,0.0924500840201895,0.6772449686381041,0.02978134074419217
W31169,-6.5899463,6.645201,13Baso,0.1511531851763489,0.03979499356390291,0.1509164851061436,0.6117033154281643,0.046431956790925856
W31170,-8.742626,8.173448,14Mo,0.13568610299769654,0.022186351183042463,0.0884268269997502,0.7252408540867825,0.02846009299834023
W31171,-0.42331254,4.5307345,7MEP,0.0,0.0,1.0,0.0,0.0
W31172,4.6910763,3.4499671,7MEP,0.0017583610051390528,0.005181442753666751,0.05046177764229514,0.006501441190556515,0.9360966159181459
W31173,-0.43272984,5.0966415,7MEP,0.01296447928628461,0.07589202758192894,0.7525807063843846,0.02692303334334817,0.13163904490554346
W31174,-4.037222,5.916346,10GMP,0.09399845057530005,0.11343284068770669,0.3380213711871412,0.36003802713186733,0.09450836484145105
W31175,-3.1104596,7.335657,12Baso,0.06365439907737373,0.06935142573825548,0.3824308494444756,0.34056598749426614,0.14399705626331996
W31176,3.3129866,4.4364796,6Ery,0.007562799172671191,0.024485433718474874,0.24042096015962539,0.02556065375659493,0.7019693692336032
W31177,4.770334,4.839007,5Ery,0.0018962794667618619,0.006855047516116227,0.06647392856617845,0.005688754296052501,0.91908537701613
W31178,5.1526136,5.212995,5Ery,0.0013067000071863867,0.004829220522800827,0.04631986077753379,0.00383157392718232,0.9437120073875581
W31179,-6.902704,9.858998,14Mo,0.06310181388094185,0.026124759142158747,0.11364059853726098,0.7629662688379297,0.034166457107827855
W31180,7.4907575,5.547132,4Ery,0.00018418493005207493,0.0007352987922213777,0.006940761593996437,0.0004748670071177572,0.9916643033766012
W31181,-7.0057745,11.19231,16Neu,0.0432079209641384,0.01734392059734053,0.07102236678068025,0.8491443598264785,0.019281141460522313
W31182,-7.7878046,10.278083,16Neu,0.040345006837508475,0.012365067787132663,0.050906059806327,0.8814885042488764,0.014895324213176533
W31183,7.834867,3.6850026,3Ery,9.323403189407765e-05,0.000350738926355161,0.0033191725572700695,0.00026153098186592184,0.9959750553548429
W31184,7.0833535,5.5468774,2Ery,0.0002022999010163876,0.0008082501047675071,0.007622467124318481,0.0005202540308921005,0.9908461358342171
W31185,6.610882,5.8981333,6Ery,0.00027702997373382933,0.0011262877277496922,0.010623186280838231,0.0006971702464983375,0.9872756588602666
W31186,-6.321574,6.243715,13Baso,0.1600842151709415,0.04472516585693481,0.16593947422424946,0.5767916824784026,0.05245926053024272
W31187,-4.7218065,6.0698895,13Baso,0.10042968347564406,0.07011731551076424,0.2787009153978512,0.4521268873886139,0.09862452851351242
W31188,-3.4964306,6.246165,10GMP,0.08789356562525458,0.08090543268053782,0.36265850855226744,0.35336560353038154,0.11517613209957873
W31189,-6.9072967,9.758239,14Mo,0.0642238875625576,0.025677209557201056,0.10839065924057222,0.7710108367730255,0.030697290668592638
W31190,5.6891356,5.8354936,5Ery,0.0004985379794808687,0.0019709327516540818,0.018774667465232188,0.001326764743018257,0.9774284359919543
W31191,0.08362714,4.468735,7MEP,0.011811990745933483,0.06267524618138019,0.7389418599652416,0.02136013381045115,0.16520998477416116
W31192,0.22372517,5.430943,7MEP,0.011143210772437283,0.04827100525175526,0.7640135770372224,0.0276783344239568,0.14889322305283473
W31193,7.3735237,4.730391,5Ery,0.00015105034319419692,0.0005897411284106762,0.005581278251005196,0.00040331573096088325,0.9932741444482373
W31194,4.3655915,4.8688145,6Ery,0.0038976043673073853,0.013133245372068867,0.12252100621969796,0.012356050257858317,0.8480913211291117
W31195,8.776019,5.5844355,2Ery,0.0001261555378771808,0.0005094256015111784,0.004786005772718319,0.0003160147992516106,0.994261864319447
W31196,3.1143901,5.1856966,10GMP,0.01677918988402468,0.03709561770211009,0.31420689027486,0.07071121895853485,0.5612060382781147
W31197,-4.2914557,6.22651,10GMP,0.08296794012702315,0.06536080785950624,0.30304950882748494,0.3941144407524743,0.15450644518337875
W31198,7.86488,5.681798,2Ery,0.00016433931910087536,0.0006588277205749423,0.006209352360839211,0.0004194981053294364,0.9925473434967758
W31199,-1.1155785,4.5420365,7MEP,0.016570933722476398,0.1204160757792031,0.719923467047819,0.04970547624805145,0.09338376897674718
W31200,3.6927958,4.716976,6Ery,0.007534724556249889,0.02092437824416971,0.1870429541543857,0.027806801747551794,0.7566903100515715
W31201,0.6363948,4.744288,7MEP,0.012073012769915157,0.06835952275538597,0.6782251898475221,0.024251550019091253,0.2170899357072889
W31202,-6.583789,7.7894077,14Mo,0.12452349174966151,0.03604581405572873,0.14271632805299655,0.6526284041372669,0.0440859213596416
W31203,-5.3342667,8.885079,16Neu,0.10856406317926204,0.04062986066425221,0.15763868322890154,0.6499017777693079,0.043265295926592756
W31204,-4.1332955,5.768752,10GMP,0.0909700915446902,0.097408634841965,0.36133726454264475,0.3493180062069717,0.10096509379207946
W31205,5.5675316,5.7888193,3Ery,0.000576710850132392,0.0022771174597941792,0.02167629674627905,0.0015285181947662452,0.973940702924846
W31206,8.526059,3.2985451,3Ery,0.0,0.0,0.0,0.0,1.0
W31207,-7.687627,7.9795933,13Baso,0.15712050459684732,0.0278811233323621,0.10939378034620509,0.6719377155835404,0.033666934657363264
W31209,8.931653,5.9454117,1Ery,0.00012119505359686326,0.0004889880726165905,0.004596841064862058,0.0003046093367278648,0.9944878426629723
W31210,-5.8293824,8.87446,14Mo,0.1242192980365755,0.03706749774991723,0.14452616997145779,0.6531034950510902,0.04108317245323927
W31211,-7.1839247,8.513858,15Mo,0.13319918251834006,0.029797872993270677,0.11698307125518567,0.6850774431984422,0.03494231262130753
W31212,6.6068754,6.982534,2Ery,0.00025075239808862107,0.0010190507236338788,0.009616938008955597,0.0006293882216638524,0.9884831628433287
W31213,2.5148087,5.308216,5Ery,0.008806654505073825,0.03582863573674834,0.34044490630593516,0.02289128133297048,0.5920276083773127
W31214,7.4498653,7.474091,2Ery,0.00021571490714077167,0.0008821734826163532,0.008283502633030192,0.0005307404431212803,0.9900871022309297
W31215,3.8586366,5.4305196,5Ery,0.005360754195249543,0.021057706556503106,0.20413014307721364,0.014900761984616569,0.7545497427825707
W31217,7.955603,3.8850405,3Ery,8.862113138617866e-05,0.00034325627496790886,0.0032438211951175415,0.00023873675564378338,0.9960852690394845
W31218,-6.013776,8.6976,14Mo,0.12576369825382364,0.035725164750689646,0.14048462401663148,0.6575841389628377,0.040442182416777724
W31219,-4.7301393,5.846579,10GMP,0.11246485585077795,0.08318527069181474,0.2998690424346839,0.41244657666366574,0.0920334770188199
W31220,7.534758,7.0543485,2Ery,0.00019952161762865002,0.0008127392992732581,0.007642446212219382,0.0004949590652215789,0.9908496367270828
W31221,-0.20238236,4.331738,7MEP,0.0,0.0,1.0,0.0,0.0
W31222,7.200543,4.4488006,4Ery,0.000140586633485186,0.0005489247979474183,0.0051938130269172465,0.00037539055730308006,0.993740859378859
W31223,-4.0981097,5.9837403,9GMP,0.06836944661465157,0.057939461468674194,0.31135240686455745,0.35815149111071526,0.20418623173687997
W31224,0.10845386,5.7396417,7MEP,0.012280140057038641,0.042342237196642506,0.7556661742312729,0.03918461805305235,0.15052621909530148
W31225,6.9955974,6.848842,3Ery,0.00024037345419436818,0.000985653794196023,0.009242075135743568,0.0005885106962103609,0.9889426971368173
W31226,-6.2619967,10.882542,16Neu,0.052936852526681,0.025822120085610304,0.11076189459510392,0.7814952640703569,0.02898354856472305
W31227,-4.593146,2.4399097,11DC,1.0,0.0,0.0,0.0,0.0
W31228,-1.8898668,6.424313,10GMP,0.06419911339043387,0.10088567205344537,0.5523319273413381,0.14188262772351884,0.1406995462771628
W31229,4.6131706,3.7135854,6Ery,0.0022649818251501723,0.007291640668705477,0.0720989142207734,0.007676196866903533,0.9106677609468622
W31230,3.71109,5.1600027,3Ery,0.005404109170940705,0.017618830505664478,0.1671345405598722,0.017657949813857206,0.7921836885968703
W31231,6.5778017,7.0445576,2Ery,0.0007975869550213603,0.003551685094458158,0.03181441821912569,0.0015634372381037388,0.9622720861494393
W31232,7.3097353,5.501037,5Ery,0.00018582728259038057,0.0007375901734481467,0.006969755078161841,0.00048343023459255114,0.9916227934483641
W31233,5.319697,6.7736597,2Ery,0.001293318701851073,0.005547719615465296,0.05023646443567706,0.0025015548053793735,0.9404202122822829
W31234,7.9342985,6.397823,2Ery,0.0001950965985589836,0.0007916940309571792,0.007439931434859499,0.00048697848072144567,0.9910856022960373
W31236,5.3737106,6.6324277,5Ery,0.0007127478488896364,0.0029472897295788206,0.027795318190279594,0.001729997264987915,0.966813955886221
W31237,-6.083748,7.9982724,14Mo,0.14091643908641435,0.03944480462074183,0.15092422586617077,0.62484198449016,0.043872351717276596
W31238,5.9984684,4.0964994,5Ery,0.0005365168642448942,0.0019227568011505843,0.01842919152133728,0.0016134759666218304,0.9774975533650196
W31239,-6.6491537,8.088634,14Mo,0.1336274565269037,0.0329350535393293,0.12899231415513523,0.6659748829286399,0.03847021609624003
W31240,6.061717,3.7745166,3Ery,0.00036591318023856967,0.001248859065156037,0.011905585573529364,0.0011537624728931838,0.9853254627363367
W31241,6.3900504,6.750216,2Ery,0.0003195485080125221,0.0013146769643577211,0.012338985195522898,0.0007757586483159567,0.9852503087442075
W31242,-4.9375734,10.511647,16Neu,0.06785474289125627,0.03873797515619995,0.16535552645586082,0.6867344864127106,0.0413166467654537
W31243,8.687581,6.5254617,2Ery,0.00019300895662144834,0.0007985682658235445,0.007420831649243589,0.0004488290003270957,0.9911381151951949
W31244,-3.0432088,6.8876266,13Baso,0.08805825998950784,0.10267936047360501,0.477470512878656,0.23074159045182685,0.10104922904145168
W31245,-5.23218,10.537728,16Neu,0.06569121263291976,0.030968481342341477,0.12917641427338522,0.7403519469910763,0.03381146060505168
W31246,7.060069,7.497469,2Ery,0.00024097002657754064,0.0009901785996418357,0.009292235653687196,0.0005873372022475313,0.9888885273232448
W31247,8.82626,5.5685496,3Ery,0.00013436850166727293,0.0005421117514946366,0.00509578512108882,0.0003373326865903095,0.9938898446312949
W31248,7.534723,3.469337,3Ery,7.23712967104455e-05,0.00027010214223806804,0.002559368376421941,0.0002057210629418532,0.9968922196973052
W31249,-6.021461,7.556961,14Mo,0.1453961071163962,0.041050338993608396,0.15367332697517497,0.6148449037719906,0.04503517629578005
W31250,5.8841777,6.563425,5Ery,0.0006493931172859101,0.0027182650659073808,0.02570263676058778,0.0015775547636711425,0.9693514245840248
W31251,-6.9069767,11.5337105,16Neu,0.04484333658983188,0.01826105747691752,0.07512926233004903,0.841485565213116,0.020280500848856894
W31252,-6.158548,8.150014,14Mo,0.13906022454619718,0.0378957486659172,0.14762210467970988,0.6324086331661608,0.04301305502019773
W31253,-3.4380953,7.8133545,14Mo,0.08759205626155678,0.08695460524546578,0.38172725086216464,0.35559942151313056,0.08812575647594628
W31254,-8.61359,7.386631,13Baso,0.20061819001725886,0.024706072090093525,0.09733685014558208,0.6467119948229375,0.030627103106928358
W31255,7.7250595,5.2818217,3Ery,0.0001478799932755725,0.0005902909199147163,0.005565573908895214,0.00038000895559295756,0.9933156718127901
W31256,-5.1962247,8.498979,14Mo,0.11563377580339514,0.04554259834395584,0.1781763179426569,0.6121478761992517,0.04849907757011863
W31257,0.316784,4.6810546,7MEP,0.012790761490146787,0.07799721690199518,0.6958449051399705,0.023829886943695627,0.18953635585984277
W31259,-6.248795,7.1067553,14Mo,0.108386055990908,0.04444622617431565,0.18837883790077234,0.5984240694971681,0.06036471916797252
W31260,-2.9334772,6.9361405,10GMP,0.09946675116309106,0.10230730282921183,0.4650891213663525,0.23354744772909822,0.0995883354855875
W31262,3.8928912,6.307788,2Ery,0.0030827917313678297,0.013054656562840215,0.12509092579358436,0.0077114114161992995,0.8510594669268212
W31263,-3.3753717,7.3688393,14Mo,0.08277877755212623,0.08402371554526075,0.3863469020177313,0.34864481573728195,0.09820481302892324
W31264,-4.4747286,9.068005,15Mo,0.0928702257391748,0.05534646856387384,0.21948609312334605,0.5767462764589044,0.05555032726038543
W31265,-6.897299,7.894335,14Mo,0.1387958180475431,0.034351972771092816,0.13251431327460864,0.65421074956434,0.04012706299410632
W31266,-6.932581,11.1018095,16Neu,0.04395147373402167,0.017925190067014075,0.07404699515466182,0.8439738844024343,0.020102195777513304
W31267,-2.4566905,5.690261,10GMP,0.059425826532015426,0.13508348492574987,0.5379768278465077,0.14884265305628358,0.11867016515774408
W31268,-0.94226265,4.599181,7MEP,0.012513906719251107,0.12483645918105173,0.7482493157282517,0.02926732488390993,0.08513259645016757
W31269,3.818592,6.178908,5Ery,0.004296328736548171,0.018109450905160963,0.17935486725468255,0.010645825620100887,0.7875927288227339
W31270,-5.7481785,11.292136,16Neu,0.05991419362150763,0.02478770615200535,0.1015667728037247,0.7865116796837515,0.027219112939543225
W31271,5.4218407,7.0031533,2Ery,0.0009457080501766181,0.004026704234012939,0.03761130606231542,0.0021609323788145543,0.9552546011496057
W31272,-5.6267095,10.168095,16Neu,0.06596954430111762,0.03470384406839696,0.14761749772932323,0.7134158324788986,0.03829288619396816
W31273,-5.5009785,9.695501,14Mo,0.07760648624463297,0.039726407859577186,0.16861248117642078,0.6683037597019987,0.045750502490002995
W31274,-4.3513703,6.6779017,10GMP,0.09107700900504796,0.074574550495159,0.31443225587723095,0.4150890371182066,0.10482654227479175
W31275,-5.9793415,11.077106,16Neu,0.05453693809412718,0.024714744018278195,0.10219010720885825,0.7915214927921375,0.027036348147616195
W31276,-0.3313447,5.565086,8Mk,0.017115794723296236,0.08049259513796003,0.7031339593664018,0.036952331952375385,0.16230436202940943
W31277,0.40562698,4.335606,7MEP,0.013219191255247871,0.06739170458440641,0.7036265971096451,0.023708682533174836,0.19205303090877462
W31278,-6.8320413,7.5471554,14Mo,0.13731556940942274,0.03660791641483945,0.1395050702245619,0.6443910254574279,0.042180390806671735
W31279,0.10151079,5.3775845,7MEP,0.013269176037382036,0.060811019760281845,0.7400973092017129,0.03239241734993739,0.15342927789499444
W31280,6.879241,6.3392053,2Ery,0.00023377866691172915,0.0009518133952810566,0.008940599794528182,0.0005813656898394239,0.9892917106387592
W31281,-6.606892,7.471148,14Mo,0.15335729357929143,0.034681338379376134,0.13362721582894183,0.6386058048219841,0.039728345880445014
W31282,-3.7758138,7.631547,14Mo,0.09201468075885519,0.09711274159617639,0.3667415055417271,0.3621815883275099,0.08194865991412748
W31283,6.1814537,6.0008907,4Ery,0.0003842912589460524,0.001581299182895595,0.014882683909971309,0.0009382462410473873,0.9822128328015878
W31284,4.742543,6.1586623,5Ery,0.001639366891738448,0.006602239009329995,0.06354062138059464,0.004336712984024572,0.923880359462708
W31285,-3.9721773,8.020278,14Mo,0.10090512884881937,0.07890682743665098,0.29333517553184846,0.45388391345755696,0.07296820647240806
W31286,-3.9922996,8.096142,14Mo,0.10425299501879644,0.06543973547789912,0.2694096310496938,0.4942942934191311,0.06660271144585046
W31287,-0.5974041,6.192097,10GMP,0.025052605283528595,0.0794836162067725,0.6298323690428114,0.07820999175225858,0.18741986818096296
W31288,0.7996437,4.7628675,6Ery,0.011584396044272026,0.057764261383633525,0.6572878931997326,0.02336715736860104,0.249995453733058
W31289,5.3717055,5.8472238,5Ery,0.0010491808581244981,0.004199348015896922,0.04055060441273829,0.002784593977246663,0.9514155865699204
W31290,-5.7215133,8.28938,14Mo,0.12377782564454867,0.04139663004329499,0.16052475389707152,0.628943556809381,0.04535690683601701
W31291,8.511718,4.024507,3Ery,7.147391723132847e-05,0.0002832891815497232,0.0026702716525122197,0.00018559780256785524,0.9967890834761833
W31292,5.468979,4.3052273,5Ery,0.0006446408658901614,0.0024015989111090793,0.023315138627110488,0.0018803679172850435,0.9717577106091254
W31293,-7.3291965,8.902886,15Mo,0.10066830208325327,0.027286529895852524,0.10960799375116373,0.7292008191339445,0.033236345161365796
W31294,5.485282,6.029569,5Ery,0.0005356771236408606,0.002131317444886927,0.02034229030350457,0.0014137965966736195,0.9755762465451621
W31295,-5.4887476,8.612965,14Mo,0.12139731581571848,0.041609098194965916,0.16123181811810058,0.6312157920435021,0.044545615766018176
W31296,-6.1507134,9.163359,16Neu,0.121919864446126,0.03491326149525564,0.13796080737660785,0.6660545165792248,0.03915115188077248
W31297,-0.80641735,5.292503,8Mk,0.02281082930035199,0.0581305437604578,0.807520480013086,0.023463196354831597,0.08807440024645857
W31298,9.115197,4.43004,3Ery,7.169457251047937e-05,0.0002868674483169704,0.002701413667348585,0.00018320083884211101,0.9967565201391758
W31299,-7.8723097,8.7765045,14Mo,0.08337492649133244,0.0256551222187896,0.10790441080892495,0.7439560296711819,0.03910963214909447
W31300,-0.91828823,4.7729807,12Baso,0.013191067081736316,0.09028947552113695,0.7743589215976336,0.030389791560423266,0.09177029398369688
W31301,-7.6433434,8.224742,14Mo,0.0968683730198872,0.03364765514225728,0.14515806955364258,0.6686839020529711,0.055642028450533
W31302,8.661044,3.2262049,3Ery,0.0,0.0,0.0,0.0,1.0
W31303,4.0408716,4.940801,5Ery,0.004864325338112009,0.01750815347275856,0.1686912774983632,0.014529474595731562,0.794405941473933
W31305,-3.406898,7.795356,16Neu,0.08875511006752072,0.08589002324198516,0.37468531080449796,0.36679431742846047,0.08387430835977487
W31306,-8.328582,10.008635,15Mo,0.018525719144495523,0.0050334177942925485,0.021435678041025173,0.9481528343392849,0.006852438423781986
W31307,-7.6293297,7.436349,13Baso,0.17160200814466048,0.029527112027764008,0.11522842009134612,0.648242247245738,0.03540027406709385
W31309,6.667664,5.11794,5Ery,0.00023987994089188727,0.0009263344224378237,0.008790690481806147,0.0006523920955539527,0.9893901244695803
W31310,8.383248,3.0805888,3Ery,0.0,0.0,0.0,0.0,1.0
W31311,-5.043832,6.908363,13Baso,0.12318618259278963,0.0672154228955263,0.23167663599256985,0.5100555566668671,0.06786570139504504
W31312,-2.1264508,7.1271152,12Baso,0.04466964099342401,0.08045695601480925,0.49962009266247687,0.2142306069630996,0.16102235079626723
W31313,-0.67308885,5.180282,8Mk,0.0,0.0,1.0,0.0,0.0
W31314,-0.024969006,6.7633767,7MEP,0.02602057763783593,0.05613853980465344,0.5493670728498767,0.11162859033617664,0.2568441511215283
W31315,4.1758404,4.297141,6Ery,0.0032057482468903172,0.010283690438293072,0.09818492658884215,0.010683130889109804,0.877641850077338
W31316,8.038893,5.9081883,2Ery,0.0001614483970506271,0.0006513430500649681,0.00612615198575446,0.00040574575713880564,0.9926547040658283
W31317,9.138056,3.8143394,3Ery,5.5535385530070605e-05,0.00022157880056354254,0.0020880205328177616,0.0001427275526024226,0.9974919274476048
W31318,8.681322,4.464376,3Ery,8.748778155868768e-05,0.0003480861171399792,0.003282927979547952,0.00022610304727618285,0.9960550566231043
W31319,-7.657315,8.831456,15Mo,0.11641438111303518,0.026713243994209428,0.1061771004228868,0.7185787041074521,0.03211652037281156
W31321,4.456927,3.6593604,3Ery,0.00294939865265996,0.009854075099339376,0.09847351937946011,0.00980816491038716,0.8789142959511628
W31322,7.1391096,4.513862,3Ery,0.00021423353358016893,0.0008048345548753611,0.007634217974595395,0.0006029393647892457,0.9907433002068481
W31323,6.2097096,3.5804744,3Ery,0.0002833614970940818,0.0009371311087432745,0.00890190669824138,0.0009169758050151576,0.9889602488132005
W31324,0.62089634,6.310852,8Mk,0.01886193930740837,0.05038531438845034,0.5590517362059294,0.07228824572324632,0.2994117834475302
W31325,7.0264645,6.250723,2Ery,0.00022412109353949937,0.0009030883127627629,0.008515221687855767,0.0005686680411910385,0.9897882097551812
W31326,8.445577,5.28545,2Ery,0.0001423911309094805,0.0005692392170992263,0.005365288168219589,0.00036468804159273284,0.9935578659962105
W31327,-7.9408283,8.706441,14Mo,0.10480942362770161,0.024750450646842566,0.09998299214402843,0.7388022364106025,0.03165492428708937
W31328,6.8419676,4.275044,3Ery,0.00020673825499121183,0.0007848467160580432,0.007457206178957099,0.0005750423233160299,0.9909757429611538
W31329,-8.705162,8.708712,15Mo,0.099869109162894,0.018531873992905276,0.07533896589909439,0.7810204778849079,0.025239812131885076
W31330,-7.921681,8.148488,14Mo,0.12350474233935185,0.027581144446993992,0.10995261891955518,0.7042602462516975,0.03470129273639299
W31331,0.59174377,4.7835345,7MEP,0.011163063954874385,0.06451842168312029,0.6810925596667274,0.022643480293034406,0.22058168887698165
W31332,-4.8534126,9.599878,15Mo,0.08080750143148659,0.04638743239462772,0.1849023154458436,0.6390946337475769,0.04880762811805458
W31333,6.9644694,4.9322586,3Ery,0.00019417007946741552,0.0007671301185668434,0.007264853372518777,0.0005098484908915075,0.991263447470919
W31334,6.899088,5.529348,3Ery,0.00030220063959623174,0.0012206792249927023,0.011561952559265764,0.000766806809643827,0.986147776521814
W31335,-4.004297,7.8145757,13Baso,0.08254746658860258,0.06306081946292466,0.2784109038029882,0.4990372298019161,0.07694300244158689
W31336,-8.7603655,8.858503,15Mo,0.09704740666923219,0.01732874602620857,0.0697221278070547,0.7931773906739397,0.022724594153796553
W31337,8.495904,4.1211276,3Ery,7.3867090082993e-05,0.00029264110724091483,0.0027605521529571386,0.00019222060916385513,0.9966804431367798
W31338,-8.377621,9.016525,15Mo,0.0871455809395285,0.01843593080456923,0.07452240637275993,0.7959600568610333,0.023936230140951437
W31339,-7.7679543,7.448685,13Baso,0.16507753770119024,0.028522232271039012,0.1117127772333852,0.6601204548284455,0.034567040499940305
W31340,5.5335836,3.9626744,3Ery,0.0007395981530131631,0.002464757240435359,0.023469381137210223,0.0023757847495368767,0.970949949433325
W31341,-6.448397,9.6318655,15Mo,0.07644002825149689,0.028097085961474838,0.11447257784745779,0.7490158480436385,0.0319742292496037
W31342,-8.047958,10.243289,15Mo,0.021737034530362517,0.006446148725340351,0.02659987603428573,0.9372952492191063,0.007921708305313817
W31343,-9.1610985,7.7366304,13Baso,0.17592976755199483,0.022856313945351314,0.09071245943701213,0.681318100446928,0.02918365867118593
W31344,-3.0457592,4.5507903,19Lymph,0.0,1.0,0.0,0.0,0.0
W31345,6.2928877,4.1796255,4Ery,0.00031334269691571766,0.0011872765240602443,0.01133767578022849,0.0008819786220855278,0.9862792602500126
W31346,6.911158,4.6481895,3Ery,0.0002098883409627121,0.0008042148133512972,0.00762826295871545,0.0005761982899303832,0.9907809174942841
W31347,-6.338546,7.8014836,14Mo,0.12882039861871872,0.04089357003705475,0.16050092841543398,0.6215263398223065,0.04825852911519149
W31348,7.2015305,5.252429,4Ery,0.00020735707263427907,0.0008199954297713566,0.007766919151127535,0.0005443344911956764,0.9906608449211004
W31349,3.1149566,5.319823,6Ery,0.007694485642747149,0.026465027706817888,0.2568901842043154,0.023705807913869135,0.6852435978826171
W31350,-8.196431,11.014519,16Neu,0.0,0.0,0.0,1.0,0.0
W31351,-8.600605,7.9374843,14Mo,0.14506393192523703,0.024892580283594902,0.09851485599944422,0.7004444239367709,0.031084398552758852
W31353,8.578993,5.888066,3Ery,0.00014586237328928747,0.0005872168676245512,0.005528148149341316,0.000369497654917356,0.9933686940385582
W31354,-1.7574196,6.2755327,17Neu,0.030143393469681014,0.11317857089492613,0.6186136768400586,0.13015656020701927,0.10790802560975096
W31355,-7.533683,8.556509,15Mo,0.11550914555896748,0.026567247686125967,0.10546231332283623,0.7203418170013439,0.03211941283601168
W31356,5.5798154,5.119098,4Ery,0.0006679764508598597,0.002641460679561143,0.025212008218987322,0.0017938924357674567,0.9696841204154557
W31357,8.085135,3.6755073,3Ery,5.9573685407863326e-05,0.00023045482400298845,0.002175800133916764,0.00016060224231452758,0.997373361757875
W31358,2.8152795,5.273638,6Ery,0.00792039565397368,0.030730225832973343,0.3086368801268888,0.022223135809834555,0.6304883036863568
W31359,-6.5830073,8.325587,14Mo,0.1242579022264378,0.03633858823192252,0.14401796719518628,0.6525765282478438,0.042808799815574713
W31360,6.989852,2.775784,3Ery,9.154867991399842e-05,0.0002861508759121835,0.0027165306784421995,0.00032054182780439185,0.996585074863819
W31361,-5.2915115,9.522899,16Neu,0.08745219273122261,0.03728906755674271,0.14771189620619504,0.6885007152710958,0.0390456678705512
W31362,-7.653389,7.628838,14Mo,0.17783807561690898,0.028829814971689426,0.11308009287625753,0.645553207155701,0.03469885733656726
W31363,-6.972907,10.306787,15Mo,0.056540193097147,0.02121503091688943,0.08775276244359803,0.8100523810606813,0.02443944425174715
W31364,1.4155152,5.615716,7MEP,0.010763001537395641,0.04379882693431802,0.563637549625709,0.029610676271279588,0.3521889747121853
W31365,-5.7703314,6.4553156,13Baso,0.13519524534372712,0.05000611536062997,0.18982521496971635,0.566112592228171,0.058860546447017534
W31366,-5.4871144,9.669698,15Mo,0.07378067376258443,0.03889044751509108,0.17001665215830383,0.6710504105527105,0.046261521433689
W31367,-8.116472,7.343806,14Mo,0.185618053935202,0.027407930604217926,0.1074108981296517,0.6462153335975551,0.033347930828347444
W31368,8.260337,3.7752762,3Ery,7.389634062582084e-05,0.0002903150075245514,0.002743328245729945,0.00019518306685240437,0.9966970391082227
W31369,6.724791,6.603598,2Ery,0.0004024449774408709,0.0017016942740667768,0.01575263311570045,0.0009169820619324494,0.9812255071660012
W31370,7.8743534,5.2301164,2Ery,0.00013411211076181013,0.0005359317401379903,0.005051804356570497,0.0003438299020733946,0.9939338076683131
W31371,-7.7596703,8.704549,14Mo,0.09767788410393502,0.02724813320754666,0.11496222646779837,0.7225265695452878,0.03758522938154872
W31372,8.77646,5.6463284,2Ery,0.00012926152755630046,0.0005223574304456412,0.004905037728399881,0.0003227867085346315,0.9941200258851083
W31373,-7.8944435,8.518277,13Baso,0.09094180555125506,0.034182990504893825,0.1564041200834795,0.6588879667212585,0.059583195251369
W31374,7.890264,5.3823185,2Ery,0.00016095565519893903,0.0006406594660331569,0.0060485095061884025,0.0004163309097599613,0.9927329817460274
W31375,6.8760977,3.816393,3Ery,0.0002037560577711403,0.0007235400614138762,0.006858534714563502,0.0006124757514467692,0.9916012704261017
W31376,-4.0952134,6.279497,13Baso,0.08220586295605432,0.06779735019431674,0.33116582306531184,0.38704897006893835,0.13178134065180638
W31377,-0.9456432,5.954358,12Baso,0.026236116558999614,0.08648411344221808,0.6485965202973667,0.07769623296294573,0.16098602550795624
W31378,6.979105,6.4758935,2Ery,0.0002133392120509827,0.0008644645646991721,0.008136695253493946,0.0005348830145027484,0.9902498977129552
W31379,-3.4583957,6.073271,10GMP,0.07619212701568445,0.08514443627452487,0.4030384034219102,0.3166720181605384,0.1189522052703728
W31380,5.0816374,5.9284935,5Ery,0.0011892129870230788,0.004695835718288448,0.04490325004198919,0.0031971843485874007,0.9460138389271434
W31381,-6.3558574,6.962519,13Baso,0.1668739689773797,0.03933174132114404,0.14773810772255871,0.6018201744443261,0.044235972465401514
W31382,6.7633624,4.344008,3Ery,0.0002076987797209169,0.0007911929874173232,0.007516352920145621,0.0005752288677790938,0.9909090680329498
W31383,-3.1539729,6.0628285,9GMP,0.07870228146362637,0.10065094521952136,0.4639140630334296,0.24982947748957218,0.10690245214144045
W31386,-7.1394296,10.193412,15Mo,0.051434081619708055,0.018041708686861967,0.07426026881448271,0.8352672128695564,0.020996536144647783
W31387,7.8500056,5.841158,2Ery,0.00016558624712087233,0.0006670953704031274,0.0062779143644426045,0.00041858289440897773,0.9924701763508399
W31388,-2.6111088,6.18266,10GMP,0.06887995956154837,0.11332263980897796,0.5367576458537031,0.17244277605794495,0.10859588366411947
W31389,5.9752893,5.1990595,5Ery,0.00039371684804316776,0.0015220494280533206,0.014511065525367725,0.0010762182651821637,0.9824963753704055
W31390,5.429587,5.4055696,5Ery,0.000759085224715844,0.0029170343560265734,0.028278784834462146,0.0021235537044337056,0.9659209198968131
W31391,7.814388,7.0397205,2Ery,0.00018872649052200003,0.000767949845537601,0.007210499565002652,0.0004677197483549793,0.9913643824959179
W31392,-4.487215,7.6164355,14Mo,0.1117872804724663,0.05912009625743227,0.23497070213408802,0.5296942327009901,0.06442718576715326
W31393,-4.714574,7.1082683,13Baso,0.12195793896790293,0.07652435403942956,0.24520546953125086,0.4846821858178574,0.0716295020507292
W31394,7.651481,6.378571,2Ery,0.00018410080166959752,0.0007475297907028568,0.007030417243738057,0.00045902010568020404,0.9915782868168598
W31395,-7.2779546,7.6242185,14Mo,0.13022943261359068,0.031525030638473825,0.1243173497998037,0.6751540530924542,0.038774138554625234
W31396,-6.0194345,10.520669,16Neu,0.05895633206474384,0.02490665898058847,0.10291565597834734,0.785590088863186,0.027630873782780705
W31397,-1.4923825,5.314934,12Baso,0.026500343253700168,0.16499640632749876,0.6465111138262273,0.061188731673167185,0.10080303831514542
W31398,-6.192528,7.805163,14Mo,0.13852629713595768,0.037466685910674,0.14513701017784328,0.6359966576478446,0.04287317381900597
W31399,-4.5750947,7.823456,14Mo,0.17717699862209746,0.06565911894756488,0.2186663900564477,0.48166561244428774,0.05683143268670801
W31401,7.6268115,5.6295495,3Ery,0.0001746114025411626,0.0006980815250452053,0.0065838152956299205,0.0004479064006553678,0.9920949794560383
W31402,-5.198767,7.811311,14Mo,0.1292162498389989,0.050109961070966,0.18436983812169172,0.5823816633163329,0.053921948979291465
W31403,-5.94453,6.2227473,13Baso,0.13808551271132524,0.048123939585944936,0.17974664507897245,0.575961779147782,0.05808192337486036
W31405,-3.2695227,7.0727835,12Baso,0.0746626893813483,0.08784952360020874,0.4303468912840989,0.2931422460987055,0.11399789261649973
W31406,4.9724784,5.721441,5Ery,0.0011539816124258855,0.0045054644488596056,0.043298658638617316,0.003165398456516404,0.9478758342026867
W31407,-1.2318679,5.4429812,10GMP,0.026625756431108104,0.08857569862914268,0.7264651264090725,0.04930252348269734,0.10903010208343099
W31409,-4.5576987,7.719601,14Mo,0.12538907100276767,0.05783522105908533,0.20945217758405135,0.5497414560122154,0.05758169438873846
W31410,5.1754208,5.1388083,4Ery,0.0008871383363348215,0.0034084472818710927,0.03286246642181372,0.0025033000486831504,0.960338055166012
W31411,-5.823014,9.355245,15Mo,0.10770294438462974,0.03503297242785279,0.137930375072051,0.6805977560141843,0.038735591508898694
W31412,-4.9332056,2.5259058,11DC,1.0,0.0,0.0,0.0,0.0
W31413,6.7080193,3.2447116,3Ery,0.00015409707509876042,0.0005150505836445896,0.004883580974435714,0.0004950632991355657,0.993951946692443
W31414,6.4409733,4.4141755,4Ery,0.000293260166059198,0.0011256110404092435,0.010697187819620212,0.0008092803150225724,0.9870741085951761
W31415,4.500155,5.657457,4Ery,0.0025014427319491623,0.00999469169214641,0.0968496097963482,0.00671902602688525,0.8839344989255971
W31416,6.1840596,4.7605243,4Ery,0.0002665354751948193,0.001025410074491301,0.00975273032082549,0.0007315916229112458,0.9882231829956258
W31418,7.0687366,5.5492635,4Ery,0.00021019368030318345,0.0008410731694546235,0.007936111855397382,0.0005392809040126607,0.9904727118813843
W31419,4.699251,6.2007957,5Ery,0.0018917581318201122,0.007905537439489596,0.07469928919957634,0.004460520662569147,0.9110421628736732
W31420,8.281961,7.349485,1Ery,0.00017827126650575952,0.0007257974323687123,0.00681318029606475,0.0004412754297537812,0.9918407250359618
W31421,-7.4257913,11.282601,16Neu,0.03108231858249808,0.012058888048286462,0.049586357116200505,0.8937301399766417,0.013542135147676129
W31422,-6.9306316,8.244937,14Mo,0.1419627050205695,0.03181722365377413,0.1246366691010179,0.6644030226950725,0.03718026551132178
W31423,7.8535748,6.5189466,2Ery,0.00017764591517389254,0.0007172103099955999,0.006749778994534185,0.0004478856429857594,0.9919067944726808
W31424,5.342258,4.933967,5Ery,0.0006281910065849656,0.0022817026021878105,0.02187772899131402,0.0018590855278557026,0.9733527234279431
W31425,-5.858436,10.392793,15Mo,0.06196687746395089,0.02704963659759302,0.11166100095991993,0.7694485996909648,0.029873571228906257
W31426,5.586513,4.312015,5Ery,0.0008009496877502695,0.0026245145515517423,0.02499997731793461,0.0026146614151962714,0.9689593148887162
W31427,5.604319,6.7775655,2Ery,0.00038942490565783646,0.001588476212957726,0.015085475502040552,0.0009862221628539544,0.9819497207428441
W31428,5.4530535,5.4278383,5Ery,0.0006586427377997112,0.0025955063950975276,0.024786161909051942,0.0017563291332691098,0.9702027054321793
W31429,7.656668,7.547634,1Ery,0.00021616544282092445,0.0008916830046065332,0.008319548993701732,0.0005202655606084261,0.9900515475025247
W31430,-0.23478436,4.8183103,7MEP,0.0,0.0,1.0,0.0,0.0
W31431,5.8470984,6.9946647,2Ery,0.0005676222863656773,0.0024192454478747876,0.022396766295176753,0.001255219265285399,0.9733603827099673
W31432,-5.8723903,9.189902,14Mo,0.10286124691177553,0.035618734555461704,0.142309113378121,0.6791451724548203,0.04006550102236698
W31433,-0.73451906,5.6766324,10GMP,0.02305264414081276,0.0822787117020057,0.6711882605387489,0.0597872056828214,0.1636918693495329
W31434,6.406768,6.2932734,2Ery,0.0003353070145526235,0.0013727814694875799,0.012893474613359686,0.0008258347572607979,0.9845719013296146
W31436,-5.6719136,8.462145,14Mo,0.13233525289344947,0.04067110262719684,0.15581154228550223,0.6267283235751977,0.04445347283304447
W31437,2.0788536,5.2496305,6Ery,0.01016531552467685,0.046793050493441395,0.4727170814065226,0.02381948375791247,0.4465041819738522
W31439,-0.9116752,7.3744245,9GMP,0.040675606611530864,0.06154945274454665,0.42621848996284745,0.18854627288794265,0.2830084177358316
W31440,8.7987585,3.2216895,3Ery,0.0,0.0,0.0,0.0,1.0
W31441,6.001687,6.7201495,2Ery,0.0006109351725914131,0.00258845969273819,0.024012243119693914,0.001365475809953036,0.9714221416370334
W31442,6.2287307,6.051025,3Ery,0.00041282117156391743,0.0016783687192252106,0.015902719449806427,0.0010458220110502877,0.9809595908040669
W31443,-0.6710484,5.303244,12Baso,0.0,0.0,1.0,0.0,0.0
W31444,5.7117167,6.6246166,2Ery,0.0004664444890008307,0.0019057755497640892,0.017988850902129875,0.0011631777856839869,0.9784750108163418
W31445,-1.4501141,5.430197,18Eos,0.03999174478809499,0.17254487344105837,0.625959228557176,0.051922349925628226,0.1095810811852526
W31446,5.889288,5.657797,5Ery,0.0005180279363308779,0.0020586565028555557,0.019657966360635024,0.0013598048886662444,0.9764049096478399
W31447,5.719186,5.786039,3Ery,0.0010365826086675546,0.004268874521035935,0.04129488238433444,0.0025933869623660927,0.9508056576944373
W31448,-6.586682,8.630167,15Mo,0.10863510389070646,0.029277644764645776,0.11512497740436592,0.7135123997987246,0.03344976040310395
W31451,-3.6090326,7.149794,14Mo,0.08609965917509513,0.08816178559085454,0.4033786143381532,0.3234307306367949,0.09892823275739794
W31452,8.083237,6.5734243,2Ery,0.00017311812494234205,0.0007000558477559863,0.006585234504430808,0.00043482040080379644,0.9921060859770284
W31453,2.2130961,5.0416365,6Ery,0.010957435692473793,0.0628656727647901,0.393517522517229,0.02802743871432392,0.5046309850424924
W31454,-4.347417,8.810299,14Mo,0.1191380502236876,0.05773766874267858,0.22844881377805232,0.5352749097451953,0.05939995586763579
W31455,7.703478,7.6186657,2Ery,0.00021084184921250318,0.0008625785697702384,0.008091485375772731,0.0005171120155057769,0.9903171971096205
W31456,5.170271,5.760442,5Ery,0.0009714581185889226,0.0038580329677968595,0.03681592347343391,0.002569130010737921,0.9557847906540979
W31457,-1.4098593,5.19944,12Baso,0.019444817284323474,0.13053000651629434,0.6897277826103079,0.06559054377292524,0.09470665034429424
W31458,-0.16955502,5.3441577,7MEP,0.0,0.0,1.0,0.0,0.0
W31459,-1.7599375,6.199442,17Neu,0.03093957953822183,0.11621872911004351,0.6171388184229403,0.12832855459342105,0.1073744724346559
W31460,-5.2371902,8.984008,14Mo,0.11821374713620086,0.04091861576846964,0.1582328928220102,0.638767199147477,0.043867137801926866
W31461,5.757348,6.766873,2Ery,0.0005563660476105873,0.002294314349983374,0.021694480068571692,0.0013716905999997843,0.9740824108034006
W31462,4.6271486,6.3908267,5Ery,0.0016272374057482533,0.006653474115243205,0.06412829132056107,0.00417614086662906,0.9234141257683119
W31463,6.751166,7.5674233,2Ery,0.00024859516300663163,0.0010180444047346384,0.009588096171355233,0.000614158670970911,0.9885303643528484
W31464,-6.116191,7.3348403,14Mo,0.1699556335417255,0.038903565942050536,0.14661145476316403,0.6018199899564166,0.04270931180096001
W31465,-4.386809,7.9912353,13Baso,0.13273418305297316,0.06749315877256477,0.240572158361591,0.4972976030483364,0.061902346737795745
W31466,-7.7271104,8.445296,15Mo,0.12048480273647234,0.025389669489536925,0.10065678334264655,0.7229484413809308,0.03052032795554286
W31467,7.2437153,6.008056,2Ery,0.00021801623282116276,0.0008739588653024953,0.00824153523362352,0.0005565817524257387,0.9901092291959877
W31468,-4.8852544,6.874078,13Baso,0.11330438730093581,0.0621016563435388,0.2428552299289692,0.5058843802463802,0.07585383813786671
W31469,-6.728712,10.907471,16Neu,0.0489872915125644,0.01988643468383905,0.08212626209963113,0.8267159473949501,0.02228371827357133
W31470,7.469227,5.5826964,5Ery,0.00018571673106427655,0.0007425071984671535,0.007006386728154774,0.0004763204240733004,0.9915884828568053
W31471,-8.050146,7.000232,14Mo,0.21236103501304363,0.02808393449065047,0.10941249484580826,0.6163657232794886,0.03377692806423132
W31472,-5.1319375,10.021127,16Neu,0.07093998707906829,0.037710630414715646,0.15412364176280308,0.6973020580044785,0.03992317774521461
W31473,-6.0806384,7.940958,14Mo,0.12584601430510237,0.03748425789450651,0.14564046318525473,0.6480844276645672,0.042944761142817485
W31474,-6.0843987,10.8744335,16Neu,0.050414316913151666,0.021686714420705924,0.0896934273021847,0.8142006624709915,0.024004527885885137
W31475,-6.0152845,7.8154244,14Mo,0.14831524440755686,0.04175375579550663,0.1523971799440138,0.6133780593461482,0.044155647342661954
W31476,-0.70211715,7.11879,8Mk,0.03586702981354495,0.06999341269276084,0.51899814410912,0.13935957359968945,0.23577928386267896
W31477,-3.4974685,6.250562,10GMP,0.06662036437179879,0.07653718362573657,0.4087323752926551,0.30162403807958255,0.14648536897944753
W31478,-4.0343585,8.19833,14Mo,0.11136380486116264,0.06240293185468125,0.2486493889718964,0.5157673088885892,0.06181596236026687
W31479,5.1180744,6.0614724,5Ery,0.0008725892921838179,0.003485230822668003,0.03339695873188274,0.0023076588532617275,0.9599368946161595
W31480,0.2135026,4.0582557,7MEP,0.01256186282206754,0.06925519929136328,0.731420583653911,0.021190800450455353,0.16557071094749673
W31481,7.4054694,7.263427,2Ery,0.00022652586727384483,0.0009266878040500676,0.008690072692274065,0.0005545745206119937,0.9896013496159108
W31483,-4.4583616,9.619621,14Mo,0.06770207905715046,0.05809320105524213,0.27563580498033907,0.533641229994458,0.064927330966408
W31484,-6.3163657,7.371815,13Baso,0.17998133216777312,0.035057413379760455,0.1339942809415358,0.6110805951719239,0.039886375761252854
W31485,5.7259927,5.404242,2Ery,0.0003671869295278177,0.0014135942190063725,0.01349411607786484,0.0010119347868867289,0.9837125583915054
W31486,5.2325683,5.389278,5Ery,0.0007991330239253237,0.0030339907301803358,0.029125335241502275,0.0022642805259211573,0.9647766666453593
W31487,-5.1300726,8.29045,14Mo,0.14101754894085372,0.046645054196566664,0.17433634642450782,0.5897341594209033,0.04826660080204745
W31489,-7.9130635,7.4637856,14Mo,0.1427096470703411,0.02696301253579127,0.10608175087780733,0.6913363314822778,0.03290934932493487
W31491,-4.310503,6.48701,9GMP,0.09235218460064783,0.0702653766660078,0.29639257208055303,0.4340164709238284,0.10697274632658213
W31492,7.5589604,4.2455683,4Ery,0.00011800363468208835,0.0004615805250626445,0.004362479010646289,0.0003137771395826895,0.9947437293102822
W31493,-1.9921159,5.267385,10GMP,0.11583850793581335,0.15719425932280381,0.5500847056400372,0.07688386368849985,0.09999787278931539
W31494,-7.066772,8.518725,13Baso,0.10353862385727962,0.03153352186785068,0.12878732738680804,0.6969320081438193,0.03920848846068439
W31495,-3.8035471,6.344913,10GMP,0.06881609930076113,0.07026519071663839,0.3703858987141485,0.3183201322886536,0.17221166159824178
W31497,0.22366296,4.876212,7MEP,0.012994352429551059,0.07579617806393077,0.7168565149051317,0.023047200716665682,0.17130496385738864
W31498,-4.1038556,6.7536864,10GMP,0.10649330185959499,0.07969743779819419,0.34086183689405225,0.37908026203013817,0.09386640238460271
W31499,5.3206644,3.5682127,3Ery,0.0009048146366046402,0.0025847356835041304,0.02423584576204418,0.0032782592815667933,0.9689959771920448
W31500,8.183383,5.7823577,2Ery,0.00014470554574741223,0.0005810132201534945,0.005472076221924728,0.0003682831677459148,0.9934333162431485
W31501,-7.6123385,7.380409,14Mo,0.14184175630298196,0.028370369736899253,0.11139750710855587,0.6840058117795313,0.03438464362465428
W31502,-2.02977,5.443314,10GMP,0.1714581280897796,0.10175849923438951,0.5610108404070651,0.06844109383627427,0.0973306853380504
W31503,-6.0000076,10.009545,15Mo,0.06600147371961282,0.03536968978368677,0.15709575196927145,0.7011637582346065,0.04036916331618494
W31504,-8.773387,8.861551,13Baso,0.07332788300130055,0.015474908658914717,0.06504982658450556,0.8215959153301652,0.02455166092908219
W31505,-0.4307863,5.0218015,7MEP,0.010622758360444908,0.058625320355177424,0.8013485338596409,0.023080119952926824,0.1063226874049381
W31506,1.0733453,4.5451026,6Ery,0.011689428682421682,0.06340874541630769,0.6266946195564095,0.023053198857402632,0.27515311933749376
W31507,2.1008947,5.723624,7MEP,0.009142909941624469,0.03564894416093214,0.3831841311285889,0.02582790796631395,0.5461950883971702
W31508,5.00414,4.8817754,5Ery,0.0011547842840632346,0.004234320349975781,0.04080949449691128,0.0034065102510731737,0.9503942964624817
W31509,-5.604191,8.22682,14Mo,0.1267126365396296,0.04093431900767144,0.15845155784409307,0.628678193304036,0.04522297743639875
W31510,-7.0794573,7.1036663,13Baso,0.15023586044986992,0.03237691838078666,0.12576416859438286,0.6534560929862021,0.03816700046459948
W31511,-4.5090694,6.2603106,10GMP,0.11991975438593232,0.0766219763734186,0.29247934170042494,0.42477664470363613,0.08620153159164277
W31512,3.0437624,4.764085,7MEP,0.00792901832199784,0.027167112181619508,0.274743652890134,0.025439296822783723,0.6647200608835472
W31513,8.032711,2.89187,3Ery,0.0,0.0,0.0,0.0,1.0
W31514,0.027878728,5.168976,7MEP,0.0,0.0,1.0,0.0,0.0
W31515,-5.474255,6.82358,13Baso,0.13605491241715587,0.053357762160419105,0.188656742357016,0.5646475500641945,0.05728268932387569
W31516,8.171197,7.233042,1Ery,0.0001812926283970143,0.0007379716310522004,0.0069270822333326616,0.00044879627503052646,0.9917041053602056
W31517,-3.9765813,7.9048553,14Mo,0.12449437325345077,0.06725121721674836,0.2657154781867111,0.47606862971257136,0.06646966736793317
W31518,-5.731432,7.485481,13Baso,0.19081431652564523,0.043078147252847275,0.15959982873682482,0.5606180219437674,0.04588956615798701
W31519,-2.1760488,6.07918,10GMP,0.06537128345912731,0.09865636245259608,0.6025083150784448,0.12819947380043684,0.10526375042651752
W31520,-5.0370526,6.107799,9GMP,0.08820235155606769,0.055255319684241334,0.25883546581082956,0.46660152194755855,0.1311048382004898
W31521,6.8205633,3.019844,3Ery,0.0001016514740508035,0.000333746444249779,0.00315610204837923,0.00033313450404778074,0.9960751913317394
W31522,-7.0153155,6.391736,13Baso,0.1350291713208026,0.03631049194284182,0.14269097270522926,0.6379802028258018,0.047989134027599877
W31523,7.669446,6.9113197,2Ery,0.00020080617732390083,0.0008166815858409877,0.007673567190600914,0.0004993981521212429,0.990808795304441
W31524,-4.207211,7.37562,13Baso,0.10840638504680422,0.08434607562725209,0.27729748462594417,0.4560042785649772,0.07394510748243704
W31525,7.962481,6.2279053,2Ery,0.00016682086984366493,0.0006719938344115024,0.006326226414842849,0.00042221288820271335,0.9924120625477955
W31526,-0.110207476,4.335728,6Ery,0.013325888133621783,0.06859639886524596,0.7485131872160135,0.021465953110980318,0.1480978551187556
W31527,2.0013182,5.1462483,6Ery,0.010283282965785767,0.04606092029822915,0.45829654218418414,0.025186392809424734,0.4601718592832497
W31528,-4.8705597,7.6006722,13Baso,0.1278499791164916,0.057402943147496846,0.21147749275785216,0.5447293565167628,0.058539803600654444
W31529,6.266911,3.1691914,3Ery,0.00028750419231435997,0.0008888883103811825,0.008448721062234852,0.0010000994553819337,0.9893745608277439
W31530,-4.8058653,8.364532,13Baso,0.11656696560489775,0.0639270530891827,0.1889543702013515,0.5765820367210223,0.05396919865476094
W31531,-4.420668,2.591462,11DC,1.0,0.0,0.0,0.0,0.0
W31532,-6.0890408,10.138378,14Mo,0.06822207453792564,0.030669682269129188,0.12687639604707943,0.7398865057401488,0.034344968309240435
W31533,-2.278245,5.731822,10GMP,0.07685692336171308,0.12243768674165843,0.5733319733684622,0.10059022849471964,0.12678221423291888
W31534,-0.76244164,6.832388,8Mk,0.03644798753711262,0.06881609211883714,0.5180480352216476,0.13915389039842171,0.23753169672027832
W31535,-2.7098572,6.3596826,9GMP,0.06498541718359079,0.09641958008833887,0.4635583064098451,0.24774972316366903,0.12728603475387806
W31536,6.828476,5.662307,2Ery,0.00019493837587522067,0.000775003781825672,0.007323668242243372,0.000506500945694931,0.9911992465433088
W31537,-3.5493007,7.589979,13Baso,0.09593080467979698,0.12532061451494692,0.3309676221658115,0.3691503766640374,0.07862970196464189
W31538,-5.7496157,7.599089,14Mo,0.13493272913471688,0.040597415587665,0.1544580277233255,0.6246645480906253,0.04534714790011029
W31539,-2.836953,6.645484,13Baso,0.06395442358994212,0.0840844207326859,0.4906147701367567,0.24068903882599416,0.12065639904508293
W31540,-5.237881,8.528769,14Mo,0.13054261614026305,0.04440671051096788,0.17034609235236395,0.6078881255892545,0.04681606200755411
W31541,5.8090634,6.11023,5Ery,0.0004597423825232224,0.0018143421155444488,0.01730286863496994,0.0012243458359677613,0.9791980408470427
W31542,-4.872874,7.735725,14Mo,0.12705841001091586,0.0501808347952722,0.1945154522652779,0.5724590265133398,0.05578593653497615
W31543,4.1565814,5.7715607,5Ery,0.00311588371730492,0.012054568885291543,0.11396862398245367,0.008374607639700712,0.862485569722312
W31544,-6.354317,7.4178677,13Baso,0.13287995189382618,0.03649192107587651,0.14220729761267564,0.6455021147951413,0.04291864835915811
W31545,-2.497124,7.3997607,12Baso,0.043673894778849365,0.09129327827600435,0.5078543118963613,0.24020772243799612,0.11697109591226588
W31546,-5.871572,10.863985,16Neu,0.05350836225856633,0.02350112706167854,0.0975980678375126,0.7993804476529067,0.02601165711284978
W31547,-2.0313432,4.8528113,11DC,1.0,0.0,0.0,0.0,0.0
W31548,-3.0954647,6.984994,13Baso,0.07570421578511649,0.09925447124265688,0.45611969617099096,0.2626642756630855,0.10625632541458468
W31549,-5.858094,7.624063,13Baso,0.1415363454459443,0.03953715476605877,0.15217492236023009,0.6222085104321915,0.04454287831293858
W31550,7.2828546,6.7081904,2Ery,0.00023795266320323548,0.0009743123320086711,0.009143953695329665,0.0005823065504232515,0.989060737086469
W31551,6.222214,6.116078,2Ery,0.0003317550888502913,0.001336855510149418,0.012645670678696859,0.0008479962964898282,0.9848370361167105
W31552,-5.045147,7.8801513,14Mo,0.12134775421204358,0.04979546795275151,0.19251639899055803,0.5810864296199089,0.055253590680246836
W31553,-0.47799045,4.3771305,7MEP,0.0,0.0,1.0,0.0,0.0
W31554,6.2524843,5.6601467,4Ery,0.0005802001349918141,0.0022607451120667285,0.02169233873352977,0.0015923324219572022,0.973873730101671
W31555,2.4904454,5.1786323,6Ery,0.00817550950399009,0.035783116291703276,0.3502237435044828,0.020054875500322072,0.5857617944692652
W31556,-4.7610703,7.457248,13Baso,0.12238550840135166,0.06224751444534688,0.22737869117629317,0.5222605843456936,0.06572719351733496
W31558,-4.575172,8.281192,14Mo,0.10522944238715716,0.056778852060859704,0.2197993921438402,0.5582674318913405,0.05992443363310617
W31559,-6.016952,7.5207667,14Mo,0.14423797736203106,0.03756177076930239,0.14436181817166535,0.6311497135884923,0.04268857274830267
W31560,-0.021945689,4.858086,6Ery,0.015159397394560395,0.07131008160924943,0.7152026906698189,0.029540345554651157,0.16878669335135818
W31562,-1.8009598,6.0724363,12Baso,0.027377224089779887,0.1382730958051285,0.6092809466843205,0.11474799665490763,0.11032076686714712
W31563,5.4975524,4.188285,6Ery,0.0007558262437961532,0.0026630213932577686,0.025625056270693464,0.002323763879212028,0.9686317888765928
W31564,-3.7606447,8.001924,14Mo,0.08299504002077977,0.07289540291519145,0.3337761448380118,0.4279865098521104,0.08234649342249228
W31565,6.7236533,5.4436502,2Ery,0.0002206745643652782,0.000867395579279939,0.008222623419079186,0.0005857948279071703,0.9901029413690102
W31566,-5.3313904,9.346571,13Baso,0.0933946418084516,0.04556287612846767,0.18579886816282715,0.6249097430112566,0.05033352876714687
W31567,-5.434622,7.7287846,13Baso,0.14506361698511913,0.043321010174428284,0.16247550371967703,0.6022468289925881,0.04689283314068215
W31568,-5.48702,8.594429,14Mo,0.11730184465644605,0.041409617926826896,0.16446241210756773,0.6305112653416279,0.046314604178312964
W31569,0.11208733,4.3361025,7MEP,0.011637843059867108,0.06224878283489378,0.7272011980195228,0.020352753530047226,0.17855869482137512
W31570,-0.35714623,4.9803634,7MEP,0.0,0.0,1.0,0.0,0.0
W31571,-6.053581,10.364436,15Mo,0.05844953952002871,0.027928747801798964,0.11775929452134917,0.7647685147044714,0.03109356760879318
W31572,3.8075042,5.561493,5Ery,0.004594497133628972,0.017617142512572747,0.16937747625826716,0.01296069102767705,0.7954493396029493
W31573,3.2636156,5.2720504,5Ery,0.005935820588186616,0.025631009968955256,0.23416661316206747,0.015772025070932994,0.7184936835522462
W31575,2.6900773,5.0638456,5Ery,0.008980856766179319,0.03933634528236739,0.37338908360558487,0.02193216714197174,0.5563606341980116
W31576,4.89974,5.5042763,5Ery,0.001217529412122382,0.004644362483192324,0.04473982489762502,0.0034418840485747164,0.9459557425388203
W31577,-7.403586,10.556179,15Mo,0.03690928244908021,0.014433249048139847,0.05954366624255851,0.8727666170200128,0.016347051399283382
W31578,8.187921,6.8706675,1Ery,0.00017265019317577398,0.0007008399023553952,0.006583615562184778,0.0004300265107510372,0.9921121343978584
W31580,-4.8055277,7.187372,13Baso,0.11027161399910795,0.0551700490446958,0.22259616235568985,0.54461860816008,0.06734324918187508
W31581,-5.050185,6.1764174,10GMP,0.10669143025648237,0.06232705256108876,0.24111502208648827,0.5018256449881475,0.0880403271142505
W31583,-1.3203542,7.13976,12Baso,0.03405360759789559,0.07139686549827204,0.5085198066341654,0.15209370329805377,0.23393509862743822
W31586,7.9833117,4.4556274,4Ery,0.00010126897320109543,0.0004011446716684919,0.0037863881625894193,0.00026388785901754165,0.9954469315245795
W31587,-0.561962,4.532533,7MEP,0.01421872783842458,0.08511889902713865,0.7948442080102324,0.019238957171696006,0.08657877871922814
W31588,-7.7992315,11.06002,15Mo,0.01718998429545779,0.006944550362986907,0.028947939464750883,0.9390277179268535,0.007889742938141873
W31589,-2.6332886,3.9561276,19Lymph,0.0,1.0,0.0,0.0,0.0
W31590,-7.9769855,7.1444573,13Baso,0.1547897972839711,0.02799507952397984,0.11003349345972452,0.6727715748325833,0.034410134282821005
W31591,-7.6036777,7.563788,13Baso,0.13731337235355406,0.030525056191624815,0.12088387012991121,0.6737153939735798,0.037562262670326335
W31593,8.165981,2.9717185,3Ery,2.9822509854469625e-05,0.00011347093989350792,0.001071342270075961,8.241982340755659e-05,0.998702844184705
W31594,6.508781,5.445412,3Ery,0.00028622874286452556,0.0011477377342078386,0.010837768961514586,0.00073840964643561,0.9869892497355056
W31595,-6.1638117,10.515844,15Mo,0.057868207909279816,0.030817795511842584,0.13123894510609177,0.7460817046492814,0.033993000950583656
W31596,-5.9328628,11.214544,16Neu,0.05051400580609714,0.021990154148246753,0.09047012244181778,0.8129256422179526,0.02409978265508387
W31597,-6.7857256,7.2397017,13Baso,0.14789390482451528,0.03393120800613084,0.13098478472251085,0.647620199132288,0.039569877509002566
W31598,8.164842,5.827756,2Ery,0.00014557761751364293,0.0005845240835152945,0.005504952924660276,0.00037042190019376096,0.9933939294653743
W31599,-6.9364576,10.554101,15Mo,0.04213131422415233,0.018824488546251458,0.07956175953183815,0.8379131056870233,0.021569161042518725
W31600,-1.5295837,5.962796,17Neu,0.025060296924287497,0.11724381264061796,0.6627987549411435,0.09384323100677186,0.1010538213627159
W31601,-6.4056497,9.908239,15Mo,0.06618236081088462,0.031179338453131637,0.13597175211083865,0.7289507031239365,0.03771566743735536
W31602,-4.925856,6.5746613,13Baso,0.11325755254095872,0.06118668568916662,0.24314489911885842,0.5017151293444375,0.08069523161016334
W31603,-5.852114,10.299813,16Neu,0.06405729000284331,0.027920441440664263,0.11446437770423831,0.7630066511220346,0.03055084595532537
W31604,0.97442895,4.364757,6Ery,0.012873841006185797,0.0689016188824092,0.6267451333580154,0.02332921368561199,0.2681492897743649
W31605,5.180549,4.3530216,5Ery,0.0014929678683831098,0.0044747763031848286,0.04216876629807537,0.00520785830659995,0.9466550366383724
W31606,-7.6233096,9.198797,15Mo,0.08385178814653188,0.02029163979058347,0.08088684401519901,0.7906764174101547,0.024293277424642087
W31607,-1.9791483,6.982298,9GMP,0.04217049718462428,0.054101294826107475,0.3467546101194338,0.19337282653952745,0.3635994087087049
W31608,-7.2618904,7.524118,13Baso,0.13528917284919606,0.03260519018896106,0.12863497057148235,0.6637461447287567,0.03972434423079944
W31609,-8.629533,10.023303,15Mo,0.0,0.0,0.0,1.0,0.0
W31611,-5.2500753,7.4970527,13Baso,0.15316689040975504,0.05253164100453676,0.19409947603014416,0.5448912022452167,0.055310508985677534
W31613,0.053532135,5.8370705,6Ery,0.022184860958490336,0.06705065026849477,0.5980201325800537,0.06757028537546111,0.24517303520451117
W31614,-0.46755624,4.7205005,7MEP,0.02016378515604271,0.09703630386213065,0.739125152797648,0.02247844791387881,0.12119561168848639
W31615,-2.7126877,6.2315354,12Baso,0.0527799813722894,0.08311398375168791,0.5272291839059859,0.20503166357154268,0.1318444012000514
W31617,-6.803853,10.3379345,15Mo,0.057151020785585045,0.0218244215331038,0.08964194713692475,0.8067911953695146,0.024591172200556403
W31618,7.6905723,7.3777757,2Ery,0.00021815470183485502,0.0008939389697413706,0.008377529966866758,0.0005334659999646793,0.9899761319253378
W31620,-2.723529,6.4876857,13Baso,0.16024261959098635,0.11228428067127418,0.4439413566821844,0.19383738261946548,0.08969360059797835
W31621,-1.4109138,6.4345956,10GMP,0.0452783122387224,0.07005772894017799,0.4767329315264271,0.16687678120228405,0.24105299903489358
W31622,-5.5537415,8.85372,14Mo,0.10121074846734948,0.0376055202519009,0.1521270887619794,0.6664876127727122,0.04256878521988799
W31623,-5.6230397,8.382898,14Mo,0.13115826318492774,0.04049189955199895,0.1549488738970529,0.6295860524529299,0.04381466785129758
W31624,-6.4739804,10.067204,14Mo,0.06084029682428203,0.02995088066265912,0.12617408164024177,0.7489306334199259,0.034103852948237756
W31625,-7.486596,10.843519,15Mo,0.030674370674133106,0.012649020942349189,0.05272401700256377,0.889624553834307,0.01432789351886064
W31626,3.339511,5.2456474,5Ery,0.005043692646118942,0.019859662693018296,0.19459792720247387,0.013994027108065535,0.7665038492680023
W31628,-6.7413282,11.226926,16Neu,0.04740813831194956,0.01919565819419746,0.07913599966427699,0.8327982757619538,0.02146158942776588
W31629,4.68513,5.6663284,5Ery,0.0017052507280233462,0.0066880604655192855,0.06471878804519245,0.004713183213150666,0.9221740379972682
W31630,-6.2095485,8.713987,14Mo,0.09488521097413552,0.0315528794557008,0.12738318197081583,0.7094262877600668,0.03675226871637705
W31631,-6.036057,8.5252075,13Baso,0.1269798567877279,0.036982373111783644,0.14324330995232537,0.6515884814191701,0.04120579423946183
W31632,-8.341787,10.744394,15Mo,0.0,0.0,0.0,1.0,0.0
W31634,7.9931855,6.911534,2Ery,0.00018686570105852754,0.0007598150467810585,0.007136478904946898,0.0004642686315596294,0.9914518329080383
W31635,7.188834,7.061003,2Ery,0.00030721113803650383,0.001289561224244092,0.011933188483985798,0.0006873856968845029,0.985781887425313
W31636,6.830683,7.1414394,2Ery,0.0002893226646811244,0.0011985686406211513,0.011190777991671556,0.0006928513398343922,0.9866277025820408
W31638,-4.685909,7.869067,13Baso,0.13404499249271776,0.052477039337570155,0.19908993995173047,0.5595145941102404,0.05487302489830845
W31639,-4.741317,6.814408,13Baso,0.12392113178153202,0.06160573540028794,0.2371793294761088,0.5017952771301356,0.07549804784694354
W31640,4.421915,4.348568,5Ery,0.0022554113487335942,0.007684571927728708,0.07386819858073272,0.0072734179740138955,0.9089177651939367
W31641,4.1440353,5.444391,5Ery,0.0038761289216448906,0.01535600685895431,0.15200970228658195,0.010698320470161709,0.8180590412862843
W31642,-2.4726517,6.0270333,9GMP,0.052096971590663926,0.10796366791220562,0.5705969456487084,0.1472949296079496,0.12204639330071439
W31644,-6.2710357,8.452117,14Mo,0.13635522586693521,0.03618539478577199,0.14046630245894048,0.6464579554425457,0.040534896504017044
W31645,-0.74438226,4.825478,7MEP,0.010762790431782526,0.07860397081051697,0.7924489562531853,0.023028918969243823,0.09515487292682716
W31646,-4.9303064,7.509936,14Mo,0.1068989396555228,0.0480778123765467,0.19357539735402857,0.5925602165721396,0.05888737038816509
W31647,-4.596702,2.6500995,11DC,1.0,0.0,0.0,0.0,0.0
W31648,-6.049637,10.97302,16Neu,0.055527976061349064,0.02565881044765918,0.10508162194528213,0.786139706423909,0.027591478396409574
W31649,8.968511,5.2973013,2Ery,0.00011434537095863746,0.00045967442735277576,0.0043261440506353315,0.0002898574856394644,0.9948094825078866
W31650,5.595618,6.239392,2Ery,0.0005870181090580799,0.00238849835447414,0.02276312303579483,0.0015068171465785595,0.9727538886708912
W31651,-0.87282467,4.8185954,10GMP,0.024822977779993288,0.10322806729901193,0.7439278470464045,0.027539879414141474,0.10048062191316734
W31652,-0.6143479,7.237248,8Mk,0.035810041368229684,0.06578017599219337,0.491280147846938,0.14759286330146495,0.2595343410097327
W31653,6.820044,7.0223627,2Ery,0.0002722822993321718,0.0011219415192820598,0.010499988866047983,0.0006577764333552027,0.9874472424994872
W31654,6.013875,5.7931957,5Ery,0.00043937309600713807,0.0017194922176611955,0.016395198062611766,0.001187317785083725,0.9802579832960533
W31655,-7.8054028,6.9080687,13Baso,0.1955153187817857,0.0289082540071197,0.11266711694805229,0.6282154195131365,0.03469399591284633
W31656,-5.8382387,7.6890335,13Baso,0.15617522410959644,0.04054089864652315,0.15365314889235165,0.6053659778964369,0.04426465887926964
W31657,-3.7933183,6.698844,12Baso,0.07969982044630819,0.06957373318461518,0.3398709488827151,0.39137999345405144,0.11947499368751377
W31658,0.48048556,4.8341584,7MEP,0.007821552878820207,0.04150381424059376,0.8168158039895784,0.014818762647170603,0.11903955533603819
W31659,0.1768521,4.8799925,7MEP,0.011351019601624764,0.06574901192758419,0.7325184575929264,0.02305924347469122,0.16732156453533678
W31660,-4.6897197,7.7380915,13Baso,0.18479759519097896,0.055469385862447144,0.2002407587443539,0.5065090511812523,0.052982820091106726
W31661,0.41896778,4.1589923,6Ery,0.013420460065737298,0.07604960812717727,0.7058791437865715,0.023671579299263737,0.180978365031971
W31662,5.61249,5.3750715,5Ery,0.0005791962824489766,0.0022496710658497995,0.021572361560436938,0.0015881553756821685,0.9740099772223202
W31663,-5.971048,11.547675,16Neu,0.05105802161517619,0.022007961429151197,0.09067311515822993,0.8120364807476148,0.024224068815861047
W31664,-5.7256694,8.714139,14Mo,0.12596249798015058,0.03814446572924125,0.14789068612375367,0.6460938169763677,0.041908270583776684
W31665,-5.7084856,7.4370527,13Baso,0.13987430847691762,0.042172771634082534,0.15581582956910228,0.6158851500373469,0.046251822806535225
W31666,7.321214,6.220465,2Ery,0.00019487744214523482,0.0007812521030430894,0.007373778842423851,0.0004990046458522935,0.9911504428482751
W31667,-4.528649,8.022072,14Mo,0.12110417879819704,0.0646774988388396,0.23113033543212066,0.5226820722476369,0.0604053813852361
W31668,5.590132,5.9409375,5Ery,0.0008509638627448186,0.0033995591784121886,0.032727792551748854,0.0022735321793269443,0.9607474920837302
W31669,-0.6285805,4.6838384,7MEP,0.011958567189082813,0.08057981527170188,0.7893389724268591,0.029006833442680256,0.0891154198327791
W31670,-5.4551597,6.525617,10GMP,0.13599192925997258,0.054722574839022535,0.2059666919987643,0.5400312480793732,0.06328715769916203
W31671,-2.7566824,3.740059,19Lymph,0.0,1.0,0.0,0.0,0.0
W31674,-3.2877152,7.6155806,14Mo,0.07725808519547675,0.0834958596795988,0.38478826825811635,0.3586120510084068,0.09584508695464483
W31676,7.779593,4.6872163,4Ery,0.00012177805798524096,0.0004817735575632416,0.004547564017611648,0.00031794709904264747,0.9945304680121794
W31678,-7.4841933,9.380509,14Mo,0.07465485709515958,0.02289375428108551,0.09461074723031371,0.7787485563296935,0.029092106320030064
W31681,-1.7501423,7.2888126,12Baso,0.038302689989370815,0.06915563690839303,0.5093302400274621,0.18904445870631414,0.19416631813576568
W31682,-3.2473085,5.752721,9GMP,0.05432410462209216,0.10245886656881709,0.4054902655074445,0.24825193660047215,0.18947388185189507
W31683,-8.657224,9.978555,15Mo,0.0,0.0,0.0,1.0,0.0
W31684,-2.2433412,7.17581,17Neu,0.03613979590099136,0.10536489209369114,0.5717789212003109,0.17563350062577407,0.11108314797645394
W31685,0.21918678,5.439801,7MEP,0.011243755743365154,0.05217604827538353,0.7606579401935841,0.027593021278396673,0.14832851758808746
W31686,-6.42364,11.040113,16Neu,0.05277627071318111,0.023675321466748712,0.09643158840305625,0.8016026384393472,0.0255139394015973
W31687,-7.9723344,6.774705,13Baso,0.17074097935628227,0.028737139748972018,0.11219807460672725,0.6531221780997034,0.035201743991124766
W31689,7.435952,3.016966,3Ery,5.837933952101476e-05,0.00020232412477227924,0.001909722462603606,0.00018163635114108493,0.9976477902793173
W31690,-6.79717,10.963474,15Mo,0.04286215844241536,0.017679858970406165,0.07318124256083387,0.8464896927907917,0.019786843944588305
W31691,6.8439713,5.2974095,3Ery,0.00019174506823888565,0.0007569918048400218,0.007161165718348779,0.0005043647699006781,0.9913851569791492
W31692,1.5565238,5.2910457,7MEP,0.0132123792709045,0.05341512615867051,0.5560132314170013,0.031483103703466755,0.345875224305395
W31693,-0.54474074,7.3995886,8Mk,0.03566905267672092,0.06873342915895714,0.5077402755997327,0.14022018386789584,0.247634470801429
W31694,-2.9966266,3.7676973,19Lymph,0.0,1.0,0.0,0.0,0.0
W31695,6.247897,5.522011,3Ery,0.0003408428675897237,0.0013480526825492732,0.012817556324943384,0.0009031438725757102,0.9845898309681587
W31696,-5.589822,7.7429624,13Baso,0.17014807595374584,0.043393862995564185,0.1625558513115329,0.5782140421188161,0.04568798277988669
W31697,-2.9624557,6.3752747,9GMP,0.06518521354867451,0.08417980852835169,0.4559662730189465,0.2483267701764504,0.14634071578008465
W31698,6.081563,4.2830596,3Ery,0.0003003197140898326,0.0011074409540242738,0.010567320883919379,0.0008731380676646786,0.9871512915270048
W31699,6.3631945,4.797993,3Ery,0.0002657966400193275,0.001019313393900332,0.009696032668979355,0.0007337647407729426,0.9882845251433457
W31700,8.684403,6.2729254,2Ery,0.0001503130997260794,0.0006080823394161649,0.005716811638559403,0.0003767943872824288,0.9931473430986728
W31701,-5.776949,11.079991,16Neu,0.054586794912795736,0.024348299606545568,0.1010897087385389,0.7932087477642358,0.026766082401666016
W31702,-7.0143127,7.777611,14Mo,0.15785464647874797,0.031031196327290855,0.1209639243362101,0.6535239048323773,0.036626314779078135
W31703,-6.107084,11.554751,16Neu,0.051233346747731286,0.022071158706729245,0.09108136173047762,0.8112953855281252,0.024318398450444458
W31704,2.260501,5.504329,6Ery,0.009940232613857994,0.044266932608696775,0.46687551739642674,0.02331474428140185,0.4556016527329273
W31705,-6.355024,7.6344614,14Mo,0.14385374650560384,0.03715976464305046,0.14277756455594826,0.6340612101787094,0.0421477371288524
W31706,3.696375,5.02162,5Ery,0.005423836169063092,0.01975836581492395,0.18829065586392765,0.016355949580698234,0.7701703944729613
W31707,-5.675985,7.910177,14Mo,0.14144025253357548,0.04209184015365066,0.15486062280929944,0.6170168891755298,0.04459020858950414
W31708,-6.2356806,8.427018,14Mo,0.10859877798570695,0.03543358945753018,0.14425036439932665,0.6687712932268813,0.042945879737342686
W31709,-1.8412404,4.5503674,19Lymph,0.0,1.0,0.0,0.0,0.0
W31711,-5.1650705,10.214824,15Mo,0.06814952996192539,0.034765026684795405,0.14811906071702377,0.7107357927513965,0.038230165095623235
W31712,-3.108485,7.357635,13Baso,0.07528505448215617,0.09067903794554666,0.42141000247265525,0.3178697330629143,0.09475544939121854
W31713,-6.1724257,10.031924,14Mo,0.062427641877555215,0.02841306936793116,0.12167148420181927,0.7545879013835453,0.03289971173784419
W31714,-5.249485,7.0442147,13Baso,0.1272867039116967,0.0508718281159857,0.193010557926722,0.5694245143580529,0.059406100670153804
W31715,-2.300348,7.2189074,17Neu,0.04046425258739079,0.10416272557197824,0.5496506498753797,0.19601485001686927,0.10970778440776358
W31716,-4.968935,7.839912,14Mo,0.13047067998200082,0.05366406315066776,0.19379530982711324,0.5683317820631802,0.05373777466551593
W31717,7.476381,7.3811193,1Ery,0.00020636269166031122,0.0008428241853395632,0.007909096188069282,0.0005085012506640218,0.9905324427215176
W31718,6.1450305,6.560949,2Ery,0.0003221626205783941,0.0013128875141221006,0.012382746845573426,0.0008061250636981019,0.9851753489626119
W31719,4.711609,4.915544,5Ery,0.0013629279466067404,0.004917463027212618,0.047473111424849154,0.0041032078000932245,0.9421426574714628
W31720,-0.27022758,3.9048276,6Ery,0.01165021039859546,0.07544321241292502,0.7607048285656166,0.019610245808855578,0.13259078320227616
W31721,-8.830488,8.810871,15Mo,0.07852005714647413,0.013152107865425373,0.052550610418845345,0.8387263661515479,0.017051035127470773
W31722,-4.226823,6.543926,10GMP,0.0934268404370735,0.07299428504108663,0.33023720117155525,0.3871175505718703,0.11622339964327595
W31723,1.0164475,4.7493134,6Ery,0.01254483341533733,0.06419031831494093,0.6084944768321113,0.024273822927191924,0.2904956705018122
W31724,-2.4273486,6.243139,10GMP,0.07306764185554038,0.11835889695906178,0.5367215907445476,0.16438435009550897,0.1074664053525
W31725,0.0017851137,4.0126367,7MEP,0.014662932118870925,0.07850521450492741,0.7296771484014668,0.022104846064969617,0.15504907577956265
W31726,-5.220537,8.976962,14Mo,0.12375976450077002,0.04221430640128883,0.1645414997574353,0.6246607109851818,0.0448232065230106
W31727,-7.110147,6.987185,13Baso,0.13578099838297056,0.037132307428640425,0.14867795745250403,0.6289157542369482,0.04949290475879624
W31728,6.4754224,6.117132,2Ery,0.000264496134915193,0.0010589734176584462,0.01001796747184421,0.0006818277988595795,0.987976051707277
W31729,-8.559631,9.314204,14Mo,0.05958639463294994,0.012515731318482649,0.051560599284231574,0.8588398418154962,0.01749763229098409
W31730,-6.5295553,8.765667,14Mo,0.11600110951681865,0.03248668594087219,0.12809386469399756,0.685875884576718,0.037542300816494054
W31731,-0.54774183,4.1425486,6Ery,0.02584784163009319,0.08872927347398198,0.7033064023788499,0.026562959224487273,0.15555271043323568
W31732,-2.4829993,6.2003107,13Baso,0.05980302156960965,0.10597732994330587,0.5830563715513456,0.1450844160630385,0.10607792127570868
W31733,-5.4158664,8.264204,14Mo,0.135957654910189,0.04528852843160431,0.17274611694978576,0.5980163852574504,0.04799095079915283
W31734,-3.706781,8.185308,14Mo,0.09551440859782523,0.08291340062313099,0.3554353609966819,0.38525093746321537,0.08088506413332668
W31735,6.5170727,6.364841,2Ery,0.00030882093840167203,0.0012495716857802688,0.011800405581803007,0.0007802665594812076,0.9858602453953277
W31736,3.9567988,5.115087,6Ery,0.006136689156586103,0.016755738039641352,0.1567417341075531,0.02264728636582079,0.7977176626098911
W31737,-5.162831,6.5388227,13Baso,0.11284570172875082,0.05373904424671031,0.21507110349702468,0.5478014131625946,0.0705423905437183
W31738,-2.6903832,5.9646463,10GMP,0.07575661367274562,0.13742200775468405,0.49173103823680553,0.1796153709157071,0.11547386121296246
W31739,-5.81906,10.34866,15Mo,0.06254830253722016,0.026835635385332693,0.11085262564373664,0.7700508410266724,0.02971225178235698
W31740,-6.1535335,11.370471,16Neu,0.05059753553658914,0.021540944718250077,0.08877428357014726,0.8153501332251331,0.02373669183088535
W31741,-3.8145728,6.4268446,10GMP,0.07364355318901042,0.07234665839903083,0.3515255831831635,0.33534338544920234,0.16713984957458736
W31742,7.857085,7.5858016,1Ery,0.0002026190999029192,0.000829966828509496,0.007773769985365201,0.0004951773893112413,0.9906976656643401
W31743,-6.4726877,8.298825,14Mo,0.12776022757516226,0.0323576994729098,0.1266223614450865,0.6760199117843331,0.03723964611519627
W31744,-1.9630752,7.2886577,12Baso,0.039918453412416455,0.08640296172481021,0.5206404554875448,0.1948138956344173,0.15822392603700453
W31745,-4.0635257,5.967174,10GMP,0.089664974834099,0.08418275338714573,0.34877667187525196,0.36667473214034013,0.11069999627612523
W31746,-0.74768835,5.3590817,12Baso,0.020466577218566668,0.08433392509028274,0.6896805733494616,0.042492974389419805,0.1630251422814533
W31748,-5.8969584,11.241223,16Neu,0.05297500385280386,0.02300515671323826,0.09503489957002344,0.8036457901166801,0.025338694513088348
W31749,-3.727745,6.4718666,10GMP,0.07885573987527351,0.06824065657496631,0.33226594759183353,0.3799480329538577,0.14068883440412164
W31750,-6.789743,6.6501145,13Baso,0.15923114949790398,0.03786867540090651,0.1433713428539165,0.615151203481921,0.04437759419581131
W31751,-5.7890472,11.425773,16Neu,0.051639242973412144,0.022097099774678823,0.09072127630972092,0.8113158235555717,0.0242261672135451
W31752,1.3977662,4.696874,6Ery,0.010852114872389315,0.05531722803414085,0.6214237063301358,0.022931037964621374,0.2894750565417771
W31755,1.7066275,4.7732897,5Ery,0.010600928305092796,0.055158076889885804,0.4977719626344728,0.02236313671742016,0.41410496255361723
W31756,-3.695052,6.6891108,10GMP,0.10051065011016157,0.0806789025493372,0.3814635768325143,0.32399321601471076,0.11335286876830605
W31758,-5.853429,7.1172156,13Baso,0.1464329128104732,0.043062289920176196,0.16204714500882678,0.6000607073333943,0.04839675789782206
W31759,-2.7697248,3.8527517,19Lymph,0.0,1.0,0.0,0.0,0.0
W31760,-5.727839,10.017245,14Mo,0.07828117661256383,0.0325490981948688,0.13250856751687912,0.7206854382636158,0.03597541270247876
W31761,4.9841766,5.1782265,5Ery,0.0021153422187513513,0.008859328139535367,0.08602564750215916,0.0056002550413724915,0.8973987550608894
W31762,-6.116084,6.83123,13Baso,0.13974431652320354,0.042603108774919025,0.1595953380723325,0.6090153736876983,0.049041765609677206
W31764,-6.197165,7.6293206,13Baso,0.1482342526370037,0.036337358419312904,0.13968742857467076,0.6344412008602747,0.0412997326190506
W31765,-5.9072547,7.332702,13Baso,0.16903082252537077,0.0385457123454497,0.1462125066407363,0.6033763108307375,0.042834599657312615
W31766,-2.876608,3.8026204,19Lymph,0.0,1.0,0.0,0.0,0.0
W31767,-5.4539843,9.181651,13Baso,0.07691147644516601,0.04981510178035966,0.2354538797926939,0.5746849372820456,0.06313448740874956
W31768,7.9008894,3.6269708,4Ery,6.511693227518772e-05,0.00025048877728756525,0.002365647519474357,0.00017727515086604634,0.9971412433268574
W31771,-1.028312,6.5927477,12Baso,0.036477478687567726,0.07276659472115961,0.554707000128929,0.1275499308474998,0.20849733909389312
W31773,-2.2767797,6.3017316,10GMP,0.06585894145012144,0.09885516561693991,0.49337850306171566,0.2008263047297765,0.14107985854803456
W31774,-4.686768,2.8200655,11DC,1.0,0.0,0.0,0.0,0.0
W31775,8.216684,7.1379223,1Ery,0.0001778697508560564,0.0007231281039683902,0.006790656370688827,0.0004417408517730162,0.9918658558249404
W31776,-2.805183,3.937418,19Lymph,0.0,1.0,0.0,0.0,0.0
W31777,7.578054,4.540724,3Ery,0.00013303224199558646,0.0005252505914018461,0.004962030005748882,0.0003487434210838347,0.9940304704927952
W31778,0.79611486,5.175137,6Ery,0.012978680967185078,0.05669690323721257,0.6566765439633907,0.03283033140723636,0.24081678911802565
W31779,1.5865537,5.4636908,6Ery,0.012887842686057612,0.04921901209886742,0.4983591843868307,0.036468248397654446,0.40306477109343153
W31780,7.6600814,5.9996796,2Ery,0.00017338205979810584,0.000697226155274077,0.0065673079883811405,0.0004405554301105541,0.9921208572490859
W31781,8.54903,6.0318675,2Ery,0.0001473130967247853,0.0005948422344655747,0.005594585525791205,0.000370617098525864,0.993292011027238
W31782,-5.43484,7.231903,13Baso,0.1392343022149747,0.04594696657674993,0.17396404073491017,0.5899728609658899,0.05088154324065245
W31783,4.646991,3.837954,3Ery,0.0017809688442801406,0.005510482142969507,0.053056058727490626,0.0061499527918805605,0.9335020790211656
W31785,-7.055949,11.175677,15Mo,0.040092074365561746,0.01669304684313121,0.06881217418919496,0.8558711690661835,0.01853127108035132
W31786,7.7352695,5.71977,2Ery,0.0001617131890164923,0.00064847812264315,0.006110711221668415,0.0004127774014111362,0.9926656939116891
W31787,-2.978406,7.4106336,10GMP,0.06468134103882058,0.08008268779167661,0.4335991711029999,0.3060847347253931,0.11555137010977778
W31788,3.0877948,5.515165,5Ery,0.006447872169980609,0.025522255764705497,0.2513678071325361,0.01762223011423749,0.699038943027455
W31789,-4.260433,7.793816,13Baso,0.1176811427572113,0.06264053078389256,0.2500003615185209,0.5058570258450178,0.0638204031596261
W31791,-2.7342114,6.028229,9GMP,0.06908625994591357,0.11693937817571383,0.5268510799918625,0.17857822984575475,0.10854397956475274
W31792,-3.504112,5.9241853,9GMP,0.061703357502454696,0.08911828765257845,0.44928223899476716,0.2290395819138039,0.17085548112241733
W31793,-2.4940119,6.9143534,12Baso,0.04777609508399661,0.09798052983350693,0.5194170198238539,0.21798288125872167,0.11684338573384065
W31794,-1.7911978,5.997951,17Neu,0.031441184941019315,0.12110454678306702,0.617355981478907,0.12441301898146122,0.10568534876684177
W31795,1.1653538,5.1950383,6Ery,0.012944034314002328,0.06183007226691523,0.5590355944957796,0.027198193748931523,0.33899118238162806
W31796,0.05860778,4.4457684,7MEP,0.020833446696205547,0.07329280132392844,0.7073147239467023,0.024561706678850173,0.17399653023416403
W31797,3.8680766,4.782166,6Ery,0.0036377329344548072,0.012345713863137887,0.11858792988392074,0.011580960313018914,0.8538470243644313
W31798,-6.7912245,7.4641166,14Mo,0.14221804752332468,0.03360951205345672,0.13081984720542778,0.6538911006223845,0.039461456881982125
W31799,-4.6549253,7.808684,14Mo,0.12696916928807112,0.05259472938085529,0.20117861559302516,0.563745900372304,0.0555112574787682
W31800,-2.6595736,3.6775491,19Lymph,0.0,1.0,0.0,0.0,0.0
W31801,-6.346606,7.2794275,13Baso,0.152550226429457,0.03768877765895347,0.14475979400695602,0.6220182454746391,0.04298293537576098
W31802,-4.724703,7.3590693,13Baso,0.13518884552803234,0.06106180690956701,0.2261946862350413,0.5127129360761463,0.0648412661236964
W31803,6.0820956,6.3926406,2Ery,0.00031207556971806405,0.0012579773685116842,0.011892642884550903,0.0007953518283125742,0.9857412467953043
W31804,-3.9976656,7.1751842,13Baso,0.09272172315953964,0.236008116112528,0.2635181784505219,0.32691638508885346,0.08083500442560074
W31805,-0.81023496,4.6800485,7MEP,0.0,0.0,1.0,0.0,0.0
W31806,5.8381467,4.7043214,3Ery,0.0004326518630975716,0.001600244701550701,0.015188650574533105,0.001249331678316701,0.9815285289743592
W31807,-3.4859717,7.3243065,13Baso,0.08435185403109562,0.09144294394411875,0.3822942879953644,0.3497048125632881,0.09220525791466513
W31808,-6.9561605,9.949465,15Mo,0.04986707788369348,0.023850818026458616,0.10608864501477107,0.7910339043537657,0.029159446712130728
W31809,-3.685026,7.4809318,13Baso,0.08438970326430485,0.1407270367453276,0.3943541718058918,0.29354660935756716,0.08698153221123366
W31810,-4.5825496,2.5496888,11DC,1.0,0.0,0.0,0.0,0.0
W31811,-1.9443691,6.5917263,17Neu,0.03262331705419653,0.10997314701249629,0.6085566120079134,0.14221530042075087,0.1066319234427489
W31812,-6.534882,8.4126425,13Baso,0.1121598649375395,0.03867138118993457,0.16324146332290582,0.6353144609069288,0.05061275001463592
W31813,-4.692785,8.230206,14Mo,0.12723662036858147,0.05107194335507942,0.19383239309608138,0.5761463435001435,0.051712227029036224
W31814,5.864424,6.75637,2Ery,0.00046314964010192713,0.0018992742187998219,0.017962949212118533,0.0011549632751872724,0.978518913862937
W31815,-4.58307,2.3665867,11DC,1.0,0.0,0.0,0.0,0.0
W31816,-5.055176,6.9210396,13Baso,0.10071657627477743,0.05430155505714212,0.23197670637403545,0.5341458091512615,0.07885894706546305
W31817,-5.088987,7.9614677,13Baso,0.13560544343526107,0.04971513439468351,0.18791393120127906,0.5752260528516006,0.051539135868960674
W31818,6.773855,6.882511,2Ery,0.00025047169292972846,0.0010198122081632286,0.0095975949557369,0.0006242528964866246,0.9885071335329652
W31819,7.4155555,7.4064364,2Ery,0.000232129885999219,0.0009575901056757977,0.008945729041438154,0.0005590670121947697,0.9893047017962745
W31820,-5.525427,10.996764,16Neu,0.055813950933650415,0.025418951030280166,0.10518892756379503,0.785827757511696,0.02774993047390834
W31821,-4.603782,8.59832,14Mo,0.11388267981573387,0.059570949717103285,0.23422886642244312,0.5323449625444621,0.05997197404512806
W31822,-2.64253,6.4790497,10GMP,0.06593591939947485,0.10599268381287041,0.5275975686497643,0.1916943277958161,0.10877840551322536
W31823,-6.018759,10.639489,16Neu,0.055290000714237494,0.024176168733317446,0.10029135841918313,0.7935711249375917,0.026670984186909566
W31824,-7.0379395,7.5461287,13Baso,0.1526468418454553,0.033041741632300434,0.12859159071494441,0.6466830477316322,0.03903671627445324
W31825,-4.931588,6.6303687,10GMP,0.13206857984518036,0.0853651876837767,0.20545073140383982,0.5130661853848697,0.06404895313527452
W31826,-6.40166,10.558847,16Neu,0.05616119650843381,0.022151585283718436,0.09102068146411446,0.8058386406328185,0.02482750744341626
W31827,4.613669,6.5132384,2Ery,0.002078968678762721,0.008627336656512743,0.08317897503795166,0.005238969554178782,0.9008749914208339
W31828,-5.3787675,8.248829,14Mo,0.13411740032049518,0.04227021261219463,0.1623361076499145,0.6148401692034302,0.04643579130092892
W31829,-1.1687673,5.1007366,12Baso,0.021071965145391315,0.15465037146728638,0.6661143863888307,0.05235423381918431,0.10580858336000129
W31830,-2.6158621,5.514643,9GMP,0.09415990943769155,0.12936602691607155,0.5428401743604535,0.1263892353315936,0.10724380714660715
W31831,7.4335694,5.809954,2Ery,0.00017612342982835193,0.0007048267363046235,0.006649344605045782,0.00045186807324197397,0.992017215101328
W31832,8.305498,5.023232,2Ery,0.00011668836803704849,0.00046562201601774394,0.004389188897719625,0.0003000919844545851,0.9947279384670781
W31834,6.447596,6.895919,2Ery,0.00032849949600775917,0.0013553233524393482,0.012711559028234898,0.0007954131649918133,0.9848084447369618
W31835,3.8694484,6.059597,6Ery,0.0033726244309318612,0.013961313043080414,0.13551692904062365,0.008584900404455273,0.8385634863005815
W31836,-6.598828,6.450784,13Baso,0.15962223420091734,0.03958250890570638,0.15044768761175104,0.602753367881782,0.047594107842079146
W31837,-3.3467143,7.4326205,14Mo,0.0831370644557791,0.09272324005384644,0.40516516620474835,0.3262865013336934,0.09268716100048008
W31838,7.032901,6.418425,2Ery,0.00021089424899601406,0.0008481579230628697,0.007997375982042811,0.0005364443117218398,0.9904064166440686
W31839,6.1817923,5.393824,5Ery,0.0002704713097996378,0.0010476102971819054,0.009966639427917541,0.0007358832410119577,0.9879788093560737
W31840,-7.3021016,10.937119,16Neu,0.033213960182593594,0.013116291091331077,0.05398553886833256,0.8849854903931219,0.014698544526438062
W31841,1.0673718,4.9896936,6Ery,0.011183097710031061,0.05677682740371601,0.6145332369765661,0.022502556707688488,0.29500343247626676
W31842,-3.247095,7.290405,13Baso,0.0786154849009722,0.09566110601995283,0.42417215938546105,0.3051247277596879,0.09642556945469642
W31845,-5.1444197,7.6167674,14Mo,0.1378292211873527,0.04733717464317774,0.1747162762413131,0.5904055692859221,0.0497114502558813
W31846,4.3779387,5.5489454,5Ery,0.0031798133378317553,0.01226877710985873,0.11836854886134501,0.009019512240761316,0.8571625435566597
W31847,5.588774,6.476174,5Ery,0.0009297186767501409,0.0039019203430368673,0.03679652715640539,0.0022827061906505477,0.9560883952867177
W31849,7.886807,6.8382273,2Ery,0.00018821908130931876,0.0007650617024549519,0.007184420682934365,0.00046788425848562695,0.9913936737045024
W31850,5.7782083,4.930165,4Ery,0.000495276081445024,0.0018076843913199608,0.017267740195003108,0.001455969638982442,0.978972763466165
W31851,7.1926937,7.1159782,2Ery,0.00022269492909639897,0.0009095718015499689,0.008538601257500706,0.0005491853404101867,0.9897791759434676
W31854,-2.9102652,6.687928,10GMP,0.07101380197031963,0.10569424598219809,0.4959799551610336,0.21986744151306367,0.10744358861804663
W31855,5.8840604,5.627713,5Ery,0.0005593510201876631,0.0022246422643092323,0.02131275510945941,0.0015067470160471323,0.974395921593668
W31856,-4.4779882,7.7953157,13Baso,0.10484725885544018,0.0606594773105196,0.2361513039851863,0.5327488818958196,0.06559259114169003
W31857,-5.4715714,7.662709,13Baso,0.12258800748288323,0.04348141015198709,0.1693690114709545,0.6141499242954236,0.05041151843674992
W31858,7.029447,6.4201593,2Ery,0.00021139603950794168,0.000851052193405737,0.008028259922610356,0.0005374556911973704,0.9903711606169803
W31859,-0.07898658,5.420951,12Baso,0.018342592074518688,0.0644348260878695,0.7287457472368291,0.04420002285248833,0.14427606325035341
W31860,-3.0531735,7.8016768,12Baso,0.05539615816018345,0.08791951994476706,0.457285821471309,0.29773073688124796,0.10166779608748089
W31861,-5.2648087,9.873474,15Mo,0.0812698461224852,0.04242101259788357,0.1739613630280906,0.6573892728294896,0.044958082861717104
W31864,-6.548299,7.8064027,13Baso,0.12808537643503395,0.03423312366001645,0.13396008537166007,0.6632113331125875,0.04050998689457705
W31865,-6.5789347,6.9871764,13Baso,0.15566996348546386,0.03690920722619197,0.1412297583199106,0.6236156736829064,0.04257539363529903
W31866,-4.339179,8.153519,13Baso,0.1529013528574,0.05900119285842572,0.22776605190478894,0.5020867024328984,0.05824420352401772
W31868,-4.913073,7.624414,13Baso,0.12347517803940206,0.05163181265697046,0.20067751731617356,0.5670403624832182,0.057174752443118274
W31870,-4.395021,6.0497184,10GMP,0.0917950900079809,0.0794040945256446,0.3016240404587885,0.4114927848832556,0.11568315502657606
W31871,-5.173218,10.079034,14Mo,0.07174735824677139,0.03581108295775702,0.1466384946826398,0.707488193803206,0.038314397698733474
W31872,-7.0246887,7.595495,13Baso,0.1443269125728309,0.03234584061982702,0.12588020684168733,0.6590323381323325,0.03841471351501316
W36865,-0.31704587,4.4220834,7MEP,0.0,0.0,1.0,0.0,0.0
W36866,-5.195735,8.161657,13Baso,0.11617990374442683,0.050922946824333286,0.1983865108508245,0.5812723527740618,0.05323785443240587
W36867,-0.7401379,5.3482847,9GMP,0.014196620028485887,0.06668321149972697,0.7824369561880974,0.026753752169506633,0.10992877369434537
W36868,-7.176763,7.906358,14Mo,0.14083582350357587,0.032011250978298274,0.12630687573345278,0.6619798410108599,0.03886607591858253
W36869,9.404691,5.2576723,1Ery,0.00011616839518398818,0.0004671943678830475,0.004397970826600669,0.00029439457013516923,0.9947237638756842
W36871,7.391104,2.8443432,3Ery,5.2399663168506645e-05,0.00017443689541967947,0.001647628482684269,0.00017168812753457454,0.9979537233879939
W36873,-8.320103,6.92088,13Baso,0.22265532193442794,0.025572030471707526,0.10031793065539907,0.6200642552437425,0.031390667326228354
W36874,-5.19797,8.034777,13Baso,0.15782290587691417,0.052500906068955695,0.18858357581406773,0.549574720082041,0.05151748894901147
W36875,-7.864139,11.213233,15Mo,0.0,0.0,0.0,1.0,0.0
W36876,5.706852,6.885144,2Ery,0.0008555947087052063,0.0036641789381654157,0.03391772694798316,0.0018397708591111968,0.9597219911527418
W36877,-7.8474317,8.382696,13Baso,0.0923690588463083,0.029379052440480134,0.12477087713771882,0.7068738927500361,0.046607200404758145
W36878,7.4225535,4.0758686,5Ery,0.00013557031020711708,0.0005218737607666764,0.004940519630522688,0.00036914943240634254,0.9940324867284736
W36879,-7.393911,8.754498,14Mo,0.13087856725851443,0.02825983909102617,0.11203192233191794,0.695642672277662,0.03318684099326774
W36881,8.9253025,4.8392706,3Ery,0.00012196835764167185,0.00048576261981618567,0.004580440062600669,0.0003145894188266277,0.9944967618885113
W36882,2.8957505,5.266265,6Ery,0.008766152024912908,0.03209232240823,0.3158596438225239,0.025873968719912318,0.6174069949538199
W36883,8.315766,4.777311,2Ery,0.00013329934022216465,0.000529045373123099,0.00499160495150585,0.00034595030210195254,0.9939996087217589
W36884,-2.6110373,3.7573547,19Lymph,0.0,1.0,0.0,0.0,0.0
W36885,-6.9132004,9.651104,15Mo,0.08147232812159973,0.02529358393622243,0.10295201202140919,0.7604974640447716,0.02978442676013073
W36886,-2.8434968,7.1242733,12Baso,0.04820871901780196,0.08764945867138076,0.4945078987140252,0.24265750771121394,0.12697644414843365
W36887,-0.9877909,5.3472786,7MEP,0.0,0.0,1.0,0.0,0.0
W36889,9.38075,5.819462,2Ery,0.00012509308485830008,0.0005042053510068052,0.004744464271950701,0.0003156854906825351,0.9943100042541977
W36890,-0.37281448,6.6847177,8Mk,0.03133202796036391,0.0690192244690341,0.5690991692140042,0.11415047860663599,0.21639696926617233
W36891,-7.8952913,8.035354,14Mo,0.1497706934385898,0.02859345688319341,0.11321431530242866,0.6731903936833297,0.03523117284599507
W36892,-8.167539,7.974372,14Mo,0.1574373081533738,0.026980627150992004,0.1067937448763497,0.6753565638743042,0.03343186757995766
W36893,-0.9653443,6.823562,8Mk,0.037423832676785646,0.0725506007362792,0.5325479292684789,0.13714873943914493,0.22032691840847524
W36894,5.0746126,4.0054765,5Ery,0.0014165153376082067,0.004472966419103238,0.0428909671665758,0.004790336014036465,0.9464286214723346
W36895,-4.8704963,9.172216,14Mo,0.09681493418998308,0.04934258625867131,0.20355290118063402,0.5955885611698448,0.0547005843605545
W36897,8.787072,6.018376,2Ery,0.0001504392925738771,0.0006073942078320443,0.005716581894943254,0.0003788414915472062,0.9931461342472577
W36898,7.006013,3.2169776,3Ery,0.00013446237047055312,0.0004601460390971738,0.004355256185769431,0.00042394010391826693,0.9946258705329044
W36899,-2.1975167,6.7890277,9GMP,0.06750457829373088,0.07119295135001563,0.38969719088790344,0.29711180633177287,0.17449206485246813
W36900,5.517488,5.195312,5Ery,0.0006073681792781835,0.0023819228332516706,0.022906082404952077,0.0016411605843182646,0.972462863865772
W36901,7.33391,5.0240088,3Ery,0.00017899285357404738,0.0007112139383107148,0.006720988970329737,0.0004651558716869726,0.9919230954836737
W36902,5.870107,4.1165752,5Ery,0.000402804324671418,0.0014561770709260809,0.013981592786992342,0.001201710442236738,0.9829572067436174
W36903,-7.3100553,7.985184,14Mo,0.15294064603853988,0.03153125377761494,0.12417000943456212,0.6533977849851901,0.03796023373917236
W36905,8.81154,4.712893,2Ery,0.00011634485095265367,0.000461356249624194,0.004350928778044313,0.0003020133631112422,0.9947689150458109
W36906,8.905146,5.1549773,2Ery,0.00012688653698084194,0.0005074264521675614,0.0047820253686463995,0.00032493246776896175,0.9942582303978886
W36907,-5.6137013,9.397087,14Mo,0.0927561204237557,0.04091687233753986,0.1687441721780967,0.6515026407786023,0.0460797584443479
W36908,-5.8091903,11.09127,16Neu,0.05569518610637192,0.023499478503260337,0.09694595770768907,0.7978501310910119,0.02600875722808548
W36909,-0.8159236,5.4860477,9GMP,0.012066200196876797,0.05022134208122427,0.814891182786333,0.02858700401914141,0.09423365761462613
W36910,-7.370163,11.347171,16Neu,0.021691169040570817,0.008508475552659461,0.03488565177066688,0.9253924588266508,0.00952215132709559
W36911,-8.086336,11.006884,15Mo,0.0,0.0,0.0,1.0,0.0
W36912,-5.1691008,5.8855104,10GMP,0.10515925080579763,0.0706501043472329,0.2612573555877532,0.46521143122701925,0.09772120930868361
W36913,7.980389,4.729596,3Ery,0.00014627627905879512,0.0005763914468765022,0.005442735225214594,0.00038405865429047667,0.9934500416995842
W36914,-6.6416593,7.7652054,14Mo,0.13830986099473996,0.0363087249886079,0.14150275337095608,0.6415852499755099,0.0422931515961508
W36915,-0.044877153,7.182089,8Mk,0.031067855195376574,0.05612056442694951,0.40958957192983897,0.1344699772225669,0.3687501814977212
W36916,-4.7556314,9.289474,14Mo,0.0996818571478767,0.047523312135223615,0.19289971999643543,0.6081903518201446,0.05170417457407768
W36917,-6.120902,9.30128,15Mo,0.11465406038685591,0.03367779366663741,0.13347231109166452,0.680671925306511,0.037523479514605766
W36918,-5.086449,10.704952,16Neu,0.06604310003179044,0.033942181911155056,0.14421084500479367,0.718927486327921,0.03687579417684022
W36919,5.433187,5.258136,5Ery,0.0006325760062982258,0.0025180648849188756,0.02394500031878423,0.0016470225979743304,0.9712567144103866
W36920,-6.953974,8.745698,14Mo,0.11598431688824698,0.032771465634091446,0.13281857939720546,0.6777879339008375,0.04063758865566099
W36921,-4.956312,10.302744,16Neu,0.0712106294214993,0.04332685648830898,0.16529039444544977,0.6794494623051691,0.04072202915759754
W36922,4.303886,5.501183,4Ery,0.0022356618049029255,0.008838480736182645,0.08670030565352296,0.006152892749364107,0.8960719797343506
W36923,8.77515,5.4720373,2Ery,0.00013802097410923046,0.0005540118459395658,0.005218299413811334,0.0003511485260623583,0.993737980533826
W36924,-6.945785,7.174351,13Baso,0.2486541583512117,0.03226247853705487,0.1230495457409171,0.5590803794635195,0.03695334177310263
W36925,-7.9878287,7.5357075,14Mo,0.18569213001090085,0.027692370522415445,0.10873932248366117,0.6444367219244691,0.033439514948470445
W36926,-5.9269524,7.69292,13Baso,0.12737493817676943,0.04040592206916336,0.1605308163083536,0.6205081625173482,0.05117991045654275
W36927,3.8365202,4.833439,5Ery,0.003956399992964943,0.0142586937887418,0.13962383353301447,0.012055434098308605,0.8301048625400559
W36928,-5.727532,6.8303223,13Baso,0.0993138588378637,0.05181530589290079,0.23858268874985541,0.5252042541342236,0.08508359074493374
W36929,-0.39220738,5.0608,7MEP,0.010409545562300872,0.08416339536683885,0.7865865553060507,0.022248727207379318,0.09659122721094161
W36930,-6.366048,11.090063,15Mo,0.05268291673568551,0.021540387671049575,0.08854058935810245,0.8132874373795185,0.023948262887056225
W36931,2.300768,5.310045,6Ery,0.00945246557593246,0.03941259209107826,0.39272543715289887,0.02486648971049438,0.53354209284539
W36932,-6.429794,11.131744,16Neu,0.04723405580192795,0.018790160315138037,0.0767035175663832,0.836484037687956,0.02078792628802368
W36933,-7.623962,9.965474,15Mo,0.04669177402321532,0.014974983035454713,0.06207314365048951,0.857994859622222,0.018265178377344548
W36934,-2.3246913,7.3716726,12Baso,0.04079312897131102,0.10024574200737242,0.5552746797448148,0.18264942703390594,0.12103702901637745
W36935,2.4584675,5.3338265,6Ery,0.009319387237620337,0.04032186146541772,0.4170801485302286,0.02327771907520064,0.5099999999783985
W36936,-7.1500025,7.5864906,13Baso,1.0,0.0,0.0,0.0,0.0
W36939,-6.177312,9.789951,14Mo,0.07734495897411717,0.030162679402136,0.12459424487574038,0.7330408458391864,0.03485695515724695
W36940,-5.8403077,10.566894,16Neu,0.05892956265558448,0.024288760084645252,0.09975699872192755,0.7901852925612274,0.026838911157095517
W36941,-6.8050084,8.10211,14Mo,0.13708865696205683,0.034792452653838846,0.13656968449190443,0.6505249087863236,0.04102405850137991
W36942,-5.8179665,8.721752,14Mo,0.13164786833858463,0.0368142697216895,0.144600218928413,0.6454043064218261,0.041532922325070214
W36943,7.12121,6.7381763,2Ery,0.00022269600749279597,0.0009063174585790198,0.008530699505321176,0.0005552383258952493,0.9897843416091747
W36944,1.9953607,4.9145846,6Ery,0.010364501173681758,0.048318031807025937,0.5072290711641788,0.026262039337690574,0.40782543813978184
W36945,0.31450805,4.081595,6Ery,0.0109344590291721,0.06232367996661332,0.7464425368506334,0.01775396752719558,0.16254464349347247
W36946,-6.240652,6.6120243,13Baso,0.13125128616262435,0.0418903387391105,0.16304461341152676,0.6110989627048375,0.05271454939587299
W36947,-5.8073072,9.045976,14Mo,0.11595548829408668,0.03703407523603215,0.14937491561222122,0.6552699870095217,0.042365165339780145
W36948,-7.0403857,10.8234005,16Neu,0.045884521302440424,0.017347961991615063,0.07141696967449526,0.8455549803830921,0.019795282144398796
W36949,8.247567,4.755536,2Ery,0.000110407689504777,0.0004387608737988035,0.004137870100899898,0.0002857100222275685,0.995026827883234
W36950,8.8360815,6.4228687,2Ery,0.00015588268344460216,0.0006324947018722768,0.005939310013876936,0.0003873386618805387,0.9928843320762574
W36951,6.5787597,5.235752,5Ery,0.0002544132288958992,0.000982448840730869,0.009331452231331194,0.0006928369643149715,0.988738251281972
W36952,7.030838,5.523618,2Ery,0.00023258180647927042,0.0009235629850081582,0.008742421164133955,0.0006070461660715625,0.989493801865103
W36953,4.553587,5.1149383,5Ery,0.0018692236886165526,0.006592554388182355,0.06331450478178491,0.005718610764883041,0.9225045191004885
W36954,8.384013,6.8092337,1Ery,0.00016421544187756283,0.0006662220796429094,0.006259457365087384,0.00040925332884811746,0.9925001556824329
W36955,-6.069114,6.4995127,13Baso,0.14006384364134505,0.05183147685179418,0.1916548656534128,0.557227423098843,0.05922197865573701
W36956,-5.372794,8.391281,14Mo,0.12471211100446469,0.04313502035762721,0.16967764367632956,0.6141082067789796,0.04836663319687107
W36957,-6.4069524,8.84173,14Mo,0.12589156508066818,0.03481765020691457,0.1375178694035748,0.6618892688694382,0.039883355086973875
W36958,-6.8209796,11.458506,16Neu,0.04011885550722635,0.016876282189501605,0.06950506123767969,0.8548260944840766,0.01867345979627017
W36959,8.180371,7.0086083,1Ery,0.0001714712640097862,0.0006964208926376328,0.006542815659573621,0.00042672641798957226,0.9921618445384994
W36960,6.1420226,3.9317603,6Ery,0.0004777303299270987,0.001497373731999479,0.014100687693085536,0.0016080221623524062,0.9823156747743653
W36961,-7.4633784,9.012364,14Mo,0.1031774755712434,0.026024956752211448,0.10507865373397453,0.7333701372820945,0.032348792029368974
W36962,-8.183354,8.135602,14Mo,0.1258532597492223,0.025603693758727907,0.10182588467448529,0.714914537156811,0.03180273734437042
W36963,-7.520457,9.568637,15Mo,0.06536351488940087,0.02204283271633506,0.09436948797596416,0.7892916840517489,0.02893244329297113
W36964,-8.156442,6.877567,13Baso,0.29221032753897974,0.023940976015874235,0.09367690439546852,0.5610064780182455,0.02916553555861414
W36966,-7.66716,10.166019,15Mo,0.03600067457287683,0.02322111199973675,0.11315760113137319,0.7966886663985239,0.030931883476927775
W36967,9.130374,4.576933,1Ery,8.539873262453025e-05,0.000341773301882853,0.0032195254457435146,0.0002183194085948013,0.9961346177398015
W36969,-0.3671948,7.577974,8Mk,0.03755258534120701,0.06521530743605115,0.4782230765343631,0.16084570112797403,0.25816072002337925
W36970,-6.6568303,11.205953,15Mo,0.04535898275205945,0.019749951648006737,0.0815618988225863,0.8315585172554074,0.02177036055660824
W36971,-7.2686296,8.519713,14Mo,0.14567080369077579,0.030041594434027055,0.11861801906730862,0.66981480575401,0.035854664347574915
W36972,-4.810953,6.5511193,10GMP,0.09646864771741691,0.0623562223594202,0.26778404340967266,0.4811567299016821,0.09223388792205946
W36973,-4.1866736,6.70591,9GMP,0.0811406009243767,0.06655036570947714,0.3067243480897349,0.4215604855974222,0.12402374634229832
W36974,4.5984893,4.636793,4Ery,0.0016787930576166615,0.005924314297318001,0.05722958571960681,0.005160471388187863,0.9300062207042324
W36975,-7.807185,9.486534,15Mo,0.07871123027218781,0.021292474600498903,0.08725146682123516,0.7861966025854986,0.0265482273042128
W36976,0.8367808,4.07405,4Ery,0.02956863446359512,0.0743882308590679,0.6266327191304394,0.022221061264541195,0.24718851453086513
W36977,-4.48499,2.5357015,11DC,1.0,0.0,0.0,0.0,0.0
W36978,8.797628,6.493694,2Ery,0.00015205246676198346,0.0006152132178825822,0.005784695920079857,0.000381054711887389,0.9930663358558063
W36979,-6.6131625,8.006395,14Mo,0.1230528341779932,0.0384567172470217,0.15412753308185934,0.6367898300962158,0.04757282178019858
W36980,-4.179651,8.2566185,14Mo,0.1087770602416827,0.06180527194023646,0.25045935628910787,0.5148304799597959,0.06412723640569816
W36981,-0.37459671,7.4898047,8Mk,0.0368202105079749,0.06367915756927164,0.47236682640431277,0.15861311048873167,0.26851823327564567
W36982,-6.943388,7.8869133,13Baso,0.10457088423611065,0.040247136664954886,0.1801044911724313,0.6096981157368945,0.0653793037861663
W36983,4.2875557,4.443317,6Ery,0.0027283293777688347,0.009696496117787104,0.09508867132944185,0.008442540444120475,0.8840431816098206
W36984,-5.6261654,6.7538533,13Baso,0.12717154970282407,0.054570539365920455,0.2060155866560315,0.5513959089323913,0.060845936969184396
W36985,5.9885707,4.949278,4Ery,0.00029531856600208795,0.0011462874708199782,0.010912769654271588,0.0008022477623004997,0.9868427987231456
W36987,-3.8062027,6.1001635,13Baso,0.089021405105574,0.11447329600235376,0.3691240087560804,0.32891444000780923,0.09846590471114236
W36990,-6.231031,9.004506,15Mo,0.124409352429649,0.03446522673388125,0.13680052036235055,0.6650865238563042,0.0392379514475894
W36991,-5.046787,6.9429417,13Baso,0.1173374978373516,0.059574920318605694,0.22539548407813237,0.5265942852808585,0.07109730788497733
W36992,7.4973197,3.989646,4Ery,0.00011525700421881163,0.00045107689069687066,0.0042650860411928065,0.0003064552376829055,0.9948617173590694
W36993,7.6012216,6.9518557,2Ery,0.00019203621371214128,0.0007810315984529444,0.00734096295713438,0.0004773248120678584,0.9912079345250074
W36994,-5.5109496,11.199746,16Neu,0.05750819367209124,0.025845874952873327,0.10690200095537362,0.7815222703952392,0.028221178743296275
W36995,7.045845,7.6513968,2Ery,0.00024079520513083764,0.0009897943732672674,0.009291851614665102,0.0005881369331962982,0.9888886764007087
W36996,4.138176,5.6435256,5Ery,0.00247312926747847,0.009622838490782234,0.09312698903953477,0.0069235281574750954,0.887852850863741
W36997,8.164355,6.685472,2Ery,0.00016670018951916142,0.0006752025317376273,0.006354769025875201,0.0004179753134633031,0.9923847192399063
W36998,3.7371387,5.2607584,5Ery,0.005392206524911451,0.02229271321013316,0.22522134344616926,0.014558823057499247,0.7325340635717379
W36999,-5.3681474,6.195048,10GMP,0.1294873032197179,0.062253580579137324,0.22619016235175707,0.5131969859610174,0.06887143353905291
W37000,-7.0114026,6.6544566,13Baso,0.13935828854627635,0.036078148908985454,0.14039276831527792,0.6394233924693521,0.044747238929336276
W37001,-4.0201964,7.4680853,13Baso,0.11703365660383686,0.07821797669605948,0.2979798234647202,0.43115014498933135,0.0756176896548944
W37003,-0.60253143,4.855122,8Mk,0.018505691692385952,0.08298689036851536,0.7323349896634201,0.027844934865644846,0.13832665740521713
W37004,-6.300107,11.266061,16Neu,0.052089417627962355,0.02128972945554146,0.08725944360099755,0.8158224438987348,0.023538548492706635
W37005,-5.79321,6.783258,13Baso,0.13334022969075374,0.04938407276128216,0.18398965719353985,0.5766711300827467,0.056614599892758195
W37006,-0.5889395,4.707505,7MEP,0.01571233850055299,0.08789050799770307,0.7442159422033849,0.024825672197892338,0.12735485821734208
W37008,7.0143943,5.4554396,4Ery,0.00018499029745856212,0.0007369526623197327,0.006962186556140696,0.000478946049145304,0.9916363253890212
W37009,-6.9880986,7.880734,13Baso,0.11638063419968075,0.03715063418299271,0.15497899195539638,0.640454440906834,0.051035220658775755
W37010,0.19952232,4.4459844,6Ery,0.009228756080613272,0.051601418487110196,0.8113394215701688,0.015102048671029043,0.11272779953589208
W37011,6.354133,6.9898477,2Ery,0.00027313308701350984,0.001108226839856914,0.010480002174027074,0.0006905368255271218,0.9874474262313229
W37012,-2.6411312,6.8073254,14Mo,0.08048253150064526,0.1145722020688649,0.48811734652532124,0.21447087372284562,0.10235601044332499
W37013,-6.1979685,11.213185,16Neu,0.05315469367305233,0.02150419210032489,0.08816328201842522,0.8133789205562348,0.023798453607319005
W37014,7.7978654,6.278036,2Ery,0.0001828716030563731,0.0007400405809369506,0.0069681103751415945,0.00045953396875657375,0.9916488114158194
W37015,-3.9140484,7.8317614,13Baso,0.08180445240706576,0.05458046416511894,0.26167157653262096,0.5262973212754579,0.0756461484584208
W37016,-5.417725,9.770967,14Mo,0.08015864415349952,0.03710289853238979,0.15909856173978032,0.6804515223387233,0.0431879933821275
W37017,3.5055192,5.1259813,6Ery,0.005927147310771017,0.024488199287828277,0.25558771573232203,0.015953095483561733,0.6980430630422594
W37018,7.758587,7.523932,2Ery,0.00020708046968885568,0.0008486920510927577,0.00795072515967396,0.0005052689421580727,0.9904874607867791
W37019,6.2226357,6.821067,2Ery,0.0004238589359193291,0.0017888059761921667,0.016551388723920184,0.0009707750635771123,0.9802644362312434
W37020,7.2845635,7.457811,2Ery,0.0002241525384913868,0.0009153688615865169,0.008612336653474719,0.0005552334736093881,0.9896921657674459
W37022,-0.8363372,6.941327,8Mk,0.03734299512773166,0.0678792429584719,0.49318686034186293,0.15228120650096869,0.24930798348867755
W37023,7.4681387,6.0034223,2Ery,0.0001924190104125013,0.0007764391502761964,0.007316269834663722,0.0004859128663242181,0.9912283499575328
W37024,8.174262,4.3811293,4Ery,0.00011519908640454767,0.0004551774207010615,0.004298441214709013,0.00030136748357106473,0.9948293956004394
W37025,-4.975415,8.44372,14Mo,0.12985565438219313,0.04846484169599551,0.1871011582335159,0.5846459329941763,0.049931919731966916
W37026,-1.6154197,5.6934385,17Neu,0.026530512023306453,0.11612857461292023,0.6487916524563804,0.10670364791529924,0.10184563854180664
W37027,3.1402547,5.3433213,5Ery,0.0062661029557323,0.0257698876772363,0.24235324636706373,0.016747483611019732,0.7088623856539539
W37028,-6.2727914,7.458873,13Baso,0.1342563698686756,0.0383175417097631,0.14974299191273785,0.6323876080238424,0.045295318061193975
W37029,-0.29989856,4.0952406,7MEP,0.014608348572511596,0.087656965188874,0.7218196110709569,0.025658763570108222,0.15025553037797199
W37030,6.0470166,4.4702673,3Ery,0.0002990366974335713,0.0011377804410768468,0.010844796341843925,0.0008340872939035101,0.9868837461959713
W37031,6.716472,4.2246547,5Ery,0.000218378598403664,0.0007947929930535836,0.0075288936794217455,0.0006371177091800581,0.9908203015711482
W37032,-6.6944947,6.8403606,13Baso,0.15972247736219414,0.03678088886189579,0.14120560367681984,0.6190017231253461,0.043289236693027144
W37034,-0.7829341,7.206635,8Mk,0.03648601039437259,0.06986388845122209,0.513403817858537,0.14404189399057493,0.23620181218927067
W37035,0.23264387,4.345278,6Ery,0.012623975352740133,0.08921523462946147,0.6846873260371835,0.02275357237400883,0.1907190385061964
W37036,5.9038935,6.222398,5Ery,0.00046880995198258347,0.00189718998106058,0.018013161766753442,0.0011951517709814388,0.9784250134745034
W37037,4.337793,4.7687154,5Ery,0.0049302766561788135,0.015884924354208452,0.15583395224401,0.016537963533228787,0.8068120314187962
W37038,-4.9356318,2.3395631,11DC,1.0,0.0,0.0,0.0,0.0
W37039,7.043603,5.977535,5Ery,0.0002129762468029743,0.0008518248283317615,0.008051703155944003,0.0005484884454025192,0.9903344129381482
W37040,-4.3424335,9.513172,15Mo,0.074928580069044,0.060765208087187904,0.24497459416531345,0.5630502997466924,0.05628060826699049
W37041,6.710581,6.3530593,2Ery,0.0003010891707180749,0.001215694672387454,0.011500021422175231,0.0007672145467011695,0.9862152934056225
W37042,7.4829993,6.5103526,2Ery,0.0001915447699376571,0.0007734954344065265,0.007291113628514953,0.0004839314415931425,0.9912592718547467
W37043,-6.867619,10.199253,15Mo,0.06126892738735969,0.021018196161207436,0.08570800880472902,0.8079465810833408,0.024057994814419992
W37044,-5.791209,10.1043625,15Mo,0.070418471907778,0.029299271981724814,0.12126979881345643,0.7459762734747577,0.033035820258000385
W37045,-7.615897,8.6241665,13Baso,0.10202108417788985,0.02958364978185986,0.12649534327828604,0.6975389403328457,0.04436110983445176
W37046,-6.8334146,8.646997,14Mo,0.15878994000121416,0.032320746488535335,0.12746983908529647,0.6438162636123038,0.03760297317198155
W37047,-6.435781,8.907104,14Mo,0.1400076620941895,0.034683592705135345,0.13673030254392612,0.6490083098066263,0.03956977209716975
W37048,-4.8690567,8.343133,14Mo,0.1344090024309101,0.04826961928543081,0.18359185599121225,0.5828963117403941,0.05083270154178122
W37049,4.250857,4.9528556,5Ery,0.0023159721362586683,0.008329183272063263,0.08116665653960313,0.0070211579278304445,0.9011663411919127
W37050,1.5661671,5.1773534,7MEP,0.011102896549650732,0.0529158272003414,0.5421512549304867,0.024703070408064378,0.3691260668008038
W37051,6.2420125,4.916616,3Ery,0.00034045988988837397,0.0013180619274441611,0.012557062474623478,0.0009273631720407836,0.9848564708291943
W37052,7.220309,5.8630347,2Ery,0.00020284470959238643,0.0008140630004262051,0.007682866502967145,0.0005183849011564618,0.9907812177890949
W37053,-0.041454066,5.0007367,7MEP,0.009820803636234705,0.054031684019656336,0.7844935048901307,0.020313207936284498,0.13134015480609132
W37054,7.7666388,7.4620705,1Ery,0.00019942174049150752,0.0008148451720125411,0.0076427254448405025,0.000490661344448867,0.9908515655861875
W37055,-8.00729,8.303931,14Mo,0.15531283428605078,0.028316519816431223,0.1117387890199873,0.6703859799446227,0.03424587635890972
W37056,7.3092117,6.218591,2Ery,0.00019892831190392946,0.0008003021940458338,0.007552946708294355,0.0005065689907077779,0.990940627504786
W37057,-6.6467853,9.499008,15Mo,0.07363495084216237,0.032048772060451106,0.13864933729513304,0.7172595646795009,0.038407207829875604
W37058,-8.380711,8.47306,13Baso,0.09831732517083737,0.020091721497318898,0.08086096726930392,0.7746086496623567,0.026121449230528764
W37059,6.466926,5.2082887,4Ery,0.0003163542918250546,0.0012341922249598542,0.011739224158615294,0.0008509486991973361,0.985858713445086
W37060,-8.922875,8.454506,13Baso,0.11389863476698756,0.018884278845189645,0.07593600380162514,0.7660445972838582,0.02523670608418112
W37061,3.330639,4.8272953,6Ery,0.008218264042909654,0.02635249475087043,0.25853238948162943,0.027509904723892233,0.6793860320551015
W37063,-3.7183344,6.546455,9GMP,0.07480897919713415,0.06705020279855045,0.3377850155736663,0.384032808707731,0.13632243226695692
W37065,9.250404,4.0271726,3Ery,5.614523434816467e-05,0.00022386054270114047,0.0021100564085871935,0.00014448081069989678,0.9974652318565782
W37066,3.7699785,5.0242653,6Ery,0.004835904676098123,0.018415283807028296,0.18277931361905253,0.014012093432500417,0.7799566190183791
W37067,8.297204,7.039023,1Ery,0.00018656900481034983,0.0007629570662074145,0.007144545064700149,0.0004567809018467921,0.9914484389063654
W37068,6.886407,4.1134524,4Ery,0.00017782443717273176,0.000680840417364372,0.006469590340570845,0.0004904564291307571,0.9921808456791523
W37069,-7.3140087,7.3441744,13Baso,0.14675017897320347,0.03185658365569213,0.12489471196236941,0.6575372199000028,0.038961253207179164
W37070,-5.460291,5.9358344,9GMP,0.09281421856105541,0.0642292956285729,0.23668867375949243,0.5011694868259975,0.10509811105559179
W37072,-0.17038344,5.1011467,7MEP,0.0,0.0,1.0,0.0,0.0
W37073,-5.716412,8.786999,14Mo,0.12902286574248595,0.03831660568716629,0.14979484634467588,0.6404123250342142,0.042452970808694195
W37074,-7.0172334,8.289898,13Baso,0.09633999702294896,0.037301870780209995,0.1633383775658289,0.6485809903006917,0.05443872805358994
W37075,-8.35103,7.5438113,13Baso,0.156567600917042,0.026418611114959908,0.10470528689839934,0.6786564485641324,0.033652195305408694
W37076,-2.5166333,3.684438,19Lymph,0.0,1.0,0.0,0.0,0.0
W37077,-3.362814,6.599012,10GMP,0.08168885805466168,0.08739723213403959,0.4033824582223527,0.3175334827311136,0.10999704927901709
W37078,-1.5541352,6.781972,9GMP,0.04377287527808289,0.07792836908843435,0.5119240821123986,0.17263879421203104,0.1937347182661089
W37079,3.9833963,5.40005,5Ery,0.003410440417957105,0.013294104611286476,0.12963872697392256,0.009536226760422054,0.8441197757879219
W37080,-6.2273755,11.451175,16Neu,0.05085557394987208,0.021315553010264016,0.08727813112053207,0.8171530365232751,0.02339730739179061
W37081,-6.110236,8.733565,14Mo,0.1317253266503383,0.03622258038670227,0.14224638239579568,0.6490544698095649,0.04075084949533943
W37082,-6.5190406,10.207891,15Mo,0.056820909362451835,0.02646523944714313,0.11208860335372903,0.7743822118000842,0.030242849657685603
W37083,7.73145,5.994927,2Ery,0.0002261636644599211,0.0009145515956572653,0.008623011011136118,0.0005683704499285297,0.9896672753854648
W37084,8.066209,4.741751,3Ery,0.00012405254633474563,0.0004883380107285509,0.004611697019409591,0.00032616037613739416,0.9944493283194535
W37085,-5.483618,6.9301715,13Baso,0.08961387926925375,0.04194385021382073,0.18598750515964158,0.6185481044731098,0.06390660041813956
W37086,4.3505855,5.2141395,6Ery,0.0024363176015843747,0.009617365860195747,0.09454565783462857,0.006748753747663472,0.8866511715813407
W37087,5.2180033,6.316096,4Ery,0.000910819152974341,0.0035850312257503514,0.03417742256586575,0.002416253552519726,0.9589097937356353
W37088,8.339562,4.709255,3Ery,0.00011790466933496397,0.0004693455590775693,0.004427021368329354,0.0003045150985612156,0.9946807716992841
W37089,-7.140652,11.171575,16Neu,0.03878440426755117,0.015193766937150414,0.06238057604719522,0.8666166525345462,0.017024325340455004
W37090,-1.5344718,7.4663815,9GMP,0.046876400650791676,0.058738867766734884,0.3825442449027342,0.22613244931878582,0.2857066194177677
W37091,-2.1941936,6.100334,9GMP,0.0657411772976819,0.12119051466802797,0.5800115555494432,0.12849826591580196,0.10455753310141372
W37092,-0.73606646,4.7939057,12Baso,0.0,0.0,1.0,0.0,0.0
W37093,-0.786142,5.092659,7MEP,0.0,0.0,1.0,0.0,0.0
W37094,-6.0914683,10.853625,16Neu,0.0545018841053043,0.023989187234030863,0.09695340733969054,0.7989031138945183,0.025651974589323646
W37095,2.8041565,4.637822,6Ery,0.008594080232023245,0.028178851384469097,0.2994248579509428,0.028022743270396073,0.6357785402561477
W37096,-6.019133,8.201425,13Baso,0.10818725756264072,0.04293564765484745,0.1783632012788601,0.6158736712388293,0.05464001125741945
W37097,-2.6576002,7.9036293,17Neu,0.04787874871491383,0.09055913202659474,0.4811959425082103,0.2767086561727886,0.10365775776808893
W37098,-5.9922967,9.089318,14Mo,0.12684372421909862,0.03864029052977637,0.15425044580438352,0.6368929766183522,0.043372153234829396
W37099,8.705177,5.336166,3Ery,0.00012962727328934116,0.0005187190035289574,0.004889053858329562,0.000331763363853189,0.9941303435470926
W37100,-7.1177235,11.576128,16Neu,0.030130673202606435,0.012232569645241552,0.05018566143821991,0.8938829095497881,0.013567983110118436
W37101,-6.2180324,7.151098,13Baso,0.11196151663022127,0.04217058753018598,0.17275659608504107,0.614419872826171,0.05869127724330945
W37102,-6.79016,8.172062,14Mo,0.16210500617861182,0.03327855074674576,0.12980075035838057,0.6362423693379909,0.03857315604118234
W37103,9.499382,4.671831,3Ery,8.145053309402559e-05,0.0003264825999964925,0.003074815479010398,0.00020764035584503818,0.9963092600784719
W37104,-6.170737,8.485306,14Mo,0.1099137167382298,0.03847155362325799,0.1567392001097735,0.6477826346615487,0.0470926413822869
W37105,-6.629892,11.180174,16Neu,0.04476711624950739,0.018293414310510018,0.07502360317084222,0.8416278901315865,0.02028765527013226
W37106,8.237607,5.120218,2Ery,0.00014385042151545595,0.0005751744458734713,0.005425590374919595,0.00036923099547620604,0.9934856397271539
W37107,-3.712752,8.928111,18Eos,0.06327960683663553,0.07616772691302484,0.3770285823547969,0.4028290597604752,0.08069480116405052
W37108,0.1635152,5.1134887,7MEP,0.00880848884575049,0.04635183338885716,0.7900247144670907,0.017086247185185727,0.13772814904377287
W37109,-0.3625311,4.556252,7MEP,0.010817464395988982,0.0894478234523375,0.7738011220165202,0.018532201796401828,0.10740080681538319
W37110,6.215488,5.0457964,5Ery,0.0003745799680678041,0.0014274724263423709,0.013753532539972094,0.0010512055621953096,0.9833926118815733
W37111,-5.71645,9.445299,16Neu,0.10826375189450746,0.034894640380940624,0.13749221241836956,0.6816607037276742,0.037688182770011944
W37112,7.128195,6.501599,2Ery,0.0002280720189369315,0.000925190636229708,0.008714181440604304,0.0005712246470579775,0.9895606631335425
W37113,5.705553,6.037091,5Ery,0.000480367416860568,0.0018995337577684271,0.018097833414977005,0.001268547430595964,0.9782530759858323
W37114,-6.297341,8.1369705,13Baso,0.13680503853871592,0.0386237883904263,0.15008133128896284,0.6303693681191499,0.04412020381396964
W37115,1.3404325,4.824792,6Ery,0.011279781018117467,0.06133200070009175,0.5740518882488279,0.02295076491288125,0.33038468074241034
W37116,-6.1481724,8.761596,14Mo,0.15502242835105842,0.03563232190705813,0.13903775735856072,0.6304025138582112,0.03990465180698561
W37117,-2.909558,7.9324803,12Baso,0.04986101513770905,0.08669912768799758,0.4658614072547912,0.2937545279128034,0.10382417149576305
W37118,-5.1664376,6.7555327,13Baso,0.12055455270488613,0.05524867108427667,0.21498062662326106,0.5408451526158403,0.06837058211481647
W37119,6.441609,4.882197,5Ery,0.0002490622008047487,0.0009665464986768965,0.00918054944081505,0.0006736924314035983,0.9889295868807413
W37120,6.844587,5.3136444,2Ery,0.00020355670397541738,0.0008072791372095132,0.0076389531527699854,0.0005317134611614276,0.9908179220561157
W37121,8.308755,4.8409257,2Ery,0.0001277719480228369,0.0005080779873994476,0.004792250786274814,0.0003304903144718243,0.9942409323926622
W37122,-7.552004,8.26223,14Mo,0.1550515856981956,0.029882993138358814,0.11821211424756042,0.6606144915065447,0.036238788895005765
W37123,-6.5267634,10.949099,16Neu,0.05099088033366747,0.019113340556303822,0.07817772523704884,0.8302565019738455,0.021461239480904407
W37124,-6.1591167,8.911671,14Mo,0.10449642564395696,0.04189630415103214,0.17733407296955372,0.6237715205945575,0.05250144048294834
W37125,9.176101,6.234772,1Ery,0.00013992175010639645,0.0005652612828892503,0.005316518215159955,0.00035160104874661167,0.9936260851684595
W37126,-4.6480236,2.468634,11DC,1.0,0.0,0.0,0.0,0.0
W37127,8.50774,6.1372037,1Ery,0.0001593772566442121,0.0006431587312007861,0.006052949952107153,0.0004016287513212381,0.9927422504233993
W37128,-5.3646984,7.3576484,13Baso,0.10491224948309218,0.047620925218732,0.19777122021664062,0.5849893906388919,0.06470594850183325
W37130,6.180583,5.344758,3Ery,0.00037443826497185874,0.0014882409452092213,0.014184599689365649,0.0009846108035649755,0.9829675219577955
W37131,6.404047,5.6041512,5Ery,0.0002703679456216404,0.0010614959162939595,0.010080954567463277,0.0007201060218384617,0.9878664789142394
W37132,-6.488944,10.979863,16Neu,0.04890724036365216,0.020368190921407178,0.0838943461410547,0.8242457119238817,0.022584127114765137
W37133,-6.260787,11.372608,16Neu,0.05116984583614259,0.021185731622091652,0.08688149839766261,0.8173399079556375,0.023422625608382024
W37134,3.224035,4.877981,6Ery,0.006276063215355043,0.025041140272287234,0.2501581406549227,0.017550035175013388,0.7009737728464491
W37135,8.861039,6.6818924,1Ery,0.00015338558241413897,0.0006214229163628141,0.005839728433870067,0.0003831378450302153,0.9930016517197819
W37137,-7.068628,8.60727,14Mo,0.1129831809195492,0.03712276599650453,0.15738653063760819,0.6430658092919177,0.04944164575872363
W37138,-7.1801724,10.439357,16Neu,0.04912680014409377,0.017456395690809454,0.07217756334467462,0.8406442910995732,0.02059474194884656
W37139,8.105336,5.073356,2Ery,0.00014246196821838576,0.0005676100457058058,0.005354747783443723,0.00036749531079035533,0.9935671650281994
W37140,2.1993327,5.5714364,10GMP,0.02303309401006036,0.05011544220295179,0.4111654433974816,0.08165078408751858,0.43403414194415607
W37141,5.0657573,5.6146255,5Ery,0.0008744339144771957,0.0033361562057870205,0.03203982924985362,0.0024610295664455307,0.9612879378038097
W37142,-7.3416696,7.8674207,14Mo,0.17006933880108432,0.030866403745883935,0.12097928949106737,0.6413106777733425,0.03677424746329286
W37143,6.6863728,7.239126,2Ery,0.0003158582280152677,0.001324257644017183,0.012298070422474458,0.0007255944304569894,0.9853354902950282
W37144,4.519587,4.4060755,6Ery,0.0042433435291971185,0.01179045218246871,0.109956956810219,0.015565486381431931,0.8584429767296681
W37145,7.057668,4.4713526,5Ery,0.0001940159518965546,0.0007424348862444974,0.007038102353768069,0.0005330519386994762,0.9914918776874897
W37146,8.39126,7.338256,1Ery,0.0001733262416793171,0.0007048590921700048,0.006619456499871105,0.0004301198157202893,0.9920714971202977
W37147,-0.07583079,4.6020293,5Ery,0.010876796488042227,0.06799097591598732,0.7451357868777524,0.020827618925385042,0.15516811868384423
W37148,-6.3812027,10.1722,15Mo,0.06510170495532866,0.023857573313895947,0.09838733418611524,0.7847448105506236,0.02790828931700683
W37149,-2.4525113,3.7886083,19Lymph,0.0,1.0,0.0,0.0,0.0
W37150,-3.0135767,5.87759,10GMP,0.06845036234527743,0.11706455270286785,0.4898352604214528,0.21447300363916108,0.11017590607831988
W37151,8.165812,5.6942406,2Ery,0.00016222564772383933,0.0006510701773002742,0.006137709447460313,0.00041361420658692284,0.9926347921966235
W37152,5.927761,4.756621,5Ery,0.00035078668993883866,0.0012931974225009787,0.012321822233813947,0.0010149739185746562,0.9850185865686583
W37153,-0.3644701,4.762347,7MEP,0.014253510735584264,0.06671732746861489,0.7683256975110421,0.021519038020259992,0.1291837497664772
W37154,5.5727205,3.4710944,6Ery,0.0004965493004265664,0.0016492282608961395,0.016099287743204883,0.0016271770020665022,0.9801274288653938
W37155,-5.21383,2.771748,11DC,1.0,0.0,0.0,0.0,0.0
W37156,7.3735743,4.80473,4Ery,0.0001734594450905162,0.0006830895322052728,0.0064630587833146525,0.0004573098480622816,0.9922225691366613
W37157,-7.9878745,8.431415,15Mo,0.12848921494474908,0.02436484874057279,0.09592454377566849,0.7218648680558974,0.0293565876856275
W37158,8.57571,5.2760506,3Ery,0.00013094066535309628,0.0005239656422052118,0.004937559278789199,0.0003348828896126531,0.9940721357518688
W37159,9.139049,5.6099935,2Ery,0.00012322561845564748,0.0004959267670086796,0.00466835274354785,0.00031192791860339727,0.9944000405637652
W37161,0.45193082,5.2715073,7MEP,0.013320239846528107,0.05841321023978826,0.6992990358134318,0.03107094635848676,0.19789564081505417
W37162,9.604436,5.130467,1Ery,0.000106927928935231,0.0004304215021026514,0.004050675348178808,0.0002704569004990064,0.9951410453718296
W37163,-0.33732307,4.3780813,7MEP,0.0,0.0,1.0,0.0,0.0
W37164,4.2430634,5.424693,5Ery,0.0024372147176034463,0.009217534700292873,0.08938649689660005,0.006974317573689495,0.8919836720055396
W37165,7.710259,3.7588427,3Ery,0.000122098655400504,0.0004620809294629697,0.004369829930572514,0.00033974909747161035,0.994705844583766
W37166,6.178644,5.3160634,3Ery,0.0003017922062983312,0.0011899569371629627,0.011303670277352207,0.0007997221931970709,0.9864042668288375
W37167,-7.472378,8.421759,13Baso,0.10356563062550873,0.03326557586506449,0.14175627274338126,0.6718845362100541,0.04952803620157974
W37168,7.114288,3.5745835,3Ery,0.00013538636948451848,0.000499665278583738,0.004742671358491007,0.0003913502297284119,0.9942305977499805
W37169,-6.7445517,10.850212,15Mo,0.04923592872340002,0.01927605785508968,0.07926718733974805,0.8305460542437313,0.021674445110562653
W37170,-7.545276,8.952161,15Mo,0.11189993629552461,0.028069230935284482,0.1133701086131361,0.7125641333437072,0.03409648394490094
W37171,6.3932133,4.827251,4Ery,0.00028724744312764175,0.0011210994869206075,0.010664184720329995,0.0007726132931417123,0.9871542812071747
W37172,-6.879145,8.869197,14Mo,0.1404365414773175,0.033687150865164744,0.13346628318855205,0.652973864383282,0.03943588229928383
W37173,7.3821898,6.3260627,2Ery,0.00019702950335551681,0.0007936988391727958,0.007483396239936866,0.0004997619629257408,0.9910254743590394
W37174,8.660876,5.1520276,2Ery,0.00012396611880834393,0.0004950873063578412,0.004666466742030329,0.00031817213803254685,0.9943958241372234
W37175,-7.1271515,11.382786,16Neu,0.028022741814215095,0.01150037154920307,0.04734007084788027,0.9003442120304147,0.012792411416989448
W37176,-8.519381,7.3048363,13Baso,0.14901142467872536,0.026345774430259816,0.10454211118082367,0.6862704712868973,0.033830379609380075
W37177,-6.1944733,6.758928,14Mo,0.12473904025898257,0.04585781274102194,0.17675148179354103,0.5957825401872184,0.05686890591831103
W37178,3.8906043,5.2042093,5Ery,0.003789111329196913,0.014222910899464333,0.13842386725196787,0.011040948551951332,0.832522404441535
W37179,-5.873295,9.976593,16Neu,0.08009676830658867,0.030427175721614963,0.12488738658171147,0.7299521193502644,0.0346361807596586
W37180,-5.3242707,8.665531,14Mo,0.1466370397547354,0.043177731793639235,0.1672219217863204,0.5966029154848997,0.0463598630399058
W37181,-5.836966,9.734493,16Neu,0.09015889216004647,0.03092265662724812,0.12487931887660127,0.7195817618390852,0.0344568462731044
W37182,-0.6053127,7.7088714,8Mk,0.03970515756095758,0.06278106486580154,0.4503039062342134,0.17953013125241551,0.26767722784433234
W37183,0.72024584,4.460789,7MEP,0.011515874944859181,0.07563632846673095,0.7078649253162813,0.02137423384552792,0.18360783000207825
W37184,-0.8551279,4.9993634,8Mk,0.0,0.0,1.0,0.0,0.0
W37185,-5.4418716,7.886548,14Mo,0.131029130818855,0.0442621017378669,0.1684807574890602,0.6075170662904364,0.04871057756190119
W37186,-5.3564014,6.426442,10GMP,0.15320095779235776,0.05724988631237281,0.23665893319846684,0.4810858535973143,0.07180390501546019
W37187,6.449598,5.333859,5Ery,0.00024584249614987674,0.0009610462742380569,0.00911500401932042,0.0006578103628663164,0.9890196887154457
W37188,0.28956583,5.957987,10GMP,0.018383698040848533,0.058922255488422504,0.5410919231199204,0.0542597336195247,0.3273412325486818
W37190,6.5887856,4.927422,3Ery,0.0002181184036209161,0.0008567304315267899,0.008127555598481263,0.000579387859411962,0.9902176526445294
W37191,-6.5235276,6.917716,13Baso,0.11155516320252717,0.043772184899337416,0.18958945245591743,0.5846233455090885,0.07045971926197565
W37192,-5.3306155,8.484776,14Mo,0.1258677893636017,0.04459969180876777,0.17250897828270184,0.6082381369781531,0.04878497566218234
W37193,8.2206135,5.3818455,3Ery,0.00015121853441354505,0.0006040607262351409,0.005697997367441502,0.00038863853053195345,0.9931575431111358
W37194,5.173145,6.838652,2Ery,0.0008095814760201171,0.00336488225619382,0.03236791893399449,0.0020268387744882136,0.9614300850869203
W37195,6.524925,7.434907,2Ery,0.0003823497286519192,0.001600380674042869,0.0149331054872114,0.0008854264718637303,0.9821979755037925
W37196,-5.437897,10.021492,14Mo,0.08092891220904563,0.03341760407212832,0.1363426291998679,0.7120799964660499,0.03723048496877374
W37197,6.139706,6.685091,2Ery,0.00032546873077674633,0.0013199546055295424,0.01250417854729617,0.0008258769081459283,0.9850238321345229
W37198,2.7340338,5.560968,6Ery,0.008090531421619909,0.029264365042819634,0.28602148927977683,0.02427322400199832,0.6523494483005703
W37199,7.373189,5.4764376,4Ery,0.0001855930818119304,0.0007388138699799153,0.0069827191331314365,0.0004805733260212484,0.9916117597427434
W37200,-7.2963233,10.052396,15Mo,0.053887977497890295,0.01688201745982956,0.06885840070894048,0.840803412014913,0.01956802819312242
W37201,-6.0596814,7.004704,13Baso,0.13307438383159448,0.04304168003593379,0.1666356798135567,0.6056267412248871,0.05162133392967067
W37202,3.3524787,6.0452704,6Ery,0.006045812218122887,0.02461654157775725,0.23655622466640489,0.01528040688266569,0.717500167186585
W37203,-2.0313873,6.879191,12Baso,0.032748615226825345,0.1041952989592117,0.5932152605338834,0.14913654000602602,0.12070429156370535
W37204,-5.210641,10.727288,16Neu,0.0644719802649502,0.02783847086667349,0.1125908858007526,0.7653168604243503,0.0297812176847518
W37205,-6.6218886,9.018538,14Mo,0.12934200321457856,0.03388861018101331,0.13465653906142783,0.6629546189063871,0.03915790211638351
W37206,-6.0771976,10.174754,15Mo,0.07158610207764939,0.029029015910839742,0.12094955963562297,0.7454507520477552,0.032984180229985297
W37207,-8.837004,7.875757,13Baso,0.1609115759761494,0.023987672418621195,0.09550437908124107,0.6886003199334888,0.030996310439278522
W37208,7.598452,5.5430818,2Ery,0.000171430140664791,0.0006858389359079789,0.0064701197679014515,0.0004395930843624882,0.9922324180979695
W37209,-4.5336843,8.452517,14Mo,0.12234263213794729,0.06283331190778663,0.20674978966047866,0.5526263312616342,0.05544739128592242
W37210,-4.2123218,8.2866125,14Mo,0.11738442283304604,0.0660255173837998,0.2501919312162885,0.5018676766333201,0.06452976116428466
W37211,-0.8931767,5.8258414,12Baso,0.02120712065526639,0.07944542119929172,0.6956272461457321,0.056237861234176005,0.14748159108253836
W37212,-2.0276394,6.4341364,10GMP,0.045524755535621006,0.10330080892459315,0.5973894227030871,0.12545314105491007,0.12833108509593344
W37213,-0.4963055,4.79127,7MEP,0.016544453461512464,0.09232701690008006,0.7294386323318474,0.0249894465435059,0.13669968377434288
W37215,7.890666,5.8502955,2Ery,0.00017616413107241004,0.0007090034331440956,0.006684081722937968,0.0004471685032724594,0.9919829850455193
W37216,5.4297314,5.4455886,4Ery,0.0006663888070227149,0.0025804735928428406,0.024792374641911696,0.001846762818776145,0.9701133756584639
W37217,6.2713027,6.3047557,3Ery,0.00030608008288420256,0.0012296723934332066,0.011641203833421262,0.0007856306946674639,0.9860367513207077
W37218,-5.4884934,10.51344,16Neu,0.07053812603168705,0.02926194125619462,0.11959160779819455,0.7484873487439303,0.03212045463830068
W37219,4.4088883,6.482135,5Ery,0.0035423291506085624,0.015744215257122867,0.14538474055116124,0.006932932373377888,0.8283950138759003
W37220,5.980929,7.0456004,2Ery,0.0003755077127667149,0.0015520658948620207,0.014632863496896372,0.0009173015422871899,0.9825215376003882
W37221,5.9227047,4.83552,3Ery,0.0003602862399682255,0.001315922816687229,0.012531420708009305,0.0010532686783281421,0.9847384803397601
W37223,6.899119,7.1175156,2Ery,0.0002438535049661282,0.0009955631650161094,0.009369914692662568,0.0006046708852088578,0.9887852712660339
W37224,-5.0314746,8.822847,14Mo,0.11742585807128672,0.04346582562406112,0.17228424481514484,0.6192239357117948,0.04759966806812085
W37225,-7.7373986,8.485912,14Mo,0.14643292252047801,0.027399621926626462,0.10838442389502119,0.6849278253940537,0.03285518728023631
W37226,-0.6795571,7.29441,8Mk,0.03777465535835846,0.06899235840935787,0.5059429457299291,0.151324130964048,0.2359633419231098
W37227,6.035834,6.599703,5Ery,0.0003930495812507868,0.0015787182934288346,0.014966301593676418,0.0010130361690256474,0.9820482024693351
W37228,0.65288043,5.204069,7MEP,0.01279951403925177,0.051840293151466536,0.6635995196506598,0.03197254304249067,0.23978719070994678
W37229,-0.19688238,4.103758,7MEP,0.009472252051223581,0.052298850160941664,0.8155344212753862,0.01960542112540069,0.10308859739531284
W37230,-6.3548584,11.603846,16Neu,0.049247636221147924,0.020443042053693253,0.08381399784317166,0.8239650507248077,0.022529873343028563
W37231,6.431766,6.4346294,2Ery,0.00026003285923361524,0.0010450070188373327,0.009883787643754761,0.0006665016193077492,0.9881439710795143
W37232,-6.865971,6.389393,13Baso,0.143482023634643,0.03705522411903908,0.14576032565590383,0.6235952637787456,0.050107109006717235
W37233,6.83098,5.0235305,5Ery,0.00022023519766223846,0.0008557621736410079,0.008122239088610782,0.000593403866587072,0.9902078033014972
W37234,4.9842243,5.9303956,5Ery,0.0009371992939839084,0.0037537148244863516,0.03599772149036547,0.002473857582896924,0.9568368568058154
W37235,-5.519839,9.71608,14Mo,0.09007326365030692,0.03307056147345479,0.13254688423079314,0.7078864363683283,0.03642240600624098
W37236,2.4900098,5.2430778,6Ery,0.009016847598626278,0.038756218633372426,0.4068384295507317,0.0232665572912261,0.5221210225975028
W37237,-5.254263,8.512966,14Mo,0.15164099541507683,0.04044012359797238,0.15541038728799175,0.6085370155952273,0.04397111058307723
W37238,-0.43966213,5.741053,7MEP,0.01429174117506013,0.06682087634033995,0.7483934303132888,0.041801571186098424,0.1286917667629423
W37239,6.987594,6.8995824,2Ery,0.00023061635718459974,0.0009397533014398019,0.008839369624349072,0.0005724240346943973,0.9894171262186983
W37240,-4.3377447,6.7277946,13Baso,0.11435279003471259,0.07822231846450745,0.29466117196409575,0.43153848306731263,0.08122451675241234
W37241,7.547204,7.3172655,2Ery,0.0002078595257482205,0.0008492716060981073,0.007965496068111888,0.0005111891364001629,0.9904654091517073
W37242,-4.2503104,7.975509,14Mo,0.10836576250387675,0.07438421170479928,0.28870821358026005,0.45566724518528207,0.07287392188322629
W37243,6.563139,6.8503156,2Ery,0.0002895687235524417,0.0011812183737703848,0.011142179490582462,0.0007229758998721916,0.9866633210959429
W37244,-6.4139423,10.247545,15Mo,0.06122629391538349,0.024425301677393138,0.1008639286738528,0.7857090877871717,0.027775043962840626
W37245,4.850425,5.264993,3Ery,0.0010141839695224386,0.0038958240991817388,0.03752852052292566,0.0028422525048455017,0.954718569954915
W37246,5.70689,4.4458847,5Ery,0.0005185805235750191,0.001799629350675861,0.017172619559657088,0.0016021040218308824,0.9789064512048873
W37247,-0.67622995,5.9979315,10GMP,0.027973421459866216,0.07103708069016869,0.6463282449055948,0.08253122970193193,0.1721286352303314
W37248,3.092169,5.8205304,6Ery,0.005837884806012734,0.024952270630712616,0.25029785177262726,0.014752325610761497,0.7041588804466203
W37249,-3.3457744,7.5411263,15Mo,0.08231295728523444,0.13206474542229515,0.4164551468166922,0.27757985152928566,0.091586351091041
W37250,9.482585,4.470681,1Ery,7.19794562088665e-05,0.00028845292136771527,0.002715778415624897,0.0001834417273961798,0.9967400300161292
W37251,6.9835443,3.9808624,4Ery,0.0001786148156405016,0.0006672165234633792,0.006361262501413908,0.000508931306328516,0.9922835631408845
W37252,-1.8727264,6.9172087,12Baso,0.031615350030395964,0.09511082575078417,0.6073828654792819,0.13781742264510388,0.12807343478587566
W37253,5.540585,6.151367,4Ery,0.0010781801843237938,0.004815671957225678,0.04399065281318687,0.002299259699105227,0.9478155010009472
W37258,-8.554623,7.194008,13Baso,0.1790143948311808,0.025562420469787232,0.1006173044131787,0.6630436604965877,0.03176245044515628
W37259,6.8120894,3.335612,6Ery,0.00018941414095000137,0.0006642257902468559,0.006415360285376667,0.0005865000281859622,0.992144226186901
W37260,1.7545458,4.3745437,3Ery,0.009401147597986353,0.04544879650760587,0.4052565221281237,0.016704095542085295,0.5231885573976052
W37261,0.48894534,6.9811096,8Mk,0.013332038413549603,0.026642127534464075,0.227988296165823,0.05699365430438623,0.6750429139241524
W37262,6.137447,3.0315146,6Ery,0.00039881080468094713,0.001109966275394697,0.010355696373871591,0.0014799010918346528,0.9866553946067304
W37264,5.954916,6.0954103,3Ery,0.0008275813767793535,0.0034087760432139924,0.0327351517693146,0.0020809746049805728,0.9609468383876227
W37265,8.011465,3.8842356,3Ery,8.889953389500822e-05,0.00034547370280779363,0.0032672091205276726,0.00023872764406545453,0.996059375786414
W37266,8.189034,3.310589,4Ery,2.9574690818009952e-05,0.00011248878167493498,0.0010621057523252351,8.179709220783282e-05,0.9987139272428819
W37267,-8.040725,10.480334,16Neu,0.0,0.0,0.0,1.0,0.0
W37268,-0.14042614,5.0255513,7MEP,0.010577262609910095,0.0685418089734577,0.7749426304700929,0.023279844456369856,0.12265783800689052
W37269,8.336133,3.9460406,3Ery,7.292024811782029e-05,0.0002884539672302873,0.002722467305542096,0.0001902902712696129,0.996725606675921
W37270,-8.612205,10.330478,15Mo,0.0,0.0,0.0,1.0,0.0
W37273,-4.528763,5.729911,10GMP,0.09881819126688647,0.08983577263663092,0.3124410149066927,0.40526059970929756,0.09364358120607806
W37274,-3.466568,7.087683,12Baso,0.06491691892243252,0.06777022328185318,0.36269989349328596,0.38296451852803715,0.1216483154890768
W37275,8.593374,3.3777957,3Ery,0.0,0.0,0.0,0.0,1.0
W37276,7.978645,3.3240776,3Ery,5.702402539263307e-05,0.00022096388263277857,0.0020881204772946103,0.00015366722559597928,0.9974800250582903
W37277,-9.020187,7.9026427,14Mo,0.15144635812155313,0.022561651173286398,0.08986993025170938,0.7069052273550898,0.0292171177235043
W37278,-3.584065,6.5622506,9GMP,0.07268804628864785,0.06988232848548304,0.32269969681207195,0.3832737049940163,0.15145556051906203
W37279,-2.902942,7.411344,12Baso,0.04649089175505452,0.07143847125945293,0.4097056921915823,0.3532752190611391,0.11908990345132936
W37280,-7.7030935,10.385229,15Mo,0.03207957156550439,0.011422538556112666,0.04784878287444674,0.8950598029765917,0.01358923815056414
W37281,-8.561303,10.418258,15Mo,0.0,0.0,0.0,1.0,0.0
W37282,8.4598255,4.5016966,2Ery,9.971071052834022e-05,0.0003967563383861429,0.0037400115940029203,0.00025747607725885727,0.9955056386594711
W37283,-5.8262157,7.788393,14Mo,0.14323692261855467,0.04169210827493126,0.1583512715987997,0.6107799608885381,0.045939513262541656
W37284,6.9037967,5.6192064,4Ery,0.00019370020611420908,0.0007705664433307147,0.00728177004310415,0.0005032420515272626,0.9912500758067666
W37285,8.319058,3.2495878,3Ery,4.781654148812488e-05,0.00018568722778868275,0.0017523908761842059,0.00012827877412713363,0.997885640786419
W37286,-7.814001,7.0003414,14Mo,0.1459526152118646,0.028919443081561986,0.11291938242446846,0.6769747926409506,0.03523380156358384
W37288,-7.4154744,7.292335,14Mo,0.14801086065041286,0.03117625694458928,0.12210260430101634,0.6612393322792266,0.0374709468612604
W37289,-0.8835433,7.9014435,8Mk,0.050429881046427316,0.04694041386518563,0.3080464222019457,0.3242496405490105,0.2703320098847645
W37290,-6.8950715,11.417749,16Neu,0.04415487846049701,0.01827758656111751,0.07532880203241103,0.8419693043254506,0.02026913403696974
W37291,-1.8006912,5.740399,10GMP,0.037398205442601196,0.1374017900591889,0.6109482632005593,0.09779186802841577,0.11645908980730273
W37292,8.131497,5.8024445,2Ery,0.00015548061465131836,0.0006251830441989072,0.0058880598592738745,0.00039472268230240904,0.9929359346042563
W37293,7.745733,6.207087,2Ery,0.0001719799857595377,0.0006933959352841174,0.006527218113371242,0.0004343168114992043,0.9921724267466334
W37294,7.3056755,3.2157478,3Ery,8.40325284964221e-05,0.0003098971167615175,0.0029375650632821005,0.00024288749564854234,0.9964253932469288
W37295,1.04982,5.5294986,9GMP,0.011774591207601954,0.046263805805272916,0.6187467161553002,0.02947950272683205,0.2937344754512883
W37296,-8.603357,10.304449,15Mo,0.0,0.0,0.0,1.0,0.0
W37297,-7.3040814,6.912628,14Mo,0.1525423326208909,0.031460335356947054,0.12207299208687092,0.6563088242311987,0.03761559155740637
W37298,5.47482,5.4202995,5Ery,0.0006161175817401735,0.002346378677440142,0.022453551809324478,0.0017262432685946128,0.9728570802561048
W37300,-5.0774026,8.0426235,14Mo,0.11446214109066569,0.053200805444527204,0.21479562911310496,0.556503270688705,0.061037776735070416
W37301,8.112929,5.288348,2Ery,0.0001377387655238297,0.0005500929183627002,0.005187621614737485,0.0003539291614902304,0.9937700988812895
W37302,-8.0243635,7.000031,13Baso,0.15467007895755602,0.027986467740820597,0.10994030036292392,0.6728533631303728,0.0345498956312795
W37303,-8.55839,7.5512915,14Mo,0.15522355838330326,0.023961908077097697,0.09465018641442445,0.696191309048507,0.029973247883016172
W37304,-8.559879,7.1222777,14Mo,0.17522624410157359,0.02546418328437506,0.10032072185851588,0.6672424050914219,0.03174667371151903
W37305,-7.4049993,8.508925,14Mo,0.08369265593029887,0.02815422880703975,0.11684002795728943,0.7327343401964335,0.03857878280080482
W37306,8.79576,4.1370997,2Ery,5.2400250676921366e-05,0.00020781725734964426,0.0019595657254314054,0.00013602968641167026,0.9976439745944035
W37307,7.968997,6.256938,2Ery,0.0001673174094107172,0.0006760587012175405,0.0063599504174551465,0.00042058543938751163,0.9923754410757688
W37308,-5.2701592,7.3873725,13Baso,0.1446833192715319,0.04782020087866311,0.17943302903601574,0.576070955574341,0.051992215447521584
W37309,1.7018158,5.054288,6Ery,0.010805623395825994,0.05097617107091583,0.49354468421812037,0.022767150682953693,0.421905414791919
W37310,-0.9083194,4.686457,7MEP,0.0,0.0,1.0,0.0,0.0
W37311,0.022367202,5.0589585,7MEP,0.012125202403338796,0.05910420146660976,0.7625470799615426,0.026630659450766002,0.13959227985813624
W37312,-6.700284,6.840985,13Baso,0.11080357161556556,0.0374146713961999,0.1541783620259989,0.6445102985494334,0.053093046683424995
W37313,6.695456,3.540912,3Ery,0.00016714944196087172,0.0006019380183714399,0.005734320867591944,0.0005006060019963699,0.9929956367716878
W37314,3.5768836,4.877995,3Ery,0.007953634339048358,0.022617125999345677,0.20277880127219672,0.02798700877429396,0.7386625453269253
W37315,-5.6456633,7.634022,14Mo,0.12923466019893232,0.04349383055209926,0.16827527922438387,0.6097023683082492,0.04929367103972131
W37317,1.4531581,4.503751,2Ery,0.012608647472899423,0.05788623320461919,0.5311905084500501,0.020427926545715198,0.377885742491451
W37318,7.8272142,7.0477552,2Ery,0.00019452116925389144,0.0007946820394758486,0.007446493650741321,0.0004776654051039096,0.9910858748193109
W37319,-1.2940383,7.28103,8Mk,0.04380771927329744,0.06006262984903364,0.39961633111599326,0.19720391608480475,0.2993077807720086
W37320,0.5381653,5.1607323,7MEP,0.010075739120706912,0.047337539378053,0.766082382840363,0.01988007093435055,0.15662357317572498
W37322,-6.4849215,11.529593,16Neu,0.0503929630443707,0.021519706954096517,0.08790720714012486,0.8167149177868072,0.023464848087672456
W37323,4.817598,5.2795844,5Ery,0.0015677462790883805,0.0060900535236023505,0.05899968667858635,0.004372817591002566,0.9289690247787981
W37324,-7.5335674,7.5210185,14Mo,0.17268516227719793,0.03037645989737586,0.11876025459159627,0.6420298204913194,0.036148281509536424
W37325,5.1824255,5.7691183,2Ery,0.0007443639780160815,0.0029175658229269514,0.028027075674423543,0.002033420114810518,0.9662769791096391
W37326,-5.8417716,8.89875,14Mo,0.116849854956827,0.03638734593406553,0.14354807957584215,0.662178358531443,0.0410361136543837
W37327,-0.4534925,7.5781913,8Mk,0.03968550326806902,0.06029685112635917,0.42911709609930637,0.18422875325749621,0.28666965544389855
W37328,0.66254073,5.9924874,7MEP,0.01322656493219265,0.05192889010858453,0.6512225652812649,0.03689826704420509,0.24672276621434383
W37329,-2.6866038,3.8140955,19Lymph,0.0,1.0,0.0,0.0,0.0
W37330,-7.446385,9.374887,14Mo,0.07980636493851,0.020969794708967968,0.08499377222651337,0.7885524373969895,0.025677587013132896
W37331,-0.5474825,4.8275614,12Baso,0.013370945071695511,0.0886916474798751,0.7507902529339333,0.02836997743807573,0.1187765606765581
W37332,-6.186865,6.5458484,13Baso,0.14620747928253927,0.043659299133265626,0.1643915878673314,0.5946108928574374,0.051130578153126195
W37334,0.23905389,6.7903314,12Baso,0.027891525304140102,0.056202799490891665,0.4213257014920008,0.12304524151039853,0.37153384837181896
W37335,-7.1361613,6.6532784,13Baso,0.15467034370793425,0.03439919029348285,0.13259531295958837,0.6370046028465114,0.041330532363080895
W37336,7.81533,2.9296024,4Ery,3.1526953087223045e-05,0.00011267112871931912,0.0010633278963849647,9.467288793016699e-05,0.998697706980559
W37337,-8.574871,8.565479,14Mo,0.09949937152527075,0.019341239600341308,0.0775380130984727,0.7786909683451669,0.024930590762909
W37338,9.174376,3.994868,2Ery,5.7060286064330426e-05,0.0002275818271529845,0.0021441298713711044,0.00014665851173544867,0.9974243294082135
W37339,6.3638115,5.5086207,5Ery,0.0002910736523191312,0.0011323746261148974,0.010773299319004217,0.0007870054231705512,0.9870156247594348
W37340,-4.7991676,2.5897236,11DC,1.0,0.0,0.0,0.0,0.0
W37341,-7.6617947,10.936596,16Neu,0.019880165046019964,0.007774066285534285,0.03205359868093735,0.931535956995004,0.008756104002124608
W37342,8.281409,3.0556042,3Ery,0.0,0.0,0.0,0.0,1.0
W37343,-4.896909,2.5119476,11DC,1.0,0.0,0.0,0.0,0.0
W37344,7.637436,3.9872916,3Ery,0.00010414331322775143,0.00040324167412138093,0.0038149231817778046,0.00028140952202301454,0.9953959377407154
W37345,8.42415,3.8077197,4Ery,7.616835216314147e-05,0.00029810429761607864,0.0028142848901048,0.00020205063126935987,0.9966091160116687
W37346,9.109431,4.173103,3Ery,6.375069160457585e-05,0.0002539135709401367,0.0023924523799363144,0.00016424609512031207,0.9971253647630594
W37347,2.3271272,4.775421,6Ery,0.008830010838844857,0.0349740110755597,0.3629316886224376,0.02482896271017624,0.5684344202838074
W37348,-8.4746,9.730914,15Mo,0.032559316955697915,0.007550298917158245,0.03129016892361146,0.9180002659956924,0.010600075743431516
W37349,-1.7556982,6.513358,17Neu,0.03096159935326557,0.10512399676937893,0.6138106084484029,0.14425513456340974,0.10584898574375876
W37350,-6.196678,8.017451,14Mo,0.13998893910769844,0.037872137322244565,0.14536204859088456,0.6346393802301983,0.042137344942176455
W37353,8.265685,4.0571184,4Ery,8.91121784283354e-05,0.00035215480425571094,0.0033235846667572263,0.00023298000388625426,0.9960018222036702
W37354,-4.93917,5.6651306,9GMP,0.11203517908914039,0.08910875942389238,0.24014792478189456,0.47942603263614064,0.07928155232805759
W37355,0.27252144,5.377986,7MEP,0.011011762151558467,0.05297849242526349,0.7697517989674695,0.025558354360732703,0.1406989151902755
W37356,-0.1792005,4.3666153,7MEP,0.0,0.0,1.0,0.0,0.0
W37357,-8.409734,9.497157,14Mo,0.058169744039932435,0.013185151733366835,0.054427906667768484,0.8562352683710617,0.01798208806977039
W37358,-6.5013294,6.4420652,13Baso,0.12973001172960763,0.037896316245923184,0.15183196439637642,0.6296683217343108,0.05087333581843798
W37361,6.7789783,3.558134,4Ery,0.00019422532805415512,0.0006899538638352268,0.006586398998674945,0.0005905417812490016,0.991938539594507
W37362,-2.664965,5.864669,13Baso,0.0643549309441816,0.10046683358153077,0.5349304368023542,0.19385871645188357,0.10638812159706187
W37363,-7.4420886,7.2352476,14Mo,0.17132589459132924,0.031378922435663335,0.12179440965757438,0.6383352682438337,0.03716553616430708
W37364,6.7274365,5.195734,3Ery,0.0002153814122596997,0.0008465041419907884,0.008025326513305783,0.0005723467978614388,0.9903398786881766
W37365,7.918083,6.983795,2Ery,0.0001908357063248074,0.0007774599946994672,0.007297066023576401,0.0004722483778987524,0.9912616452746906
W37366,7.822709,2.6917224,3Ery,0.0,0.0,0.0,0.0,1.0
W37367,-8.08659,7.736306,14Mo,0.1448340268299352,0.02762971454801527,0.10877567759242393,0.6849547777287718,0.03380587163059444
W37369,5.5782375,3.4554465,6Ery,0.000762881397931245,0.002402263597162911,0.0231721435298919,0.002643895664955067,0.9710184740828239
W37371,7.1529574,6.6652102,2Ery,0.00022052219949713492,0.0008975009668369389,0.00844127499508459,0.0005491306705431404,0.9898908186197133
W37372,-5.764362,6.330784,10GMP,0.1569801728567302,0.04851821173527228,0.18943587790387123,0.5450071913477061,0.06005829370155759
W37373,-6.0997868,7.031361,13Baso,0.15653066668326243,0.040752069792289486,0.15216958296370617,0.605471516355437,0.04507614458525903
W37374,4.3274293,4.693126,5Ery,0.002512837133960937,0.008625915741660231,0.082899477789204,0.007923886847499347,0.8980372739437724
W37375,0.7465358,4.576091,7MEP,0.011072144613047877,0.0617157488473006,0.7000239063111151,0.020606566715634256,0.20658082466721409
W37376,-7.7280736,7.1123476,13Baso,0.14397464980718905,0.02993282979434829,0.11775404724814156,0.6716308241331483,0.03670756905478586
W37377,7.9433947,5.879124,3Ery,0.00015219766547449926,0.0006117622269096055,0.005760737147640005,0.00038663800211693957,0.9930880119346327
W37378,7.9469223,6.072407,2Ery,0.00017430451050130927,0.000702603832172282,0.0066150010126497195,0.00044085495498913797,0.9920665630556871
W37379,-6.184121,7.8196254,14Mo,0.13513056347881303,0.03803953716891826,0.14874298620997184,0.6342529975624579,0.043833734484678796
W37380,7.5214167,5.3761044,3Ery,0.00017102750206410955,0.0006791760632887093,0.006415944668749683,0.00044424906666162194,0.9922890557440673
W37381,6.719037,6.401728,2Ery,0.0002558748240269078,0.0010473575867656713,0.009835265195050685,0.0006340766079842391,0.9882266919792156
W37382,-0.46828836,4.346892,10GMP,0.021507190274810063,0.09736988771427624,0.7054429762792976,0.027595408022634195,0.14808373350453077
W37384,-9.004553,7.5051928,13Baso,0.16301723645854882,0.023984411844287346,0.09553627732709975,0.68606474234489,0.03139761426775178
W37385,-8.291619,7.318504,14Mo,0.1331919751056197,0.02497169661555291,0.09888480203137144,0.711622418788868,0.031329233449514354
W37386,6.7753544,4.610242,4Ery,0.00017887097019579973,0.0006867424935217998,0.00650935198478746,0.000489386386442541,0.9921351769638386
W37387,4.8093934,5.95936,5Ery,0.0012169759063120464,0.004845681107025718,0.04651298233675945,0.003243732032505636,0.9441799709320814
W37388,-2.761388,7.8655634,18Eos,0.050658510662343996,0.08552115292636768,0.46308354222228426,0.29624649464992664,0.10449043141590807
W37389,4.943076,6.505018,2Ery,0.001476349078290418,0.006357512980709945,0.05828942139464052,0.0030867374118464293,0.930789246318146
W37390,-6.941669,9.993802,14Mo,0.06019470692106939,0.022139876729589315,0.09214897978244493,0.7994013650821299,0.026114919408716276
W37391,8.270228,3.0937018,3Ery,0.0,0.0,0.0,0.0,1.0
W37392,-5.3368545,6.643661,13Baso,0.1241721366711961,0.053937900217312346,0.21110653295489204,0.5448919218694525,0.06589113949218892
W37393,5.4618316,4.687091,5Ery,0.0005147493880658242,0.0018968390668096433,0.018190394054643223,0.001505201871469868,0.9778922612713264
W37394,-2.5797389,7.490351,12Baso,0.05603614247399684,0.07140230798277056,0.4128718494549032,0.31488241315580634,0.1448069682547135
W37395,3.1751459,5.5809116,5Ery,0.006521918611513985,0.025361165517508423,0.244494271680419,0.018088019332955115,0.7055337346302591
W37396,7.444522,5.159362,2Ery,0.00016001827085249194,0.0006315835338461895,0.005970743086170214,0.0004200451757097495,0.992817092788991
W37397,-0.8689811,4.6417956,7MEP,0.013324447910768896,0.0891379828251584,0.7690231472777436,0.029557376066742694,0.09895656105049176
W37398,2.5463517,5.0715585,5Ery,0.007684129028445779,0.036548581632920525,0.3513935413789396,0.017751390140525528,0.5866214561257633
W37399,-6.720363,10.959617,16Neu,0.051092203983028744,0.021937223916905755,0.09092025050039765,0.8116563185909901,0.024393763578326285
W37401,-8.823652,9.674295,15Mo,0.032521759219440456,0.006884138855354466,0.02924764275009042,0.9199974631130831,0.011349108616348691
W37402,-3.0038574,8.132131,14Mo,0.05737021774995881,0.0713020654314073,0.3659464127739559,0.41876994940244316,0.08661131383636209
W37403,6.710558,5.4270716,5Ery,0.0003050138874046498,0.0012041918355122894,0.011454764610803947,0.0008132078286239331,0.986222198351326
W37405,-7.636264,9.955704,16Neu,0.0501942895919649,0.01548365266000557,0.06395166481041781,0.8514879680041221,0.018882359311461736
W37406,7.0944467,5.9883647,2Ery,0.00020033647307858386,0.000803730213957177,0.007587454557130833,0.0005130709662840948,0.9908947369670102
W37407,8.407107,6.160387,2Ery,0.00015003858550394905,0.0006051593147333693,0.0056926868872025005,0.00037815103438154174,0.9931733243906582
W37409,4.6731586,4.2461324,6Ery,0.0014564185757647446,0.004810903605673113,0.046379483298407354,0.004754131610757326,0.9425984706833267
W37410,7.6742625,6.2331,2Ery,0.00017718520958687846,0.0007138365887439203,0.006721602252914663,0.0004485470736979188,0.9919381477522666
W37411,6.913881,5.47303,5Ery,0.00019780862698297167,0.0007831289605482155,0.007409966175978469,0.0005177336434999542,0.9910907585620876
W37412,-5.4667435,7.2407413,14Mo,0.12955688508828928,0.04708071505404337,0.17842721222857288,0.5914676679364915,0.05346725723873371
W37413,8.592837,5.0992246,2Ery,0.00012258015317373068,0.0004898558909097323,0.004615984963132387,0.00031411373245130553,0.9944569699983142
W37414,6.8210907,2.693111,3Ery,0.00012391765732867416,0.0003365189619959136,0.0031229459936235305,0.00048370803364035885,0.9959327688357124
W37415,6.4497128,3.8327549,5Ery,0.0002075710026537838,0.000761486151876915,0.007246147189063522,0.0006066997988685882,0.9911776723005643
W37417,-8.066237,10.658009,16Neu,0.0,0.0,0.0,1.0,0.0
W37418,-5.6720304,5.759982,10GMP,0.10768072922595971,0.05546840547629228,0.22569000208886153,0.5189170801317663,0.09224342703950665
W37419,-5.645615,8.029293,14Mo,0.12418691041612098,0.03985875129699511,0.15621489841090572,0.6339566116435268,0.045782621405271264
W37420,8.347654,6.877011,1Ery,0.00017020069962378202,0.000690905434970058,0.006489941464871226,0.0004237710966434208,0.992224449390198
W37421,7.5099006,6.8888392,2Ery,0.00019984160523730157,0.0008153543101852636,0.007645812550091837,0.0004930516657013985,0.9908451957866276
W37422,8.851448,3.617967,3Ery,0.0,0.0,0.0,0.0,1.0
W37424,-6.8816786,10.728947,15Mo,0.04510126926025667,0.017526750887677262,0.07198097232212718,0.8457268012069515,0.01966397197281247
W37425,0.34241414,6.051909,7MEP,0.020446894642633717,0.05666697699519848,0.5701041034340879,0.06881927479408337,0.28396156924892074
W37426,6.0859723,5.467032,4Ery,0.0003751383021197097,0.0014917477447838564,0.014210051844531734,0.0009857065350923765,0.9829367760295168
W37427,-0.37048155,5.0613956,7MEP,0.0,0.0,1.0,0.0,0.0
W37428,4.630674,5.1748304,5Ery,0.0025678308696374715,0.009153865286841315,0.08875532579338875,0.00785575965681969,0.8916664463149854
W37429,6.1042895,5.4617057,2Ery,0.0003245126709431057,0.0012648716105732444,0.012024817684595237,0.0008754217657575023,0.9855097480939095
W37430,-6.392833,6.0953846,13Baso,0.13340232583773612,0.04548502030857782,0.17211385432695395,0.5891206694548374,0.05987795070251486
W37431,-8.219997,8.342389,14Mo,0.12192537792712589,0.023098145509540185,0.09178825595758272,0.7346031096773864,0.02858523324198923
W37432,-7.923467,8.0373955,15Mo,0.12467595268329182,0.025359259106932243,0.1003482954816546,0.7186364337035638,0.03098014206594789
W37433,8.387011,4.780604,2Ery,0.00011173767368355087,0.000445416307170735,0.0041987360083167126,0.0002877446805619471,0.9949559202262516
W37434,-6.354806,9.010142,14Mo,0.09252649999413035,0.04006277548024121,0.16856082142248208,0.6498019150284471,0.049047818506076
W37435,4.1378384,4.2733746,6Ery,0.002538702087101798,0.008570600247879135,0.08415148985833898,0.008154682389327294,0.8965839181852915
W37436,-4.950799,6.6739554,12Baso,0.08393437140575058,0.05439901160382741,0.26287353705696653,0.49456997862389257,0.10422281991489345
W37437,8.02009,5.047433,2Ery,0.00013177975497207094,0.0005230605422929126,0.004935782009183158,0.00034215985249211675,0.9940667283066099
W37439,-2.8848956,3.6525707,19Lymph,0.0,1.0,0.0,0.0,0.0
W37442,3.526246,4.0961795,6Ery,0.005994956347557242,0.021730230220500506,0.2238648933941036,0.018394077566527212,0.7300150670282286
W37443,-8.949053,8.339089,14Mo,0.12153051628070573,0.020587992254066004,0.08327603959056873,0.7464339000088105,0.028171806692535165
W37446,1.5513467,5.3143096,6Ery,0.011036962420896287,0.04980776893578704,0.548830154931449,0.027368240235500826,0.3629559641383498
W37449,-1.6230447,6.2130475,17Neu,0.029376282858435285,0.1066610801422412,0.6326953307553844,0.12356933160901198,0.10769808506340223
W37450,4.913923,4.1222467,6Ery,0.0011027793883822672,0.0036477403884186198,0.03518012825342714,0.0036052290894310304,0.9564636158037167
W37451,-0.19657856,4.0808845,6Ery,0.014206423255004324,0.06998406669737327,0.7250747404083348,0.023123099315559757,0.16761083803673407
W37452,-2.4055593,5.888074,9GMP,0.05357128681723031,0.10741393126009972,0.5449111889130931,0.16919250519440548,0.12490998092870724
W37453,7.392626,3.645587,3Ery,0.00010850346648138488,0.0003945686468492046,0.003738421645508566,0.00031813643216259077,0.9954400930257206
W37454,-7.8543367,8.082126,14Mo,0.14823572584028283,0.027881158619580564,0.11012009315806366,0.6796799207165535,0.03408316519148982
W37455,4.976217,3.2588813,6Ery,0.0018208367803048229,0.004461162382830676,0.04206218186711981,0.007975683223910476,0.9436798869130678
W37456,-8.881872,9.203193,15Mo,0.05735962139924049,0.012352369694685178,0.0532953434674792,0.8552216410174807,0.021771164865722184
W37457,-7.2990847,9.3916855,15Mo,0.07570109441961802,0.018318671992775985,0.07273050810128212,0.8119083829287891,0.021341309574798007
W37458,-7.928115,6.977039,13Baso,0.14718296251467602,0.029150587769760778,0.11434190282861957,0.6737644362222487,0.035560127427331056
W37459,8.026313,4.692301,3Ery,0.0001143111182016878,0.0004538663242769578,0.004282203725263987,0.00029668570990716293,0.9948524824133727
W37460,-5.756034,10.978703,16Neu,0.0574377461260325,0.026659622647497983,0.11160957961627521,0.7748508461596086,0.02944178435963918
W37461,-0.1701754,4.421459,7MEP,0.0146800996193852,0.07549007612131653,0.7193632660683766,0.02768444592761822,0.16278133440031964
W37462,8.265381,2.6446774,3Ery,0.0,0.0,0.0,0.0,1.0
W37463,-8.702275,8.293581,13Baso,0.1130413491667458,0.021156037304492382,0.08551733233690845,0.7516053542154544,0.02868015710931518
W37465,8.539214,4.4153786,3Ery,7.877119115458811e-05,0.0003135985847757167,0.002956585672115204,0.0002033392521859579,0.9964473911401975
W37466,-6.5123005,7.906923,14Mo,0.11397885418745313,0.03643575334290134,0.14621122402384343,0.6589064963694697,0.04446755514965171
W37467,-8.055156,7.171239,14Mo,0.1782489683796043,0.027616600956343804,0.10836552712433316,0.6520651190213184,0.03370392176347607
W37468,-0.45027938,7.5511475,8Mk,0.03859443780332562,0.06256074957644893,0.4520924420021616,0.1741231389198331,0.2726268298748128
W37469,-6.2460537,11.262261,16Neu,0.05102070354144469,0.02185143362662353,0.09016641958784923,0.8128259775155812,0.02413514015510067
W37470,-6.569506,9.585972,14Mo,0.07619395755799711,0.04293808090665458,0.19588405405957965,0.6305737834701198,0.05440995686577787
W37471,-2.236967,7.373305,17Neu,0.0376210632865353,0.10152039929031148,0.5560113295762619,0.19083131202974257,0.11401616592804008
W37473,8.918461,4.1109695,3Ery,4.8441161024023806e-05,0.000192860534739441,0.0018176927676654005,0.00012494527677212218,0.9978158535616711
W37474,4.6385818,5.567193,5Ery,0.0021772054561913744,0.009042512080924886,0.08733090262396218,0.0057287481969487955,0.8957199641693298
W37475,-3.4129717,6.552751,10GMP,0.09451208631232097,0.09027319388695197,0.3672626450256528,0.3431958348608587,0.10475547895844417
W37476,-6.751204,11.1690855,16Neu,0.049304420266747244,0.01945164150204253,0.0800371265040816,0.8293887221113727,0.021817770820565827
W37477,6.357242,5.6908746,2Ery,0.0003014357826505543,0.001188787797120379,0.011285300104147723,0.0007991111538415098,0.9864247416743669
W37478,-4.658768,8.421848,14Mo,0.11398601645712969,0.05464532115759547,0.21089742865827027,0.5651879116047943,0.055282775186246184
W37479,3.0783463,4.9033184,6Ery,0.008752184805095379,0.030311618758815186,0.2885657454006194,0.029998442852613362,0.6423711325863147
W37480,-8.178316,7.387079,14Mo,0.16310227202163238,0.027179690623231147,0.10697691059998764,0.6690942256717779,0.03364706270718626
W37481,-8.866838,7.422647,13Baso,0.1668652637170912,0.023750076387405613,0.09413348586649851,0.6849936479570362,0.03025779227114512
W37482,4.9833617,4.94753,5Ery,0.0013753649328236087,0.005269252040460107,0.05111556992553946,0.003915410897945627,0.938323796532317
W37483,-1.4820083,7.51902,10GMP,0.046774360401042374,0.06923254820231453,0.4475497138932781,0.2208703160210598,0.21557172103983926
W37484,-0.021592582,4.2321105,7MEP,0.0,0.0,1.0,0.0,0.0
W37485,5.7525125,6.8712063,2Ery,0.0005044307316062503,0.002068757487098088,0.01959196748306354,0.0012623121367618876,0.9765718055541626
W37486,6.327117,6.478403,2Ery,0.0002782068951769207,0.0011359989202963275,0.010683265031209484,0.0006922247020890411,0.9872095632546998
W37487,8.031146,6.025667,2Ery,0.00016294441179703998,0.0006547268929083972,0.006166828395809211,0.0004144083296642605,0.9926004273653769
W37488,-8.543102,8.739581,14Mo,0.08373021880298584,0.01629399383204548,0.06557717273409604,0.8130181135214779,0.021380642451935196
W37489,1.7008473,5.131836,7MEP,0.01053748530904022,0.04624650281731792,0.4776708868752165,0.0273508150310966,0.4381933304476921
W37490,-0.579384,7.4501314,8Mk,0.0386915941494742,0.06495819014140981,0.4711809440255436,0.16754861015000763,0.25761801830169223
W37491,-6.0706773,7.8189015,14Mo,0.1361085251479194,0.03628932596558263,0.1410150043521434,0.6449755096622296,0.0416114948343823
W37492,6.578176,7.168676,2Ery,0.0003177317023173815,0.0013101752572078056,0.01230025200487755,0.0007706677352419919,0.9853004174708547
W37493,6.669631,6.4084177,2Ery,0.00028518352693678386,0.0011611929458458681,0.010934392729341639,0.0007095242037289926,0.9869090126399246
W37494,-5.071054,7.4848237,14Mo,0.11703724770396351,0.049913152615196764,0.19908741948300124,0.5759408708803756,0.058020986576393825
W37496,-7.459883,6.8883033,13Baso,0.11998559058012011,0.03260830708494832,0.13145179993129508,0.6710457741460051,0.04490854569569966
W37497,0.50948596,6.712285,7MEP,0.021345642184676352,0.04801206335616895,0.45375468743253544,0.0858040676135183,0.39108207691969293
W37498,8.910819,3.660163,4Ery,0.0,0.0,0.0,0.0,1.0
W37499,-7.122164,7.688725,13Baso,0.12794180774669603,0.034742348717767525,0.13031327249708768,0.66599302287277,0.041009484054854085
W37500,-4.5980296,8.191676,13Baso,0.16944122168573023,0.05548582592920798,0.19644844899024066,0.5259231288068805,0.0527009316731623
W37501,4.134354,5.586582,5Ery,0.005241315359551023,0.021658259139970257,0.21206580103267417,0.01363664894095058,0.7473971298483851
W37502,7.180246,6.6789594,2Ery,0.0002816822548624952,0.0011660303840775703,0.010898252145891355,0.0006735459676624327,0.9869797428249891
W37503,-1.4638499,5.365195,18Eos,0.02328590640124205,0.1719919721644914,0.6393607320017841,0.0746305472325738,0.09073047928810443
W37504,-7.812719,9.965539,15Mo,0.036704058450020324,0.01193992687504705,0.050338076629569586,0.8860316624250592,0.01498623585456476
W37505,5.8339515,3.8610158,5Ery,0.0005285488378984396,0.0018059158975115752,0.017313440187056123,0.0016716468992428062,0.9786800086932553
W37506,0.054015663,4.207047,7MEP,0.012332724210860159,0.16234888122404048,0.6358654396641229,0.0210247463535856,0.16842747362375768
W37507,7.377571,7.1814365,2Ery,0.00021563130588071638,0.0008819454039958487,0.008270626799985083,0.0005293662588609108,0.9901016658908685
W37508,-7.4983406,7.109589,13Baso,0.18731807830276206,0.029763794217156688,0.11571791003739483,0.6316357370327189,0.035564586239254736
W37509,-5.6598525,8.5793,14Mo,0.13872784002944946,0.03815309973348659,0.14842874169014486,0.6325517490592418,0.04213818642000686
W37510,1.5353354,4.9925795,6Ery,0.010559543585501199,0.05108844929247367,0.5654127129318215,0.023532577895071977,0.3494058266140463
W37511,5.090275,4.378488,5Ery,0.0008064302508141943,0.002916650599065966,0.02812365662505501,0.0024167857883677702,0.965735900232175
W37512,6.6729712,4.377253,4Ery,0.00017784272700979204,0.0006805812835795587,0.006459655802571837,0.000490225860480603,0.9921912294434616
W37514,-6.41401,6.5927525,13Baso,0.14403018450692343,0.03881128896385033,0.1507479753569199,0.6197247043842653,0.04668579607827714
W37515,0.5460621,5.4291744,7MEP,0.012976481436252029,0.06038632312489605,0.6559542255481461,0.028668229616016484,0.2420138771282635
W37516,3.346682,5.526957,5Ery,0.0059909671241523575,0.024954399534028643,0.24529161324215568,0.015580648465214772,0.708181530327289
W37517,5.6447988,5.4823256,5Ery,0.0004744412693459625,0.0018574664925040142,0.017749063903604756,0.0012808591751739377,0.9786375525196431
W37518,-3.2354486,6.182421,10GMP,0.05930498170780263,0.08232531099815325,0.48601043013960976,0.21703003319413233,0.1553284023460596
W37519,-7.3163824,10.771365,16Neu,0.03693967888714306,0.014279952884123325,0.05902844609166686,0.8734813739567404,0.016270318989707176
W37520,7.8869224,4.1035504,2Ery,8.62972428647199e-05,0.0003374675943648977,0.0031866551291138316,0.00022925073243333275,0.996160017734893
W37521,-7.5964785,9.467272,14Mo,0.07808180889629593,0.021840157312327732,0.08955784019638079,0.7834790185274036,0.027041137457097665
W37522,7.7893405,3.773153,3Ery,8.948419004078966e-05,0.0003447452860122589,0.0032602471571725458,0.00024314428867637622,0.996062084920221
W37523,7.039451,5.332884,2Ery,0.00020635003888039462,0.0008114524623121545,0.007691768173287543,0.0005478669884583674,0.9907419874521277
W37524,-5.4272532,6.227995,10GMP,0.11233178135289261,0.05341808129960326,0.20790819197224467,0.5551134924153996,0.07122816969742524
W37525,-6.9025097,11.157858,16Neu,0.04352840870232128,0.01752330293931085,0.0721294458284714,0.847230574198994,0.019588023723260274
W37526,-0.19693854,6.137868,8Mk,0.02409061287445485,0.06191704801320029,0.638963211701403,0.08951491392552005,0.1855133115047964
W37527,3.241121,4.5877223,6Ery,0.006242384790304444,0.020878724957079993,0.20033247814908703,0.02126913669122668,0.7512765056009301
W37528,-8.264877,9.031892,15Mo,0.07847149743045942,0.015989491434957967,0.0638524158714132,0.8217270591485744,0.019959644009264248
W37529,5.7460256,4.2259583,5Ery,0.00044297027070485973,0.0016232864586040892,0.015610917809799523,0.0013085366726303864,0.9810138210829217
W37530,-4.4902296,7.1846666,10GMP,0.1064365048592384,0.06874770766456073,0.2741344167834027,0.47018765581431327,0.08049310485351893
W37531,0.5262484,4.534107,7MEP,0.012954580682636392,0.05933375747249272,0.7389180907528123,0.019910630873376724,0.16888222189595403
W37532,-6.9283295,7.266699,14Mo,0.146169172683416,0.03161060225686011,0.12333161177733953,0.6612334413400965,0.0376551854865457
W37533,-2.53882,3.869072,19Lymph,0.0,1.0,0.0,0.0,0.0
W37534,8.258481,4.4378505,2Ery,9.705221766608613e-05,0.00038342231815637274,0.003618150013632213,0.00025372697067159753,0.9956472795549265
W37535,-7.397457,10.514472,15Mo,0.035737242479033704,0.013034190110452312,0.05396051739155945,0.8821478156813375,0.015120112740228136
W37537,8.109041,4.227964,3Ery,9.079818001323684e-05,0.0003583079044917942,0.00338315799206787,0.00023805708618459517,0.9959293293484185
W37538,3.8087914,4.756952,6Ery,0.004433067152727303,0.014091270285558349,0.13377165741637187,0.014828169816005097,0.8328751128007307
W37539,9.015554,5.7801685,1Ery,0.00012561001515950965,0.0005064931845518403,0.0047640354524097145,0.00031655933535778647,0.9942867565757941
W37540,8.608612,4.175675,2Ery,6.160955275688173e-05,0.00024432562530163105,0.002303808496206376,0.0001599676182188698,0.997230038934272
W37541,8.911852,4.000248,3Ery,4.79808099133356e-05,0.00019088191742983968,0.0017990333715927596,0.00012389233569531097,0.9978380142800644
W37542,8.097125,3.4346647,4Ery,5.6687248240962645e-05,0.00021962557753638646,0.0020732524220160226,0.00015269770819105723,0.9974975318673395
W37545,4.2497463,4.0789037,6Ery,0.0024709423488184492,0.008642202993258493,0.08476274284072711,0.007774944062712487,0.8963484496307406
W37546,-6.8243155,6.5350018,13Baso,0.15499431382139978,0.03808411761204513,0.14452030915438865,0.6174457334621327,0.04495543827611466
W37548,7.416398,3.8891096,3Ery,0.00010240413401336272,0.0003923295487680823,0.00371182669778981,0.00028070734659435944,0.9955123937129124
W37549,5.4094787,4.1671734,5Ery,0.0007562138375892839,0.0025302246557324303,0.024105030843499763,0.0024320966074666086,0.9701759039326872
W37551,-3.2353067,8.306231,14Mo,0.060589438387634115,0.1319187025723875,0.5105772534546508,0.20137813401741947,0.09553551526993459
W37552,-8.389687,8.428458,13Baso,0.09042635116547128,0.01839363500591414,0.07408794352821321,0.7928550039067095,0.02423717253058758
W37553,-6.880724,6.8912597,13Baso,0.13995375768077964,0.039630306283430845,0.1488996509281252,0.6250278348312273,0.04648831487268846
W37554,7.8885384,3.6739087,3Ery,7.779658308737339e-05,0.0003035200095468844,0.002869951539874806,0.00020770680989951255,0.9965407499468629
W37555,6.379622,4.2249312,4Ery,0.0002726683777557233,0.000982110335867905,0.009326444284597366,0.0008080126685183863,0.9886102706370081
W37557,0.25622076,4.885032,7MEP,0.010282317559152866,0.05065511971219285,0.7580474899836639,0.021434615822196454,0.1595798272651543
W37558,-3.2266166,6.3999586,10GMP,0.07119333761646854,0.09136338857778095,0.42635412985891746,0.3005210197040872,0.11056753948410522
W37559,-5.116111,2.7392,11DC,1.0,0.0,0.0,0.0,0.0
W37561,8.197431,3.9500933,3Ery,8.33923294998441e-05,0.00032858515037066655,0.00310268666364626,0.00021912393099966654,0.9962658818243588
W37562,-6.018018,7.9392557,13Baso,0.09963488976822298,0.0478886395928668,0.19817022345795893,0.5913687352993655,0.06293723807882604
W37563,7.056777,5.938661,2Ery,0.00021281639531145827,0.0008509403537802105,0.008035410275939918,0.000547896896126925,0.9903522800770423
W37564,-5.1999364,6.972656,13Baso,0.13641746212279537,0.05335653702848233,0.19563523461383686,0.5571739360149962,0.057416455038960174
W37565,7.9268126,4.379345,2Ery,0.00011679511726468979,0.0004579873038613011,0.004325884082789699,0.0003091016089945015,0.9947898277942133
W37566,7.194919,3.7534196,4Ery,0.00012513153290104006,0.0004763616905222563,0.004518588695615646,0.00034707726989934224,0.9945324870309893
W37567,-3.1800163,5.8313084,10GMP,0.06758914622604494,0.1368989925197307,0.45038226410602356,0.2243674871185954,0.12076105310228392
W37568,-7.632116,10.8890915,16Neu,0.02517312118077538,0.010160314263453976,0.0423215995113266,0.9108144838068565,0.011530378769245028
W37569,-4.2602744,8.227399,14Mo,0.08573629540898381,0.052643888752913294,0.23153103002148862,0.5576922488759639,0.07239613550984524
W37570,-7.2444553,10.912184,16Neu,0.04159462990820136,0.01684066100883435,0.07026946597000179,0.8522679788652011,0.01902703321976503
W37572,-2.256964,6.6736274,10GMP,0.05902762447923732,0.08610124017197672,0.4993753032510341,0.19446570130726976,0.16102887052487921
W37573,6.0250688,6.126628,2Ery,0.00043619499259142864,0.0017644183705117532,0.016781269006021206,0.001127857254423794,0.9798895777831955
W37574,8.123148,6.19002,2Ery,0.00016229226132102997,0.0006547694102554487,0.006159997209391639,0.0004093955445245777,0.9926128635499408
W37575,3.291411,4.517032,6Ery,0.005305532145127208,0.020127609146419482,0.2081390582858754,0.01556651700598548,0.7508605153464246
W37577,8.55913,3.448222,3Ery,0.0,0.0,0.0,0.0,1.0
W37578,-8.067598,7.9509068,14Mo,0.15005277232717806,0.027172594488904203,0.10692319164128654,0.6830139349227072,0.032837596837183104
W37579,-4.776308,8.391494,14Mo,0.10451301561606997,0.05697413533094336,0.23740440073841199,0.5396700986319164,0.061437832875546536
W37580,-6.0120316,10.429186,15Mo,0.06339967660625041,0.026662912960513638,0.10983452564530886,0.7705416516825278,0.029560867075267307
W37581,-5.281527,6.7283673,10GMP,0.09694751721991661,0.05229180413194904,0.23044941948382935,0.5350824951021625,0.08522854446557197
W37582,-5.380014,7.837181,13Baso,0.17202947061142634,0.04469725967105494,0.16497277835822385,0.5719011103936413,0.046399164270895736
W37583,6.830379,3.8902187,3Ery,0.00017630204052671727,0.0006736885897006362,0.006442122419364447,0.0004937709065028538,0.9922137706970988
W37584,0.69439805,5.569707,7MEP,0.011116926385211138,0.0489987953341113,0.6688064949944725,0.02699904940011362,0.24407793340010234
W37585,-8.242566,7.201691,13Baso,0.1671865149363603,0.026986511553856278,0.10581318299608343,0.6667941041857155,0.03321987188605796
W37586,7.7306995,7.0981483,2Ery,0.00019091326334710518,0.000777670056334582,0.007299121458759287,0.00047225963875116876,0.9912592755907517
W37587,-7.3736415,7.8428965,14Mo,0.128389982868906,0.03357687754582073,0.13616617068096482,0.6578895709835637,0.043977324316958784
W37588,-7.1308923,7.3796005,14Mo,0.1889427126900178,0.03130552806050656,0.12123198303939986,0.6217928198219752,0.03672699400089379
W37589,-6.649234,8.136887,15Mo,0.14446407069505765,0.03289586273043518,0.12817730929638718,0.6564624433567969,0.038000209112458806
W37591,7.409407,4.5831122,4Ery,0.00014411502248029055,0.000563794865250076,0.005331462639507522,0.0003834223031932437,0.9935767287884875
W37593,-7.740437,10.209911,15Mo,0.033732110950192906,0.010624774101860471,0.04404823183169897,0.8988336116792617,0.012761247073500388
W37594,-7.180301,7.0756574,14Mo,0.15409987316062146,0.030503204713286585,0.11889312067576922,0.6601041532799539,0.03639971498475792
W37595,-2.4623048,5.6612115,10GMP,0.06150348373206693,0.11981178182070358,0.5770390005111535,0.12496443075098301,0.1166804650082733
W37596,-4.0201154,6.967408,13Baso,0.09630356385919796,0.06944225201263461,0.307393712952675,0.4297774380536271,0.09708242599219324
W37597,-7.0764174,10.460929,16Neu,0.05511905179850446,0.01969385596578643,0.08078583292430296,0.82194426054979,0.022456774694592677
W37599,-0.42341512,7.305499,8Mk,0.0383221329268407,0.0648326725538639,0.4690824798670775,0.16788161583289188,0.25987848660884033
W37601,-7.1952567,7.0049634,13Baso,0.14281416466698849,0.03147290972896833,0.12396847045261564,0.6624541874351888,0.039290321249505024
W37602,5.082047,4.4292083,5Ery,0.0010277191411888049,0.003553408724143609,0.03411273518555215,0.0032163064349279655,0.9580892457995803
W37603,3.39263,5.41169,6Ery,0.006195083937272779,0.023691495225877813,0.23378575846458832,0.017485107651831765,0.7188417023290915
W37604,-6.078179,7.624339,14Mo,0.13437156146632287,0.03781099672816528,0.14963127660321154,0.6319240454871671,0.04626201548930589
W37605,6.36181,5.835831,2Ery,0.00026987210641039904,0.0010682586109090697,0.010130640395451931,0.0007102059210080484,0.9878203848200613
W37606,3.9819183,4.228083,6Ery,0.0048262207736112835,0.014654303613242122,0.14041832144632388,0.01685600875495173,0.8232444238515497
W37607,7.406588,2.7039633,3Ery,4.612847090998172e-05,0.0001463922563063948,0.0013746623571061465,0.00015747277808109025,0.9982752541625883
W37608,-3.6145034,7.3586645,14Mo,0.10169771592647261,0.12041140007022973,0.3849004145399719,0.30563810725756463,0.08735142695534034
W37609,3.3106418,4.9155307,7MEP,0.005561242813909172,0.018932285173324435,0.19240654873904695,0.017619109194878236,0.7654799694390036
W37610,-0.04263604,4.9030275,7MEP,0.0,0.0,1.0,0.0,0.0
W37611,-7.1155906,7.4648814,14Mo,0.1579813520671678,0.03255122419306194,0.12661745067544042,0.6446059746678896,0.03824396733625691
W37612,4.1256704,6.107703,5Ery,0.003355161067949736,0.012935744442876306,0.12446779601103172,0.009218805007049849,0.8500217695331695
W37613,-6.563961,7.091269,13Baso,0.17868266538827615,0.03703038447695307,0.14067222160938425,0.6021840545591036,0.041430611514475774
W37614,6.9064374,6.2070975,2Ery,0.00024192392792828936,0.0009820062070611205,0.00924753311836172,0.000606661211560108,0.9889211808936227
W37615,-6.5501795,10.73801,16Neu,0.05108063356590749,0.021155833732187795,0.08763442848634335,0.8163893599632748,0.02373944018127245
W37617,1.2712448,5.349384,12Baso,0.012587733287256587,0.05071582552077764,0.5490759750093563,0.030643570134238237,0.35697596374201157
W37618,-7.476824,8.982482,14Mo,0.09367030539720247,0.02784547839167953,0.1149877302509425,0.7282648204088645,0.035231693111853576
W37619,-0.5007263,6.7546754,8Mk,0.03342540233862494,0.07297302721677575,0.5489840616265637,0.1226880369338942,0.2219271764980493
W37620,6.637358,4.695318,4Ery,0.00020622488297918366,0.0007960031142580587,0.0075545383226433655,0.0005619287471764956,0.9908807741337036
W37621,7.6318665,3.1595757,3Ery,5.106350420733222e-05,0.00018679616891107057,0.001764734616711368,0.00014880525768644532,0.9978484427503778
W37622,7.8204947,3.8342862,2Ery,8.389173958150923e-05,0.00032691750212231684,0.003090187252197396,0.0002242662473598829,0.9962744495165268
W37624,-8.20639,7.5511775,14Mo,0.1482078964124745,0.0268582128063088,0.10560509977911824,0.6865792925809018,0.03274960686589408
W37625,-1.9637936,5.6745276,7MEP,0.05816472538738473,0.11211148356879562,0.5905600033730145,0.10010935503165255,0.1390533963625211
W37626,-2.750095,4.061339,19Lymph,0.0,1.0,0.0,0.0,0.0
W37627,-1.107103,7.4515133,7MEP,0.042272708638345285,0.05905099740917924,0.40180322826998366,0.19143628462428683,0.3054347958871576
W37628,-1.9653655,6.406916,10GMP,0.039027839827557254,0.07681616918581953,0.5982232792868136,0.14139071759187438,0.14454110050379781
W37629,-5.5582995,7.253644,13Baso,0.13554779398393985,0.046285336815373765,0.17660623699208988,0.5899254080171108,0.05163492922169582
W37630,8.169118,6.5186124,2Ery,0.00016523046000502413,0.0006682008987307677,0.0062828954479212116,0.00041482047364567996,0.992468172906881
W37631,8.265395,6.138288,2Ery,0.00015551874040330938,0.0006273435307057608,0.005902187757846386,0.00039206066829779147,0.992922267785635
W37633,8.379157,4.114784,3Ery,6.864194708294287e-05,0.00027067600163980247,0.0025553061721557647,0.0001800324510093764,0.9969250924984171
W37634,7.5564895,3.187071,3Ery,5.8917420570869036e-05,0.00021007221683945945,0.0019880192599735173,0.00017803206345404462,0.9975647942367533
W37635,3.3374946,5.6570473,6Ery,0.005490052845657089,0.02457102318272291,0.23398311068574013,0.013379879051140334,0.7225750484810031
W37642,-0.120996974,5.3323956,7MEP,0.01077019588575404,0.08181700595613552,0.745125605554285,0.024655636125772287,0.13763100820194332
W37644,-0.8201454,6.604297,8Mk,0.03268834385514896,0.07107128493894792,0.5485139208066208,0.1257376989056471,0.22198719560465704
W37650,1.2896528,4.2820387,2Ery,0.013442065954745836,0.06421650270258024,0.5387429421744039,0.021352247871463798,0.36224531001203103
W37651,9.38072,5.894486,1Ery,0.00013281940435305007,0.0005352644111868292,0.005038743219734406,0.0003355786193010754,0.9939570295001964
W37653,-3.370893,6.5052223,9GMP,0.06457444503698292,0.07796010009863463,0.4408314400803497,0.2766880114323562,0.13994508715520593
W37654,-9.065881,7.6011934,13Baso,0.1800509416292095,0.02343783841719135,0.09299920424872533,0.6734741512673327,0.03003813036265752
W37657,-4.6038504,8.930645,15Mo,0.10961452749143862,0.05116333746633524,0.1971854948415423,0.5907629189031901,0.051273136039358104
W37658,3.2164915,4.7783613,6Ery,0.009324941238160262,0.028384209208705113,0.24898633269955572,0.03231401665830675,0.6809895685760629
W37660,-8.252759,8.028722,13Baso,0.1323183948235423,0.027927051229370784,0.11305767050864102,0.6886701706763105,0.038026851142563066
W37661,8.795059,4.572333,3Ery,0.0001200395890645643,0.000473454642750829,0.004466912310303427,0.00031430453724833616,0.9946248457469272
W37663,-7.7326527,11.387543,16Neu,0.0,0.0,0.0,1.0,0.0
W37664,-7.712973,7.6306977,14Mo,0.13840111057507376,0.029169771145411076,0.11542894604808174,0.6807007119310065,0.036299451501195616
W37665,5.8027134,5.6979556,5Ery,0.0005176672226303262,0.0020739846736265942,0.019786112720775146,0.0013406681411251991,0.976280954797193
W37666,0.17643489,4.9032435,7MEP,0.009744683970880949,0.051599517070200426,0.7879293330258755,0.01946226869361822,0.1312635997719185
W37667,-6.9504466,8.147016,13Baso,0.1665047222306512,0.03245086275419274,0.1272576221144715,0.6356014176548176,0.038185231496469775
W37668,6.2614503,3.8943343,4Ery,0.0003231902120736712,0.0010930187864254604,0.010373268724503261,0.0010202426707053979,0.9871897897422658
W37669,-6.836058,8.274824,13Baso,0.13387703373423557,0.033277965685816625,0.13148822321781944,0.6616884178318497,0.03966812480904886
W37670,8.437878,4.554201,2Ery,0.00011944286695813133,0.00047426485338020446,0.004474614706809209,0.0003097373644769542,0.9946214866613522
W37673,-6.270795,9.804707,15Mo,0.06988047715498445,0.026495622954672986,0.10884552564937282,0.7647400214721307,0.03003807368530594
W37674,-1.31274,4.8471646,7MEP,0.015148483398808943,0.1340601829941326,0.7124643483446583,0.03981199502412152,0.09851455544354595
W37675,8.700572,5.1336207,3Ery,0.00012874126859993397,0.0005138235837938657,0.004845828640181722,0.00033113412386645227,0.9941799886084116
W37676,-4.3586464,6.287047,10GMP,0.08900488007325129,0.08937429256095436,0.3226675127844658,0.3835848832491838,0.1153674622711807
W37680,-8.097527,7.3742595,13Baso,0.14283667914613224,0.029161168790386036,0.11562775797367095,0.6751577938193523,0.0372166538779207
W37682,7.5363507,4.4363713,3Ery,0.00015053123713712471,0.0005808401338001798,0.0054905198304253285,0.0004074414931848887,0.9933701808013851
W37683,9.273425,5.67826,1Ery,0.000125544209526462,0.0005055884816187856,0.004759322332445767,0.00031752360507731524,0.9942914865480046
W37684,-7.027755,8.439275,13Baso,0.1002896218496346,0.03617799418179717,0.1549021102088866,0.6565529639992698,0.05207729996872496
W37685,-5.3292594,6.9440274,13Baso,0.12672519489415873,0.055217222698582716,0.20722265277483332,0.5479557148082608,0.06287881042432046
W37686,1.05483,5.4571967,7MEP,0.010861210900865533,0.049951092912944015,0.6116115310494155,0.026487915230335494,0.3010874789068606
W37687,-5.9082394,9.534071,16Neu,0.09293658862971349,0.03087032283139357,0.1246527805005338,0.7168443871194494,0.034695516034595184
W37689,-7.936855,8.127561,14Mo,0.1385452832599567,0.02826899978711114,0.11202349199236762,0.686288079413744,0.03487417130033161
W37691,9.2041,3.8089428,3Ery,0.0,0.0,0.0,0.0,1.0
W37692,8.912573,5.193435,2Ery,0.00013237106282103318,0.0005280961231873914,0.00497903687118568,0.0003404456470678457,0.9940195485511729
W37693,8.736713,5.596207,1Ery,0.00012625122622471517,0.0005077429398224054,0.004780722175687019,0.0003200373489633009,0.9942647414798046
W37694,-7.181107,7.376007,13Baso,0.1594170772964602,0.033893296255541425,0.13249607139493635,0.6332329880169254,0.040960473235498424
W37696,-8.181816,10.53502,15Mo,0.0,0.0,0.0,1.0,0.0
W37698,-0.52352613,7.653165,8Mk,0.040696498963354914,0.06155015549789693,0.4333182167230966,0.19058836750577185,0.27384441932210973
W37699,9.173365,5.0750813,2Ery,0.00012098344433780207,0.00048443404452679485,0.0045639647775321335,0.00030906436237772376,0.9945210433821675
W37700,-7.738088,7.8981595,14Mo,0.22792437074862507,0.026727923436011308,0.10501333243699335,0.6082141409232782,0.03212022718878642
W37701,-7.115363,8.219511,14Mo,0.16467860166250317,0.0304694257424748,0.11973653941290555,0.6490099038891032,0.03610542975736993
W37702,-5.485135,8.053785,14Mo,0.13051102620079758,0.04339811447887137,0.16650211846612145,0.6123805089644667,0.04720787525950951
W37704,-4.817563,6.5432205,9GMP,0.08613755808550287,0.05387003122416634,0.24828532685682825,0.5114082649664361,0.1002986027244012
W37706,-7.2707686,8.139778,14Mo,0.15675613619246878,0.031774756470612495,0.12458557642129371,0.6493628789627166,0.037520527974794174
W37707,-4.546969,8.931039,14Mo,0.07514158486569633,0.05015946319438342,0.2411732157362078,0.5499340954885439,0.08359134372131703
W37708,7.686602,5.9724813,2Ery,0.00017178402869222207,0.0006905435773706534,0.006511576128383945,0.0004371878703465545,0.9921883081629593
W37709,0.29879177,4.688103,7MEP,0.009136156002011656,0.047660333310396596,0.7850271792761333,0.01703720760268921,0.14113848604736823
W37710,8.880049,4.8401475,2Ery,0.00011780492869543644,0.0004700269493103618,0.00443151136965874,0.0003029805004274202,0.9946772148239074
W37711,-6.126807,11.000303,16Neu,0.051730993503492875,0.024890443198927924,0.0994211104520698,0.7981748748352111,0.02578218712471919
W37712,-6.1322775,5.9038944,10GMP,0.11967299943451706,0.04543525454822811,0.18625438785039583,0.5744255578865244,0.07421162897794441
W37713,2.8867414,5.188252,6Ery,0.0073353609599965145,0.032421907761645406,0.3385984592515845,0.01857737824023773,0.6030660044091167
W37714,8.8863325,4.9442797,2Ery,0.00011128240698439976,0.00044454331240085143,0.0041902044239068665,0.0002855556886772531,0.9949679815282911
W37715,-6.0250807,8.903972,15Mo,0.11511049552075896,0.03595283284197543,0.1425115899023977,0.6656526233696606,0.04077217387201446
W37716,-6.0161304,9.23686,14Mo,0.08546837228594623,0.03792963684833166,0.16601922128145147,0.6627653005788307,0.047817324628661444
W37717,-7.948643,10.777237,15Mo,0.0,0.0,0.0,1.0,0.0
W37718,5.8808975,4.296012,3Ery,0.0004592385440021309,0.0015477626205950294,0.01470465168949261,0.0014549081437584695,0.9818328854410481
W37719,-2.7038412,7.933982,12Baso,0.05210048325720013,0.08246411850024252,0.4505130285428663,0.2963270245001533,0.11859540536071565
W37720,8.80577,4.965591,2Ery,0.0001304883873026865,0.0005186766561397914,0.004892759027909399,0.00033770775658645616,0.9941198813713453
W37721,-6.745907,6.319621,13Baso,0.13442509869871808,0.03966448724423892,0.15639872312789338,0.6166963480289159,0.05281520998040965
W37722,-6.573062,7.6908317,13Baso,0.1295328786792138,0.03512639234542882,0.1383652331735348,0.6542367822405007,0.04273854105310579
W37723,-0.19831768,4.948197,7MEP,0.0,0.0,1.0,0.0,0.0
W37724,4.1296797,4.4513826,6Ery,0.00267930834658717,0.009073080192645088,0.08728241416121464,0.008560907362165894,0.89240362283708
W37725,6.4789653,3.7128332,5Ery,0.00024125083705857863,0.0008568563433535489,0.008153180213233092,0.0007298534011724334,0.990018432675916
W37726,4.978049,6.819223,2Ery,0.0022744089090081633,0.010304483849228569,0.09160790844682291,0.004277839801583472,0.8915345987729123
W37727,-2.9190133,4.1432953,19Lymph,0.0,1.0,0.0,0.0,0.0
W37728,-6.3788757,8.982491,14Mo,0.10032169301110193,0.03617585961727284,0.1511961290290794,0.6656232833434753,0.046682923939224644
W37729,-1.0979123,5.3209534,12Baso,0.017118271721108042,0.0975886033601071,0.7474112994535221,0.03647231753981471,0.10140897937038265
W37730,7.724859,6.0685368,2Ery,0.0001771208670687721,0.0007126174039062304,0.0067182560402149,0.0004499981596986316,0.9919414146181851
W37731,-7.27276,11.288477,16Neu,0.034674397547022874,0.013873079309986965,0.056864652302414935,0.8791657855375501,0.015421894819860048
W37737,6.669811,4.0526896,4Ery,0.0001918693872109106,0.0007300265774838368,0.006942281700198044,0.0005332900488735376,0.9916020999669098
W37738,3.0613413,5.2850647,6Ery,0.00626862798227984,0.027637856731528403,0.26714809310425913,0.015738783980944585,0.6832057282154631
W37739,-6.5454926,6.6106734,13Baso,0.11313835158719747,0.04048104230250807,0.16503825419975937,0.6234564794723214,0.05788575250631942
W37745,5.687705,4.735843,4Ery,0.00044529378290907365,0.0017153979285774016,0.016395332394556244,0.0012257465664981559,0.9802176535051134
W37746,8.399932,4.91876,2Ery,0.00012599595764223014,0.000502115359195771,0.004734934136550637,0.00032475314759002055,0.9943117250344856
W37747,7.38669,5.426815,4Ery,0.00019577622800591088,0.0007848255242618576,0.007407269950280883,0.0005004408630206102,0.99111114811724
W37748,-3.957771,9.098424,15Mo,0.07668656298023653,0.07518813119254475,0.2868771955355916,0.4979946422903483,0.06325253825499685
W37753,9.65284,5.141886,1Ery,0.00010881705922220085,0.0004375534602251619,0.004118977331116187,0.0002758475583866443,0.9950583112731354
W37754,-8.341814,10.408089,15Mo,0.0,0.0,0.0,1.0,0.0
W37756,-4.9033084,7.036444,13Baso,0.1192845972581892,0.058985718444421506,0.22975555685098398,0.5248404744091926,0.06713316080462836
W37758,-5.9095125,8.978225,15Mo,0.10803037731132217,0.03804557772356019,0.15097965548911801,0.660952307056252,0.041991757557624985
W37759,4.7207274,6.776786,3Ery,0.004994862439993386,0.02231898848683901,0.19921656461958667,0.008279879383416986,0.7651889098692037
W37761,4.6807127,4.377063,6Ery,0.001678299680289546,0.005914831114373639,0.05756364241041534,0.005202925305871701,0.9296397315592907
W37762,-1.4644223,5.154567,12Baso,0.020924414374120986,0.0996583823338286,0.7299593097079259,0.0565171140556012,0.0929405029861486
W37763,-1.857445,6.8180466,12Baso,0.033895466657494516,0.09692330714510021,0.5828332723205885,0.16134983595145688,0.12499832677511251
W37764,-3.9711823,7.924531,13Baso,0.0988679003015956,0.08441592152884086,0.3130743057875274,0.4288720828983413,0.07476886390038302
W37765,4.7396116,4.903797,5Ery,0.0020464966533992883,0.008117540146299592,0.08150350067221121,0.005683436441147804,0.9026483140486407
W37766,-3.6810412,8.845631,16Neu,0.0713889915811191,0.09899486490700166,0.3548290054864591,0.4022066943303709,0.07257945601693075
W37769,6.1379933,4.18834,6Ery,0.0004175471593032118,0.0016275641052565586,0.015902623019831984,0.001158044814117135,0.980893698218498
W37770,-7.235175,7.638071,13Baso,0.1663353026716476,0.03405115222779262,0.1326153111021685,0.6269872327524588,0.0400109274304911
W37771,9.140009,4.8594623,2Ery,0.00011251244734513218,0.0004498312225969357,0.0042390666453146,0.00028821530383441545,0.9949099154846798
W37772,-8.319107,8.101047,14Mo,0.15131291358295007,0.026917646585231977,0.10689269441310885,0.6810898943358411,0.033786960511278816
W37776,4.060872,6.1277676,3Ery,0.0033106961792828227,0.014404901030960334,0.13309598805766348,0.007232506401280497,0.8419551516515213
W37777,-6.3542895,8.484786,14Mo,0.14911137825149665,0.03592325327276667,0.14189847032727065,0.6317034121793491,0.04136314195713039
W37778,-0.53189796,6.646522,8Mk,0.03302782656625724,0.07056093778914604,0.5479637905196132,0.12089168510012951,0.22755373970473228
W37779,7.073089,7.7243047,2Ery,0.00030357574018029763,0.0012774878642827917,0.011813338337524298,0.0006825340257809601,0.9859222636913724
W37780,-3.7634122,5.869789,9GMP,0.08186650411009364,0.14154116737953798,0.3556785288138837,0.31641639454916665,0.10449645728501805
W37781,5.3693457,4.2522945,4Ery,0.0006219946660123565,0.002283872742411131,0.0220248437951641,0.0018318872352986798,0.9732368594185711
W37782,6.627527,2.7989368,3Ery,0.00020835435970914754,0.0005740394898691941,0.005351096925738897,0.000792655719877629,0.993073620412556
W37786,6.6129904,4.466238,3Ery,0.00022752202880107445,0.0008815294994812245,0.008392887397116773,0.0006186098814309632,0.9898789380885288
W37788,-6.277511,8.300875,14Mo,0.12486262676876375,0.03703677288227389,0.1468607336412179,0.6479381240560133,0.04330144805829896
W37790,5.709136,7.187676,2Ery,0.0007079782420361849,0.003015095343010772,0.027869503803837684,0.0015320169166501247,0.9668746816253133
W37793,-5.1007,6.45956,10GMP,0.11133162077596452,0.05627807851043403,0.22698589032411604,0.5288300779240971,0.07657399196393547
W37794,-6.389792,11.473595,16Neu,0.04111546369998012,0.017883106933614216,0.07257234117101834,0.8491645622004937,0.019264241176039452
W37795,3.8361173,5.2522283,6Ery,0.00479249856002435,0.01529112526309959,0.14346985661852202,0.015902328306403517,0.8205434127314665
W37796,-7.729832,7.9568458,14Mo,0.1474364578375914,0.030015456992601164,0.11837900798438342,0.6669692169892456,0.03719986627512436
W37797,-6.526345,11.266693,16Neu,0.053374286760030934,0.020721431657909937,0.08487574908220345,0.8178039295702524,0.023224234608380863
W37798,6.672776,4.2939205,5Ery,0.00020394844911140965,0.0007621104445313985,0.007226744670286831,0.0005775428465570284,0.9912291406816429
W37799,-2.5471199,6.18668,10GMP,0.10982817374672514,0.11393951069156254,0.512387972271163,0.1624403499164192,0.10140295329524542
W37800,-6.1157417,8.888879,16Neu,0.17399113086297452,0.03386005349184895,0.13389557774893548,0.6203826707689619,0.0378701361300335
W37801,-1.5964875,7.0337887,12Baso,0.0332610848617523,0.07408476086531718,0.5571677664494138,0.15557533739802437,0.17991064626159264
W37802,-4.9132466,2.5738235,11DC,1.0,0.0,0.0,0.0,0.0
W37803,-7.4205456,9.533786,15Mo,0.07477524681530572,0.02105426347523009,0.08547217880873136,0.7933314288698023,0.025366729164434276
W37804,6.7967296,6.164794,2Ery,0.00022775596046786985,0.0009190746152020793,0.008670119016310379,0.0005765389465204162,0.9896058386755673
W37805,-7.4735427,7.1113405,13Baso,0.13698153055165357,0.0305753057843304,0.12054641323602781,0.6739114955255662,0.037985220147867586
W37806,-0.20795612,4.4232006,7MEP,0.010865411204642341,0.07193186728110017,0.7690646845624217,0.02110430230514558,0.127033112527838
W37807,-6.247189,7.580002,13Baso,0.16932643382878557,0.03733968837960947,0.14382523950006457,0.606502454541757,0.0430059717146257
W37809,-5.9962363,7.4129715,13Baso,0.13345527118370848,0.04031535072442698,0.15590181649870688,0.6246189901878855,0.045708354002611584
W37811,7.7158813,6.0227327,2Ery,0.0002266918510795171,0.0009298889954010951,0.00872785257630269,0.0005504800459410085,0.9895644808160851
W37812,5.7810636,3.3907309,6Ery,0.0014153675311104196,0.003621604793833408,0.03386663957285206,0.005451356564637233,0.9556446460923067
W37813,-7.228745,8.2039175,14Mo,0.12961938507186313,0.032013069680522054,0.12786676711512157,0.670924809443492,0.03957581570719999
W37817,5.2809863,6.0756226,5Ery,0.0008193861863009277,0.0033499429535998847,0.03176061808797292,0.0020328416840627262,0.9620365365153928
W37818,-6.1487627,11.066845,16Neu,0.053351739099410024,0.024536030283451492,0.10044482552085394,0.7951540778448969,0.02651292012552696
W37819,4.686742,5.4375863,5Ery,0.0015025488445453061,0.005753565519979391,0.05512667315063331,0.004199585146801039,0.9334169567674053
W37820,4.2890153,4.6918993,6Ery,0.002467402724465173,0.008587727695698133,0.08315927715124226,0.007704144620022863,0.8980808441008142
W37821,-1.669867,4.985404,18Eos,0.0221197897445032,0.34650116490532445,0.4936555357673961,0.05884366006541014,0.07887936276280497
W37822,-7.4334264,7.767468,14Mo,0.13416854455795896,0.031113063758290517,0.12313712396180573,0.6733253081536439,0.03825584344900842
W37825,-7.8184695,7.7843256,14Mo,0.12212544733982829,0.02807220366069281,0.11292608154284088,0.7006777544057796,0.03619854807973409
W37826,-8.1675415,7.1976695,13Baso,0.14140969423918756,0.028472385351830366,0.11216202657681197,0.6827568680564241,0.035198996073310125
W37828,-7.9223337,11.122315,15Mo,0.0,0.0,0.0,1.0,0.0
W37830,1.6596082,4.1708894,2Ery,0.010256949727324967,0.04826142462384597,0.43118937037499966,0.016928784899607505,0.49336260431886464
W37833,9.334539,4.4187646,2Ery,7.625150999802939e-05,0.00030496122659165665,0.0028726511769036896,0.00019511733550099314,0.9965506880939405
W37835,-6.6463647,6.1309853,13Baso,0.13373529040349347,0.04027767364563523,0.1600781715631501,0.6089790550192854,0.05692969873685808
W37838,1.6201046,4.276744,3Ery,0.011482999530886679,0.05536895444591073,0.4904268041650127,0.01901171890718816,0.423708599953373
W37841,8.220014,5.564866,2Ery,0.00015110415752991505,0.0006064978981570122,0.005716225255978781,0.00038466597205860225,0.9931409400677139
W37842,-6.559307,8.8442135,15Mo,0.13225512674710183,0.03501509935685001,0.13768582341794394,0.6557657739717058,0.039277847287794695
W37843,-2.6547146,7.268367,12Baso,0.047902666654950604,0.07493760002575042,0.4619044003106835,0.2575204357528833,0.1577346616133216
W37844,2.6735425,5.2731175,7MEP,0.015396933714212406,0.03710640172374137,0.35163041709399356,0.061065460197929244,0.5347996850176383
W37847,0.9192163,3.9926102,3Ery,0.014671771397442655,0.07575377474282917,0.5984605557695987,0.02242541338460686,0.28868761631618267
W37848,1.3098977,4.0958476,4Ery,0.012556240887363053,0.06214537803819633,0.52721165476825,0.020902246757060487,0.3771835576264629
W37849,-8.054125,10.429925,15Mo,0.019560317673922946,0.005944375096127368,0.024133353646000673,0.9434685665089677,0.006893371915331327
W37850,-7.8433743,7.7641945,14Mo,0.19501885851648304,0.027513197976047708,0.10762841906158967,0.636877655010749,0.032961912182541256
W37851,7.761035,4.1726966,4Ery,0.00011158964247225113,0.0004382699337348374,0.004142561043328643,0.00029499992711233823,0.9950122297586538
W37852,8.062892,5.135717,4Ery,0.00019617102964180773,0.0007954953910680578,0.007480315403406814,0.0004917846739711487,0.99103574684134
W37853,-6.39592,7.81647,13Baso,0.12713420030883657,0.04089011215628235,0.15877519667427947,0.6248700571908568,0.048330151768491064
W37854,-1.3277861,5.550232,9GMP,0.0326995144893354,0.08126773783338147,0.74153033038124,0.04564048130941,0.09886129140764056
W37857,-1.3565562,5.153868,12Baso,0.019578957205960885,0.08644397477472095,0.7501948189426281,0.03907535704529699,0.1047064277561409
W37858,8.508414,5.1248045,2Ery,0.00014817038516296322,0.0005907620007816913,0.005572894792701299,0.00038180789170711067,0.9933058308586353
W37859,5.7448115,4.4476376,4Ery,0.00049673210659713,0.0018297575492158226,0.01753499383651944,0.0014466059106402263,0.9786913526587037
W37860,-1.1902608,7.234888,9GMP,0.0433346549765894,0.06574044009497833,0.43553533479586254,0.19077219981378957,0.26461546556415494
W37861,-6.968142,11.638089,16Neu,0.033038934175363285,0.013564999541142918,0.055515393029690274,0.8829242253422508,0.014956213829808326
W37863,-4.67101,9.930347,16Neu,0.06888103295832895,0.06198080938046916,0.22279890006185038,0.5964856800770187,0.04985281803227775
W37864,6.7084846,6.5617766,2Ery,0.0002369484768163787,0.0009626774803527987,0.009065374042918909,0.0005921912964474052,0.9891421186720567
W37865,8.859036,5.41088,2Ery,0.0001327384982542144,0.0005318097866770288,0.0050116767562559394,0.00033899450550101584,0.993984264164574
W37866,-7.226464,11.4094,16Neu,0.03526381067878929,0.01403411037970255,0.057340798318464226,0.8778167208316915,0.015544325593865652
W37867,1.2233135,5.4183025,7MEP,0.012477631574075665,0.051979447061372905,0.5895717873588822,0.03502571455691957,0.3109445157330167
W37868,-5.7739396,8.393779,14Mo,0.11601805144968709,0.04240893052235893,0.16841936039869454,0.6236041371279624,0.04954917183801666
W37870,-2.208226,6.013512,14Mo,0.03970757371640427,0.1505263294365748,0.5538398160940143,0.12243874348965414,0.13348672491610158
W37872,-7.3328743,8.559271,14Mo,0.090394672847893,0.03944418186585342,0.18523805387055248,0.6197090515088517,0.06521401072849578
W37873,5.7796617,5.4778175,5Ery,0.0005859679289728131,0.002321837322815623,0.022136856835900387,0.0015496305626169803,0.9734051000961449
W37874,6.2606654,4.8716526,5Ery,0.0002812828093287532,0.0011050809818764643,0.010527167423183529,0.0007507481504716157,0.9873351390767359
W37875,8.58916,4.7960844,3Ery,0.00011942504736881882,0.0004741821605879667,0.004474006430582035,0.0003097341780835661,0.9946222125617921
W37876,7.866701,3.993032,3Ery,0.00011509820116886407,0.0004383096757891032,0.004143277621185892,0.0003174243843630549,0.9949855266371942
W37878,6.8516655,7.211036,2Ery,0.0002659073349114231,0.0010979063623911265,0.010297235847595338,0.0006402596848223183,0.9876979638403207
W37879,-4.637963,9.67092,18Eos,0.0687884303551305,0.05197675569078051,0.24145856067360932,0.5771726198095639,0.060603257188045295
W37880,-7.0833254,7.9037933,14Mo,0.13885976130876,0.03167955891056285,0.1251058637740331,0.6660470109711041,0.03830766009920992
W37881,8.373379,4.562917,3Ery,0.0001262698256769765,0.0005001166295136482,0.004719212845401192,0.0003287486672164244,0.9943251905957115
W37882,-7.689686,8.331741,14Mo,0.1293673233196101,0.0293891653403751,0.11762342040563302,0.6862791178850567,0.037340924752114195
W37883,-5.7268195,9.677655,14Mo,0.08869722323604676,0.04062283512006853,0.16299539117168746,0.662897578749449,0.044786550384926294
W37885,-1.3125672,5.0232987,12Baso,0.017610512938251284,0.1022199400343913,0.7323927710207694,0.05641242701990742,0.09136411056927381
W37886,-6.2009068,8.834896,14Mo,0.12212908224007502,0.035103941631578144,0.13957193429217105,0.6630958178360186,0.040098916616276965
W37887,7.2557464,3.72185,4Ery,0.00014091877757326375,0.0005282113642121498,0.004995677348278577,0.0003967678037787172,0.993938006977536
W37888,8.783972,3.014097,3Ery,0.0,0.0,0.0,0.0,1.0
W37889,-8.112368,8.140908,14Mo,0.15986173856454058,0.028281655026477462,0.11146648932205581,0.6660029939450274,0.03438714676487694
W37890,0.4343115,5.0378184,7MEP,0.011082882142190532,0.05762919015896546,0.7331456456706366,0.022866797076966372,0.17527471888609505
W37891,1.6116147,5.199464,5Ery,0.00953613432461081,0.04311127705620598,0.5776896895443934,0.022232295784090472,0.34742973704120383
W37892,-2.7526932,7.683737,12Baso,0.05901250329724086,0.06412091716504635,0.3716631916373839,0.3264974443426595,0.178705393547188
W37893,7.9224267,4.568148,2Ery,0.0001387927672263355,0.0005450435638266715,0.005149568896676612,0.00036652122954812955,0.9937996093050407
W37894,-4.841522,8.481214,15Mo,0.12462427814392181,0.047956229596517574,0.18570789496331133,0.5913810809728745,0.05033006320876882
W37895,-5.3607745,10.038272,14Mo,0.07336446465968952,0.03297520650106688,0.13905898320733212,0.7174459364562219,0.037154941366122365
W37896,8.569332,4.213562,3Ery,0.00011479220759869126,0.00045143051834692355,0.0042609750015864785,0.00030204049041719107,0.9948703374770262
W37898,-5.121057,9.431838,14Mo,0.10260100433001713,0.04130571423054134,0.16172765234125663,0.6514273539758418,0.04293768455948585
W37899,7.8234377,6.289487,2Ery,0.0001874346873550004,0.0007581001126000001,0.007136360958836802,0.0004707422044528672,0.9914467253302455
W37900,7.4852247,4.3619814,3Ery,0.00014102482656311023,0.0005482739461478901,0.005192005447116877,0.000378870712415793,0.9937394287059731
W37901,7.9565606,6.4252133,2Ery,0.00017102644555754739,0.0006917572072584785,0.00651090167906636,0.00042961503479482067,0.9921960676918656
W37902,-6.5941935,11.621026,16Neu,0.042630917106890764,0.01752200417319372,0.07186252155691208,0.8485974318729059,0.019386789625709853
W37903,1.0625161,5.1322937,7MEP,0.010849552971334622,0.05312622774339135,0.5987325779145082,0.023421544858704266,0.3138691857120563
W37904,8.571057,5.9956975,2Ery,0.00015528609250751391,0.0006263987081225296,0.0058962944850643635,0.0003916487056581818,0.9929297758106205
W37906,-4.4159393,6.018359,10GMP,0.0921653276702911,0.07213290162508285,0.29162555407258,0.4426376191113839,0.1014379655430654
W37907,-1.4115849,5.0382586,7MEP,0.01773761632351279,0.10728643003724028,0.7270779490092627,0.05720423205919325,0.09069359086400218
W37908,1.977607,4.6444106,5Ery,0.009203224017501425,0.04390965316457932,0.40120096348161455,0.01796671262876659,0.5277185391067714
W37909,1.5853755,4.811388,5Ery,0.01068082299859463,0.05202951700192911,0.5182985629707151,0.022056999350775777,0.3969331596598927
W37910,-5.761381,6.53964,13Baso,0.09993941800458798,0.0499470356598101,0.20208944247093236,0.5685597298131694,0.07946429492004456
W37913,0.9900911,4.7350903,6Ery,0.012857997325224375,0.06108986881193351,0.635142970382559,0.024499928796153654,0.2664082916602317
W37914,0.35203227,4.58582,7MEP,0.012363607451800469,0.06735974490047544,0.718886615731496,0.021909904824393422,0.17947931146685026
W37915,7.596453,3.501368,3Ery,0.00010307215788494258,0.0003782300695680132,0.003577006559091046,0.00029915540257936877,0.9956422289316672
W37916,-1.1825453,5.726486,10GMP,0.0401461834991485,0.08867886810256381,0.6923948324409612,0.053465361354049515,0.1253138603551797
W37917,6.5470066,5.1733603,5Ery,0.00024409234085960265,0.000957662585355296,0.009091755844156972,0.0006505780512922675,0.9890553238041068
W37918,5.5114107,4.7835927,5Ery,0.000708562018313201,0.0025831501241830187,0.0249075963410627,0.0021005570022382043,0.9696995109583411
W37919,7.5912075,7.339872,1Ery,0.00021498997054550902,0.0008837227468982385,0.008262164467326583,0.0005221817136196402,0.9901161835809426
W37921,-7.7760744,6.824367,13Baso,0.2318980231662521,0.028489459061190416,0.11051452992308315,0.5949372668051028,0.034160813252872214
W37922,-6.6610303,9.550965,15Mo,0.0909844400606085,0.02499885359174662,0.09994610275660111,0.7555133114007053,0.028556990517027817
W37923,4.7377,4.7679577,3Ery,0.0017815938364721404,0.0065236929385236505,0.06326053453161715,0.005287548276989753,0.9231459739221965
W37924,2.280758,5.2152724,6Ery,0.008415013165416764,0.03605238372613067,0.38224353206570105,0.021884203891401277,0.5514039674576972
W37929,-8.007459,8.928285,14Mo,0.09033195699212808,0.022594039051505754,0.09379110536271155,0.7623653720424908,0.030917652324056986
W37930,-4.9788337,2.6061041,11DC,1.0,0.0,0.0,0.0,0.0
W37935,6.4456277,5.164877,3Ery,0.0004693914025499672,0.0019876689313685636,0.018847050700311282,0.0011193399512370958,0.9775760154649046
W37937,7.03868,3.9819794,3Ery,0.00015491909558701603,0.0005890653292135399,0.005599134621082858,0.00043120575512817634,0.9932252928259042
W37938,8.9263935,4.63718,3Ery,9.782052482057649e-05,0.00039035506995972725,0.0036796189683960287,0.0002514107658514594,0.9955804001132813
W37939,-6.9487343,11.122153,16Neu,0.03959187817819201,0.01564018707530728,0.06417921577220168,0.8631041985938711,0.017484269886276077
W37940,5.4386983,4.2226543,3Ery,0.0006437826057405463,0.0023007005445821907,0.02211285291758902,0.0019491068131534442,0.972993042409299
W37941,-6.232636,5.85885,9GMP,0.10848520930116132,0.043042092867688904,0.18196714871355776,0.5875017599573439,0.07900372444118514
W37942,-4.7244763,9.049709,14Mo,0.11704303863458622,0.04666071545064948,0.18203207251526293,0.6060986396278838,0.048164877010946704
W37943,-1.2333521,5.222149,12Baso,0.019785728004791003,0.12492133340291163,0.6897606039284575,0.06921354573680776,0.09631865131564944
W37945,-1.4453744,5.8190184,9GMP,0.03754010617615487,0.07790354120554108,0.6220692664141823,0.12075286880444298,0.14173341766931793
W37946,-6.825216,8.041737,14Mo,0.1317525066647608,0.03519423213595038,0.13874347360757536,0.6521661482421907,0.04214341155587436
W37948,-7.1835833,8.735011,14Mo,0.11940736492743473,0.028527112522068073,0.113510127283173,0.7044640659624627,0.03409120437010836
W37951,-0.62831336,6.001675,8Mk,0.024576060103364602,0.10437238855622853,0.6563597451952077,0.062480454798997574,0.15221020349832085
W37952,4.570858,6.498145,5Ery,0.0039126108576077925,0.015668565840263285,0.13889945879948148,0.006442598384017474,0.8350759631239849
W37953,-5.1515574,9.907285,15Mo,0.06952518426667104,0.03856430007760967,0.16734893329864736,0.6813119874157559,0.04324924674195134
W37954,-6.4645214,9.17941,15Mo,0.11786697530652587,0.033193882563746016,0.13248371376852097,0.6782578837645892,0.03819716325866539
W37955,9.210391,4.8472786,3Ery,9.780961495426977e-05,0.00039007582732657154,0.003677358490904604,0.00025165934684919953,0.9955827111221208
W37956,-6.6457253,10.705396,16Neu,0.04808479171918451,0.018039649989459824,0.073883669272269,0.8396361958103984,0.02035542280510536
W37957,-4.1708255,8.995504,15Mo,0.0791235287141912,0.07455943863356812,0.2598466759890388,0.5273162096786336,0.05915337481301399
W37959,5.829625,6.33504,4Ery,0.0005158829383335036,0.0021306935075550274,0.020027037890381596,0.0012491202419454579,0.9760766122390421
W37960,5.425532,6.181367,3Ery,0.0011123220863746882,0.004618091155415239,0.04270338823450088,0.0024675414390813257,0.9490979459893829
W37961,-0.4428784,7.1888227,8Mk,0.034443131686301455,0.0652418797119819,0.5041412283505458,0.1396424119466231,0.2565291434856321
W37962,-7.726574,9.548381,15Mo,0.06973178159124688,0.01715479341999307,0.06879756765049888,0.8236744653286762,0.020641359485950566
W37963,-5.9406953,9.499446,14Mo,0.08966989947576054,0.0318233140587111,0.1290348737873815,0.713427425111801,0.03604407886733553
W37964,4.3787723,6.0799675,5Ery,0.002345664525517614,0.009870104908102119,0.09318447999463211,0.005609946620778979,0.888989009885648
W37965,3.9779255,5.799178,3Ery,0.0035187181478133554,0.01403204723851707,0.13618831413092466,0.009448487391387794,0.8368116446536698
W37967,1.2119339,3.9975786,4Ery,0.012214617357865913,0.05835041482948396,0.5192812395735684,0.019847031635846144,0.3903057742710123
W37969,7.007004,6.065518,2Ery,0.0002090333062621161,0.0008403955470119956,0.007927692569966054,0.0005325401697844942,0.990489677895127
W37970,-0.747696,6.843695,8Mk,0.038894499429418014,0.06858006545182954,0.4952792005863835,0.15710780724290688,0.24013650286385188
W37971,0.23563367,5.3631454,7MEP,0.011546132466936532,0.04980399889558551,0.7453929690761515,0.027189365417812125,0.16606690996520923
W37972,-5.798903,6.1568184,10GMP,0.14724875862620487,0.05920167530876219,0.21601902714096569,0.5097762483395458,0.06775380387494813
W37974,-5.628901,10.333202,15Mo,0.06317021030364997,0.03858053344939282,0.15476671033449813,0.704833315122521,0.038648710221850985
W37975,-8.064664,8.279493,14Mo,0.14371625128803753,0.02719709704750646,0.10780423466457101,0.6877430452186418,0.03353940265965575
W37977,-4.4935684,7.947298,13Baso,0.11114338086885697,0.054555850080380226,0.2195342003416507,0.5526918513083052,0.06207422287684419
W37978,8.426944,4.481731,3Ery,0.00012023737925507347,0.0004765369699928883,0.004496858639437717,0.000312841203713744,0.9945930905567288
W37979,-0.21058923,5.197772,7MEP,0.011424909097589439,0.07027830415976576,0.7640729923779624,0.023813340187368064,0.130409791524527
W37980,8.404277,6.466417,2Ery,0.00016742500648094712,0.0006774349677657967,0.00637578665428819,0.0004202945279416808,0.9923584219863592
W37982,-8.413895,7.7240076,13Baso,0.17998232493856553,0.027020735437652675,0.1065068944691634,0.6533559139337557,0.03313425660337344
W37983,1.1990602,3.9361844,2Ery,0.013903326378940406,0.06321049725551858,0.5485320397164084,0.020257252903983967,0.3540959553943243
W37984,-5.2616687,6.117071,10GMP,0.11518663129259193,0.10742451127165267,0.23117943646366035,0.47170693945488934,0.07450191016806094
W37985,9.260151,5.93009,2Ery,0.00013061549720579498,0.0005268789871796788,0.004956524084798965,0.0003290221882889069,0.9940563878224796
W37986,8.889812,5.8161163,2Ery,0.00014744453052855982,0.0005930333859700452,0.005585908990031866,0.0003740389726661804,0.9932989903990114
W37988,8.436925,5.767849,2Ery,0.0001569431036916002,0.000630662685178259,0.005943132258045772,0.00039901198625651895,0.9928696829024768
W37989,-2.3750184,7.3872447,12Baso,0.04911661478519991,0.08847796816135269,0.48629486944151384,0.2603831658137898,0.11572749725288377
W37990,-7.4581146,8.390516,14Mo,0.13682594923432356,0.030184542120429612,0.11957857624412188,0.6767530205206355,0.03665781151293421
W37991,9.398895,5.517918,1Ery,0.000122048157142047,0.0004914587228224439,0.004625137711398727,0.0003085379002474948,0.9944522732454114
W37992,-3.7976017,7.6316357,14Mo,0.09619916951230364,0.08531462936877904,0.3346934253134655,0.4097487771277379,0.07404318345330178
W37993,-4.63025,9.290778,14Mo,0.07874819584447072,0.05701925425128537,0.2715667556801485,0.5261361689040236,0.06652939337424059
W37994,9.383659,5.347708,2Ery,0.00011696392571718772,0.00047015259022054745,0.004426193209706156,0.000296676691797284,0.9946895066589618
W37995,-7.216211,9.220328,14Mo,0.08967112477027527,0.02461672389305614,0.10032408420201029,0.7550816928693872,0.030306360121666747
W37996,-6.7547636,11.676389,16Neu,0.040056493650218176,0.016413483185105052,0.06705620242881298,0.858386144974366,0.018087362654414733
W37997,-6.8397593,7.8946357,14Mo,0.14553378286805635,0.03322087193932879,0.1294669218420147,0.6529180483123934,0.03886033098754437
W38000,-0.5419824,6.3280964,8Mk,0.02595382489254717,0.07741915307484931,0.6363838914235748,0.08604952864999227,0.17419213215301274
W38001,-5.4794445,9.445777,16Neu,0.12417977736630181,0.03658424532834203,0.14481203562814146,0.6545584433639914,0.03986493508767388
W38002,-6.3971267,11.252479,16Neu,0.05017944538149888,0.02222369944840171,0.09161317615592719,0.8116110024830812,0.024372342112172256
W38003,7.7454176,7.0257626,2Ery,0.00021911616755958244,0.0009002168054617774,0.008424757595333555,0.0005296282890326746,0.9899255419592236
W38004,-0.89663345,7.194919,8Mk,0.03853801428543347,0.07243504323819047,0.5017151352608157,0.1534138806620252,0.23389553462230442
W38005,6.923088,3.9920042,5Ery,0.00018977526614927768,0.0007087680615502713,0.006716942568964819,0.0005375917828080179,0.9918464282509143
W38006,4.1626964,4.4212613,6Ery,0.0028142804567177714,0.00934291394607621,0.0897068961270625,0.009172104818942895,0.8889631872006726
W38007,-2.631834,3.6885335,19Lymph,0.0,1.0,0.0,0.0,0.0
W38008,-4.3651834,9.178222,15Mo,0.09484131532128569,0.05969196582892688,0.2291575270873201,0.5613781053525956,0.05493029842422322
W38009,-3.7357116,7.5018625,13Baso,0.07487875274144708,0.11023152499324017,0.42818433090366004,0.2995692758784518,0.08713524445571887
W38010,5.0336943,4.7479315,5Ery,0.0010861119352082878,0.00397656917422113,0.03877340005400475,0.0032172583235486403,0.9529460149258813
W38011,-7.86502,8.520437,14Mo,0.11789506872897437,0.02778089252368275,0.11266427568299092,0.7056932524352213,0.03596661864286473
W38012,6.3149853,5.0393314,5Ery,0.0002446419189589203,0.000945152992264658,0.008968724370494284,0.0006651605740117517,0.9891757233288683
W38013,3.4401753,5.2444277,6Ery,0.005948533005865685,0.02230558151750871,0.21537754775605547,0.017367216575571408,0.7390003091277935
W38014,-6.5654225,11.32451,16Neu,0.05026662540028809,0.020327650291891645,0.0832819871192496,0.8236440962900076,0.02247926097639637
W38017,8.591359,2.8459244,3Ery,0.0,0.0,0.0,0.0,1.0
W38018,-8.688749,9.696852,15Mo,0.0304914632375869,0.006663810990483997,0.02769198454322102,0.9254769828555288,0.00967588700991228
W38019,1.3150085,5.15425,7MEP,0.009931006812781154,0.045563960938804667,0.5952802986102625,0.0230097758607477,0.3262140905557191
W38020,0.7744259,5.4472513,7MEP,0.012410345225803893,0.05361487897192783,0.6291914071393129,0.026999741314024262,0.2777826847703023
W38021,-8.96809,7.803288,10GMP,0.14138983232562818,0.024783307851006242,0.1027812829040234,0.6922290638137037,0.038816708326263216
W38022,-8.701376,7.8398137,14Mo,0.1306943794677861,0.02189201924639339,0.08707981005569951,0.7323273538938834,0.02800662422872803
W38023,8.698633,3.5174232,3Ery,4.083555153502965e-05,0.00016150329684991603,0.001523667768845997,0.0001065609574238787,0.9981672843602626
W38025,6.619536,4.235267,4Ery,0.00017753387951613712,0.0006797432288941128,0.006457930937397327,0.0004896970930545685,0.9921946413910199
W38026,-8.230278,7.1531835,13Baso,0.1648091934980845,0.027763769762568898,0.10903306864057015,0.6640385990168446,0.03435548498243546
W38027,-8.04009,9.214622,15Mo,0.07322898570602294,0.0150001334343591,0.059872319875221354,0.8336558798097273,0.018242722098950094
W38028,-5.250106,2.7404637,11DC,1.0,0.0,0.0,0.0,0.0
W38030,-2.306458,7.039063,17Neu,0.03441898455589236,0.10459235583246496,0.5864093189794726,0.16596154508886019,0.1086180062962165
W38031,5.780144,4.300864,4Ery,0.0004983782106684069,0.0018963820540522744,0.01812233852975984,0.0014151194412602155,0.9780672659643546
W38032,5.4014482,3.658836,6Ery,0.0008349812003917855,0.0025058113948221725,0.023680949472394682,0.002938807299076148,0.9700390731198955
W38033,8.920175,4.3196526,3Ery,7.400828294518226e-05,0.0002954404613335329,0.002785560724317768,0.00019027332108875012,0.996654428280509
W38034,8.43753,2.798611,3Ery,0.0,0.0,0.0,0.0,1.0
W38035,-0.09063429,4.5861793,7MEP,0.011658258235909134,0.062436781442586124,0.7978155616880485,0.01853337263860259,0.10955549606998326
W38036,-0.66450465,7.39216,8Mk,0.04595090179844028,0.06337634328564554,0.4321742108683384,0.21534082710629135,0.24315611611779084
W38037,3.373883,4.335761,6Ery,0.006111085710746043,0.020061577714918035,0.19909094774920802,0.020119339506805067,0.7546162371481601
W38038,-1.1120834,4.4782057,11DC,0.18940895901149538,0.20917078376686343,0.5058833638015966,0.01632642434950642,0.07921000883052369
W38039,-7.8700666,10.769179,16Neu,0.0,0.0,0.0,1.0,0.0
W38040,7.965906,2.7734313,3Ery,2.6561308849941514e-05,9.704335882416992e-05,0.0009160401003737294,7.754984315488891e-05,0.9988827274544003
W38041,-8.545545,7.0970263,14Mo,0.216806637695733,0.025230045464678497,0.09908982067951005,0.6278039724298969,0.031069779124690777
W38042,7.187008,4.0222726,4Ery,0.0001377794927033495,0.0005322293056998706,0.0050410248145529345,0.000373945372316806,0.9939145820881683
W38043,7.9373803,3.4372728,4Ery,6.011598272858384e-05,0.00023004451245041063,0.002174764740517544,0.00016499550527345296,0.9973698772043657
W38044,-5.146983,2.6851776,11DC,1.0,0.0,0.0,0.0,0.0
W38045,3.4264874,4.7439284,3Ery,0.005816320929930523,0.019557125141337044,0.19026797538303908,0.018495071736682776,0.765862718654864
W38046,-8.882184,7.702341,14Mo,0.15320247195760295,0.02311445328917136,0.09172043598773519,0.702587314569874,0.029375601880212834
W38047,-8.138338,8.30765,15Mo,0.13432322881822456,0.023687839368374458,0.09353181897750112,0.7195064692181806,0.028950746930986787
W38048,8.591765,2.8012586,3Ery,0.0,0.0,0.0,0.0,1.0
W38049,-5.572243,5.950609,10GMP,0.18659151967242407,0.059307577932045205,0.2066224336212085,0.4835209267188654,0.06395713913897495
W38050,4.1356463,3.925998,6Ery,0.003601174973908952,0.012232993885459648,0.12417237056967757,0.011634616831932785,0.8483581656944164
W38051,7.3105183,5.8672543,2Ery,0.00018966044210743939,0.0007623977337870019,0.007185883153373177,0.0004829634583490711,0.9913784291574608
W38052,-7.225565,10.767605,16Neu,0.0414454369615326,0.01606343689053378,0.0665761366958231,0.8575484285437783,0.018366332909956175
W38053,-6.976084,9.9555435,15Mo,0.06555524919726577,0.022568958289473733,0.09263914110794422,0.7931094267289714,0.026127027015887656
W38054,0.36811754,5.9267206,7MEP,0.014309374591574586,0.05245527776237873,0.705566756760365,0.04202208741243133,0.18564562608226517
W38055,8.120849,2.806261,3Ery,0.0,0.0,0.0,0.0,1.0
W38056,-4.2737927,6.812807,10GMP,0.08376229420941722,0.05643229133159107,0.2776564700008715,0.46076186350581344,0.12138666739968632
W38057,8.124022,2.6667066,3Ery,0.0,0.0,0.0,0.0,1.0
W38058,-7.037407,7.4600286,14Mo,0.13887090842209926,0.032412098843619924,0.12454274838115204,0.6655689042420542,0.03860538345904679
W38059,-0.13081048,4.896678,7MEP,0.0,0.0,1.0,0.0,0.0
W38060,5.618879,4.870556,6Ery,0.000658587694474983,0.0024601150553994026,0.023550801029424022,0.0019050610007027098,0.9714248409910685
W38061,-5.3893566,6.079801,10GMP,0.11830391411237402,0.0647301046497561,0.22486055153715176,0.5167102177114046,0.07539475082191462
W38062,-4.4692984,5.9569116,10GMP,0.09843338194269184,0.07772497220497156,0.30072041108237707,0.4239547669215845,0.09916572375625383
W38063,8.878695,3.5916119,3Ery,4.482770537805564e-05,0.00017772841812132445,0.0016759404307558458,0.00011644846613841322,0.9979848592891476
W38064,-0.492831,4.59463,7MEP,0.010092547929779159,0.07400148070968865,0.7887876243818227,0.020904742317111376,0.10621310287440054
W38065,9.046087,4.228485,2Ery,5.883896823906974e-05,0.0002341085299597571,0.002206384797075577,0.0001518786698359299,0.9973485508104067
W38066,7.3679447,4.7403903,4Ery,0.00015958649455190689,0.0006202993461146983,0.005872884963671833,0.00042969255977608634,0.9929170516872121
W38067,0.59543306,4.8015156,7MEP,0.010176633680759615,0.055434008232503065,0.7551274624768799,0.020019425033838273,0.15924175817892797
W38068,-5.009715,6.7725015,13Baso,0.12282461882822135,0.06116408082715024,0.22440499656309015,0.5250677966800555,0.0665381538850335
W38069,4.394344,4.188095,6Ery,0.0019720026059941473,0.006456386737547185,0.06207391773826819,0.006496537066650179,0.9230006362899833
W38070,-5.769968,9.578837,15Mo,0.08424102485534392,0.031785397712547916,0.12878300160212464,0.7200134898259459,0.03517670752008069
W38071,-0.16843258,6.3897786,8Mk,0.02699539411619765,0.057454905517697455,0.5995367386805923,0.10487304630804739,0.2111391113660871
W38072,-5.772083,6.0918436,10GMP,0.122023926818967,0.05736011121340024,0.2151288352338556,0.5335101573250767,0.07197650517646402
W38073,6.604368,2.923482,4Ery,0.00014344095161302953,0.00043294099461429147,0.0040939865171505255,0.0005122054333932415,0.9948172361171579
W38074,7.5561247,4.2719746,4Ery,0.0001143924544030934,0.0004444797006658541,0.004203910699111147,0.0003074344266022136,0.9949293914235879
W38075,7.291518,2.809755,3Ery,5.598273285439164e-05,0.00018557396744377152,0.0017481674213733426,0.00018219160838296163,0.9978279487700064
W38076,3.2254996,4.720305,7MEP,0.006236169494577649,0.023992522320168325,0.24695359719132617,0.01789819297034398,0.7049186267443244
W38077,8.393999,6.6312885,2Ery,0.0001677802021162389,0.000679309978446393,0.006385621594494381,0.0004201903179837014,0.9923463960882104
W38078,-7.273866,11.111779,16Neu,0.03830743675977645,0.01516664104648517,0.0625399094183418,0.8669351796137413,0.017050602927904317
W38079,6.475509,4.702332,3Ery,0.00025717988837394283,0.0009866318190700951,0.009396357442874242,0.0007093056030666327,0.9886500081319245
W38080,7.1900883,2.7164745,3Ery,6.290755294195782e-05,0.00019282693685724055,0.0018117811222676853,0.00022367354284311125,0.997708689662729
W38081,5.4016514,3.867153,6Ery,0.0009215071990777371,0.0030832115538174942,0.0297766414320839,0.0029941398905212156,0.9632240134327229
W38082,2.6830597,4.7851114,6Ery,0.009435963591950923,0.03189926349853851,0.31382222962334017,0.029736811497223594,0.6151047562730216
W38083,0.31558123,4.2585683,7MEP,0.012038776822086109,0.06622456412020322,0.7377193316846937,0.022075981239465116,0.16194049308768935
W38084,6.5952163,3.7450159,4Ery,0.0003415563124509439,0.001114618302282319,0.010545137082688486,0.0011137359936137254,0.9868845350803251
W38085,-7.808455,10.452846,16Neu,0.028279925024009063,0.00953953376775425,0.03950208647031661,0.9112801239193545,0.011398261273228197
W38086,8.295014,5.188026,2Ery,0.000126219523472773,0.0005032308902656526,0.004744288454748983,0.00032494393776361525,0.9943008237457888
W38087,-6.435441,6.2456074,13Baso,0.1385047962488886,0.042829190611371915,0.1644499517335706,0.5986431732200411,0.0555727255041261
W38088,-3.6494129,6.2575336,10GMP,0.07866300666303265,0.10996725920205182,0.3891865646654111,0.3198911049794834,0.10229129835650336
W38090,7.7014074,4.3857346,3Ery,0.00011946907395820672,0.0004717193125163111,0.004454684691691153,0.0003130764252622242,0.9946405971633748
W38091,7.9959893,2.8454328,3Ery,0.0,0.0,0.0,0.0,1.0
W38092,-3.9846625,6.6012197,10GMP,0.07779434762247253,0.06752775865657101,0.33763351543010245,0.39576960161247554,0.12127425302306599
W38093,3.0476193,4.7701674,6Ery,0.007618454881873414,0.03143325705867639,0.3268608495180253,0.020624852564528482,0.6134616850758801
W38094,-5.378119,7.111691,14Mo,0.08146916133688893,0.041745327197305476,0.19738024270446963,0.6109127425827632,0.06849244323797064
W38095,-8.651726,9.748189,15Mo,0.0359602860961467,0.007570188394104925,0.031278868167557775,0.9144056941046622,0.01078507108189906
W38096,0.5512371,5.5617704,7MEP,0.00989769039972481,0.041041566436413456,0.7409461040884646,0.026557472162312554,0.18155650482998664
W38097,-4.497599,7.318918,13Baso,0.11170725974260559,0.06258127918495787,0.254142102064514,0.501231848153758,0.0703370004483755
W38098,-6.714777,7.634443,14Mo,0.1465404072340277,0.03483512040846599,0.13495962899701716,0.6436468240302956,0.04001793221096157
W38100,-7.321424,7.441836,14Mo,0.15255856633013953,0.030662926554934234,0.11957382883686446,0.6606552831817821,0.03654942123736726
W38101,-6.1545796,7.7372665,14Mo,0.14043868199575352,0.03803685405340585,0.14722275469437496,0.6308057063907271,0.043495839909470466
W38102,7.608502,5.5824447,2Ery,0.00018256273996362764,0.0007272180567004275,0.006871384415470304,0.00047210644024670733,0.9917461586010746
W38103,-5.533352,10.284297,16Neu,0.06592792329747338,0.029996438102722893,0.12460660422789491,0.7461691837950816,0.0332994986581348
W38104,0.74274075,4.8933587,7MEP,0.011200275890809337,0.06330946915247325,0.7052299629918213,0.022452859592555174,0.1978065973182025
W38105,-7.5835857,8.572199,14Mo,0.11688172482549615,0.025931726419801262,0.10295448535701901,0.7232837573745741,0.030948285848984944
W38106,-6.5247912,6.087498,10GMP,0.15158933428047955,0.04243129614196989,0.16272796986245908,0.5884634425169519,0.054787832482839895
W38107,-8.34061,7.6925864,14Mo,0.15199881536943555,0.025348983476329034,0.09996577992403462,0.6913337745866094,0.03135280723575555
W38108,2.8662994,4.626576,6Ery,0.0073629616011316075,0.03069449500855456,0.3130258219491389,0.019959210015505754,0.6289565739838194
W38109,-8.922946,8.108847,14Mo,0.1372760340763584,0.021361269937091382,0.08493571815710835,0.7291286545661568,0.02729856257109821
W38110,-6.517239,11.264512,16Neu,0.04746156074051377,0.019850737721859114,0.08194416951098611,0.8286838897672827,0.022059330042830422
W38111,7.772987,4.6887093,2Ery,0.00011347321653768145,0.00044503208662880704,0.004204699241494491,0.0003004532437229079,0.9949359433938821
W38112,-5.5776987,6.161588,10GMP,0.13426800658830285,0.057963553608965976,0.21612174823056168,0.5244143136909866,0.0672319578542815
W38113,-5.260207,10.665071,16Neu,0.06870590427317208,0.031910570333882504,0.12609049939432493,0.7406925303061864,0.03259999922418908
W38114,-3.2782085,7.7065964,14Mo,0.08284929484310173,0.09298486051480087,0.4065361326242367,0.327208977936773,0.09041975250106143
W38115,-6.965807,6.948693,14Mo,0.1422839792168916,0.03502173975823653,0.13606082412672538,0.6442049064603907,0.04242853068789705
W38116,4.8944993,5.019065,5Ery,0.0012859798163552432,0.00475435442488659,0.046068962441888316,0.003782226590229635,0.944107832263616
W38117,-2.4205823,7.678276,12Baso,0.05210876361570699,0.07805242919867704,0.43345084964787584,0.3086169162790128,0.12777102987147276
W38118,7.308365,4.501156,4Ery,0.00014888209441282993,0.000573532683215723,0.005432668745468979,0.0004053595398276452,0.9934391268606831
W38119,9.007229,3.5615165,3Ery,0.0,0.0,0.0,0.0,1.0
W38121,-6.5744243,6.2017655,13Baso,0.1047754405165962,0.03906468632312868,0.16754828644094868,0.618123532346734,0.07048803426243098
W38123,8.091253,5.395855,2Ery,0.000149529497106939,0.0005987574620083995,0.005644636334632857,0.00038255304088283406,0.9932239490747327
W38124,6.399611,5.076629,4Ery,0.00022519146215077088,0.0008746699640922071,0.00829891955510371,0.0006079341411359977,0.9899927278230735
W38125,5.1118784,4.6933823,4Ery,0.0009035452044962205,0.003220543742881978,0.03101807780253689,0.0027468383013635007,0.9621104223033071
W38126,5.9271154,6.2725596,3Ery,0.0004087434195946342,0.0016660720266841198,0.01578972551303887,0.0010392992393826051,0.981095466614809
W38127,5.8611054,3.9167745,3Ery,0.00032156980898668077,0.0011235091252770671,0.010705642595771543,0.0009924651788523785,0.9868563680752931
W38128,-6.8296113,6.529938,13Baso,0.12979834621041336,0.04103618307703693,0.16085480107376068,0.6157941754168724,0.05251629557788609
W38129,-1.0608175,4.596516,12Baso,0.013362197590855954,0.11093788016292333,0.7597135999456979,0.03832629083906437,0.07765976965375387
W38130,-6.7173905,8.198007,14Mo,0.12896731466727007,0.035115985022162906,0.13868531883608798,0.6557435718520892,0.04148769087553323
W38131,-6.880278,11.430869,16Neu,0.04482503273746947,0.018308134868749926,0.07551647461225552,0.8409462083593181,0.02040379837777699
W38132,5.1689415,4.643617,3Ery,0.00147372057501948,0.004973706233589365,0.04789075321699625,0.004703285477127842,0.9409578650086903
W38133,4.8365326,4.934881,5Ery,0.0012693292310231316,0.004608250694088631,0.044497802076846824,0.003783999795646565,0.9458399550725043
W38134,1.7814733,5.376075,6Ery,0.01078140142068709,0.04954376497690772,0.4962296551801102,0.023894773927346638,0.419549540937435
W38135,-0.62583315,4.2966037,7MEP,0.029012927949415544,0.08940239592280112,0.7266025678887786,0.02555523129305701,0.1294261603699068
W38136,7.2580366,3.4293017,4Ery,9.744036568400653e-05,0.00036321055768393374,0.0034436680907849915,0.00027813409565710976,0.9958172708250971
W38137,6.3295074,4.1269584,4Ery,0.00020002425898896277,0.0007414606343246922,0.007057432846036646,0.0005757840138419858,0.9914248733241353
W38138,7.0196266,4.96513,5Ery,0.0002202464197216763,0.0008538313216879388,0.008100294842048623,0.0005957157791234526,0.9902293702948541
W38140,-6.159203,8.222714,14Mo,0.13421948668313308,0.03728182481888377,0.14523462514030466,0.6410587376707221,0.042205115540104365
W38141,-5.2178073,7.645584,14Mo,0.1269945243304811,0.046485924615532505,0.1799353260369293,0.5940532180842034,0.05253065943222908
W38142,7.3765926,6.99253,2Ery,0.0002126720568420273,0.0008610410498820877,0.00810759214135031,0.0005342666285818417,0.9902836976952907
W38143,0.45218953,5.32203,12Baso,0.011339592633878806,0.05135665936760456,0.7104534408058243,0.026955173424204986,0.19989439302874293
W38144,8.5975065,3.2947834,3Ery,0.0,0.0,0.0,0.0,1.0
W38145,5.9448624,6.1958804,5Ery,0.00039271835148516786,0.0015880523697591317,0.015009753332510953,0.0010003068481526081,0.9820084829477015
W38146,7.1306386,6.3222594,2Ery,0.0002723794988498218,0.0011111631273557998,0.0104554732540904,0.0006729665207806526,0.9874873242326786
W38147,7.629021,7.1773324,2Ery,0.00020343040123535665,0.0008303651065942293,0.007791849984794089,0.000501473828926396,0.9906721123826605
W38148,-5.516396,11.27882,16Neu,0.05561396198302898,0.024967401310037593,0.10147540021037248,0.7911977962070089,0.026744961792115867
W38149,-0.38872692,5.1941037,7MEP,0.011116822898323294,0.04667852361512288,0.8099865295420724,0.016931623835074166,0.11528595033935056
W38150,4.953628,6.157236,5Ery,0.0011959790285764268,0.004775660165359298,0.046053449816736806,0.003241764933174197,0.9447325122923116
W38151,7.416503,7.026534,2Ery,0.0002579189866394988,0.0010747566482200773,0.009981568480096837,0.0006068406738341459,0.9880781409139185
W38152,-0.3323023,4.233749,7MEP,0.010115981351587415,0.06685995617360227,0.7898717357323688,0.01782782319398197,0.1153239281065933
W38153,4.7169704,4.085706,3Ery,0.001774801487581365,0.005902933120805872,0.0571129236617659,0.00577166241725532,0.929437116172651
W38154,5.2340007,5.3495283,4Ery,0.0008219120681914522,0.0029093469294600846,0.02745355062142451,0.0024773187132252138,0.9663372440554185
W38155,7.859747,5.5105247,2Ery,0.000158049886809028,0.0006307560907027877,0.005949802161519985,0.0004067351363231708,0.992854079677008
W38156,4.7572722,5.0497437,5Ery,0.0018559976991121092,0.006946626815430959,0.06735741629930286,0.005408751527033889,0.9184305263026858
W38157,-3.1767685,6.457409,10GMP,0.07684968093082205,0.1031799451822463,0.4901643434838914,0.21904055619728321,0.11076450811769463
W38158,8.230895,6.8586197,1Ery,0.0001726900046823522,0.000701092294691601,0.0065859889234557815,0.00042996333365694143,0.9921095315206784
W38159,-1.4313287,4.9508715,10GMP,0.042240224908683635,0.12887384594010362,0.6716050944649448,0.04215643803140717,0.1151236697650248
W38160,-4.7935023,2.4761913,11DC,1.0,0.0,0.0,0.0,0.0
W38161,-6.916947,8.250994,16Neu,0.13638771884733378,0.03197080933925967,0.12471370500268379,0.6699297162394184,0.036997950886210725
W38162,6.6396117,4.8746724,2Ery,0.00022934838436216483,0.0008724304056812485,0.008285773258007454,0.0006362611375331264,0.9899756511875019
W38163,7.9722137,5.6817317,2Ery,0.00016381798196396768,0.0006552251645650664,0.006179726547519537,0.00042013603118387275,0.9925805132006325
W38164,7.477851,7.4407663,2Ery,0.00021535960569164493,0.0008799476452167367,0.00826570878473696,0.0005307309120984114,0.9901074832812103
W38165,4.5797343,6.452774,5Ery,0.0018380951604094991,0.007514418611964529,0.07233783852469165,0.004748046190161241,0.9135608761242582
W38166,4.983386,5.476666,5Ery,0.0008740914973903134,0.003322585296046644,0.031841212613390665,0.002466041955581638,0.9614954449423387
W38167,-6.3715086,7.9776435,14Mo,0.15487554767772047,0.035512762069962456,0.13712686134592839,0.6321794401143527,0.0403052417252105
W38168,-7.804369,8.20355,14Mo,0.14229353173483697,0.02773377921458712,0.10964376951687742,0.6870448128794389,0.03328409652271675
W38169,-7.9364314,10.65135,16Neu,0.0,0.0,0.0,1.0,0.0
W38170,-0.54839635,6.061299,10GMP,0.025683304555360845,0.0802439099756312,0.644280238134982,0.07658508256288919,0.1732058945846717
W38171,-7.367508,7.750514,14Mo,0.15175720699073614,0.03220621688074859,0.12652234230610668,0.650828897001502,0.03868528006634385
W38172,-7.1678987,8.426314,14Mo,0.12411472713386802,0.030202862423792293,0.12037341163012348,0.688671045548078,0.036637919797379834
W38173,6.5586514,5.864445,4Ery,0.00033090948935779967,0.0013371649664897002,0.012607952854254596,0.0008297061134141249,0.9848936299569826
W38175,9.000127,5.1946306,2Ery,0.00011152201572731572,0.0004483255792655359,0.004218811180008497,0.00028262768905251375,0.9949382335135141
W38176,5.255651,3.715998,6Ery,0.0010989939698734987,0.003588603700917895,0.03492960251745548,0.0036814301769577495,0.9567009228768579
W38177,8.000186,6.6059227,2Ery,0.00017838829190134216,0.0007220446878259167,0.0067892937056323755,0.00044703940306663014,0.9918625197311364
W38178,-2.7817514,3.6425078,19Lymph,0.0,1.0,0.0,0.0,0.0
W38180,-6.921359,10.713178,16Neu,0.04952049762612731,0.018723519052160124,0.07713937020127186,0.8333451641557003,0.021271155248637076
W38181,7.4893613,7.354407,1Ery,0.00021979686143238543,0.0008978568431946608,0.00843012404336446,0.0005413442096477077,0.9899100974704915
W38182,-4.9346876,7.387418,13Baso,0.12552507948489725,0.05387292776008281,0.20023501251786885,0.5616758762121491,0.058690707550208464
W38183,8.049234,4.711622,3Ery,0.00012687301547923774,0.0005034144913910172,0.004750649550098429,0.0003294796288093093,0.9942891151010914
W38184,-8.3024645,9.341271,15Mo,0.06441819729394137,0.014148843521768035,0.05768227444422419,0.8451510612568945,0.018599806210038233
W38185,6.823252,4.610125,3Ery,0.00019804812689143287,0.0007708643746478549,0.007310321739263511,0.000532983577774042,0.9911872818237505
W38186,6.0507083,5.1081033,5Ery,0.00031442941342660363,0.0012065271255416983,0.011508817000142923,0.0008684958521001765,0.9861011568759929
W38187,7.9981194,5.647473,2Ery,0.00015433320554735243,0.0006184879510026231,0.00582735050603844,0.0003939324909584886,0.9930052854320068
W38188,7.238328,7.2964773,2Ery,0.00024696820804984783,0.001011552530481609,0.009505561903095424,0.0006067272569499035,0.9886284195069707
W38189,-6.322563,11.482941,16Neu,0.04894676781820765,0.020503375786001976,0.08443705961226848,0.8234226396790112,0.022689771880630493
W38190,6.4442997,4.408589,4Ery,0.00024454424616868924,0.0009419365055093166,0.008957580013588031,0.0006701324441434608,0.989185277830412
W38191,-2.3600287,7.3535886,12Baso,0.03918956469199609,0.09668155885613189,0.5503252046991486,0.19943328385107947,0.11437090290639747
W38192,7.773788,5.3174663,3Ery,0.00015511639724039508,0.0006182319237792658,0.005833161367002022,0.0004006514047003829,0.9929922845591961
W38193,-0.19875735,6.6712866,12Baso,0.027393987785507654,0.06759192251097354,0.523227841062611,0.11548779279518769,0.2662976680804129
W38194,-7.7400413,8.8196335,14Mo,0.11133037749066327,0.024589999603343488,0.09813129822589457,0.7362677047313204,0.029680565993935874
W38195,-6.8043504,10.227192,15Mo,0.06012417176218911,0.022902621695561457,0.09540145422788525,0.795056129630882,0.026515410364524025
W38196,-6.271753,7.7586303,14Mo,0.14237945348826472,0.039664196289376105,0.15197334113625285,0.6215172464535709,0.044465652480188245
W38197,-3.935403,6.1169744,10GMP,0.09332762273350531,0.09810252854688285,0.35984224786670643,0.34929485106708075,0.09943191879348161
W38198,4.0606694,4.7793317,6Ery,0.0028650021694479576,0.01033858052290076,0.10081204376941558,0.00863194423581146,0.8773517523086757
W38199,-3.1147077,7.3900757,12Baso,0.061742381362318945,0.06784313017403136,0.3833138946805703,0.34970109258817866,0.13739932734923455
W38200,7.8514233,5.1634197,2Ery,0.00013780046673741064,0.0005478645624095929,0.005169401321135572,0.0003570191473095067,0.9937874045922228
W38201,7.8195963,4.052161,3Ery,0.00010110807726443368,0.0003943406363122666,0.0037253149285478393,0.00026975894118304273,0.9955091146708295
W38202,5.730315,5.2274575,4Ery,0.00045710599357436,0.001789940483900155,0.01711932771724348,0.001245550370810232,0.9793874859507481
W38203,-0.013484624,5.1464443,7MEP,0.009180082058039237,0.04525080594855665,0.8275277072627493,0.023928101430827964,0.09411288367890862
W38204,7.3418274,4.879733,4Ery,0.0001545545911407971,0.0006107355159689052,0.00577360657052509,0.000405132855349947,0.9930554614302263
W38205,-8.569793,9.096493,15Mo,0.07599823660921502,0.015248108287768628,0.06160282003910674,0.8272483460831678,0.019902664584078772
W38206,8.560809,5.047326,2Ery,0.00012175835765703811,0.00048510715314165434,0.00457372465316496,0.00031379467120074743,0.9945051437643366
W38207,-1.5444617,4.7508965,7MEP,0.012898660122794564,0.40292076082271927,0.4807639998802849,0.03392066428674917,0.06949559729161173
W38208,-6.839952,9.927226,14Mo,0.0653098804024395,0.023987271899927082,0.09975675629751866,0.7823947597942008,0.028551193248308734
W38209,7.4856753,2.9887755,3Ery,6.22233405353166e-05,0.0002230864654967877,0.002110073096126382,0.00018604406512483747,0.9974184052891624
W38210,-8.410934,7.38621,13Baso,0.14540854602212663,0.025468287858818637,0.10070463347339219,0.696385138302222,0.032033500075338325
W38211,8.891509,3.762023,3Ery,5.427055026996891e-05,0.00021559609718039364,0.002032951275214299,0.00014054921923978652,0.9975563954289292
W38212,-7.1761236,10.329707,15Mo,0.043837677901585055,0.017079459170392955,0.07156105948193078,0.8475960237712593,0.019925689844357553
W38213,-8.320674,9.94217,15Mo,0.026496397444608164,0.006667001429087737,0.027442138560711857,0.9308074549256711,0.00858707262098814
W38214,-9.210306,7.497861,13Baso,0.17721596099807577,0.02335378304077882,0.09271712013295198,0.6766932840018686,0.03002010718478375
W38215,-8.320082,7.8045115,14Mo,0.12941986224932028,0.02761912708519297,0.1111020545900048,0.6938518029502905,0.038007306514213766
W38217,9.471977,4.335271,4Ery,6.965446085734143e-05,0.0002788329801568165,0.0026256876075961147,0.0001778776006717755,0.9968476392877104
W38218,-8.603419,7.505264,14Mo,0.15282517149087058,0.024025129502487207,0.09502449892299043,0.6979136763582409,0.03021175880766806
W38219,1.8517754,5.504558,6Ery,0.011486807769361267,0.045602246718921234,0.48468222265432387,0.03005003051111773,0.4281777368944531
W38220,7.245825,2.8306155,3Ery,6.343399601827841e-05,0.00020780473009118935,0.0019592973782233602,0.00020993288746666322,0.9975593960948737
W38221,-7.51201,7.03775,14Mo,0.13478450856544116,0.03023471107028831,0.11887827904079751,0.6786341192673673,0.037468382745293224
W38222,1.0550274,6.172865,8Mk,0.019518811657925985,0.04529746678151336,0.4307242275440501,0.07797143163107743,0.42648683079695787
W38223,-0.54524255,6.076736,8Mk,0.023917697836430163,0.08287853625839263,0.6546998770170201,0.0799766430729489,0.15852568769235964
W38224,0.342488,4.7500505,7MEP,0.010278532152560771,0.055719362966906,0.75775421163687,0.018868609893117394,0.15737860634417994
W38225,-8.639525,10.19498,15Mo,0.0,0.0,0.0,1.0,0.0
W38226,-6.698164,10.470743,15Mo,0.054343725063129476,0.025359485800562662,0.10862453916419011,0.7825437409698235,0.029128319779160368
W38227,-6.7316246,6.298154,13Baso,0.1391370966688141,0.04084991052546524,0.158106543518464,0.6092057318906229,0.0527006249513307
W38228,-8.374807,10.868636,16Neu,0.0,0.0,0.0,1.0,0.0
W38229,2.1394162,5.1272783,6Ery,0.009229558200370327,0.04202626492027712,0.47339296283915255,0.022133306849783384,0.45321700386228825
W38230,9.191253,4.16319,3Ery,5.4473796726571346e-05,0.000217678802493561,0.002050155307939716,0.0001395017271259962,0.9975379589745191
W38231,8.679114,5.21469,2Ery,0.00011326064323615169,0.00045439080343249446,0.004278240893900196,0.0002882845343508516,0.9948653439743713
W38232,-8.263069,8.447943,13Baso,0.09726956698806756,0.026898060754029764,0.1165515650149791,0.7123809946215386,0.046899942293291336
W38233,8.185321,4.084219,3Ery,8.735198955740056e-05,0.0003445161248510973,0.003252380791102907,0.0002290816603048798,0.9960863415029956
W38234,7.854902,3.0496795,3Ery,4.434840539942003e-05,0.00016816565327270979,0.0015897077194355288,0.00012331406110176302,0.9980743138712321
W38235,-8.801679,7.221926,13Baso,0.18203883838537258,0.024545626018176142,0.09702391462707503,0.6653269282127746,0.031064938806359955
W38236,-5.3670483,2.9626734,11DC,1.0,0.0,0.0,0.0,0.0
W38237,-4.6304035,6.2252192,10GMP,0.10861554477329348,0.07727567379710233,0.2913304177604907,0.436671303279767,0.08610633267069981
W38238,7.3537464,3.5863264,4Ery,0.00011173595691113102,0.0004148991847776318,0.003925883881746229,0.00031867799140280345,0.9952284848362513
W38239,8.314831,6.482144,2Ery,0.00016454291887581308,0.0006656689277223964,0.0062598937564414085,0.00041280638272126017,0.9924964060338946
W38240,1.8727411,5.748033,7MEP,0.013471232179341664,0.041661316882638896,0.44478112873865877,0.04539395755782077,0.4546912324728854
W38241,-0.2943302,5.160822,7MEP,0.0,0.0,1.0,0.0,0.0
W38242,5.3948927,4.425219,6Ery,0.0013323411431315642,0.0039770513184751765,0.036993990275047454,0.004589885781634054,0.9531061886681773
W38243,7.135402,4.3362226,3Ery,0.00014424611013168228,0.00055770799594188,0.005281836312930728,0.0003908901964835877,0.9936248795301179
W38244,-6.395087,10.458719,16Neu,0.05562768178519975,0.024657355256215343,0.1045490320298751,0.787010561046365,0.02815511280542841
W38245,0.03273824,4.8288665,7MEP,0.011286135044714582,0.07365929956597951,0.7720170577527422,0.023177946672467354,0.1198589852165584
W38246,-7.5429096,9.046365,14Mo,0.09439660951743972,0.02644414054896933,0.108088368640946,0.7376055042604808,0.03346536995238047
W38247,6.7067494,2.6798544,3Ery,0.00021385557947930953,0.0004466308677517941,0.003971310906928212,0.001023890646552492,0.994344173722843
W38248,5.616823,4.7573643,6Ery,0.0006062809121308224,0.0023700132740942814,0.022776297157716383,0.0016845561404638903,0.9725622658540154
W38249,-4.566721,5.8352885,9GMP,0.09579568311992655,0.07651780534347313,0.29405005440043214,0.4291273858188052,0.10450829533225112
W38250,-2.28948,7.206335,12Baso,0.03676213909163576,0.08034730207919072,0.5117225862917972,0.2033025542671192,0.16786536904688465
W38251,8.340115,3.5679152,3Ery,5.362705627305176e-05,0.00021090720911630704,0.0019902021691189345,0.00014117356719675977,0.9976038859118245
W38252,-7.7638845,7.0632286,14Mo,0.16201401841071295,0.02968284478418139,0.11582556284039323,0.6566486262580707,0.03582902067083256
W38253,-4.484611,6.3251834,10GMP,0.10629057688297348,0.07955151230800467,0.2987478054885781,0.41031638453122005,0.10509299059866811
W38254,6.0090227,4.5561576,4Ery,0.00028595953594415447,0.0010843839757305744,0.010333149914716531,0.0008013886838322833,0.9874945971592098
W38255,1.5386528,5.4581547,7MEP,0.010299574934447987,0.04619331932456734,0.5563236023549565,0.025929731993706056,0.3612527752501274
W38256,3.8575406,4.6437697,6Ery,0.005777309990672003,0.01812787956321004,0.17221312641767905,0.01941031106866113,0.7844705716662308
W38257,-6.512558,6.984726,14Mo,0.13572455093865898,0.03751853414541426,0.14617619060948958,0.6352083387208531,0.04537232671887308
W38258,-7.463398,6.956718,14Mo,0.1656693249603784,0.03120418174668677,0.12142274029650964,0.6442717165754419,0.03743207923592229
W38259,7.210509,4.948631,4Ery,0.00016032241936523103,0.0006317401506220514,0.005970824548379894,0.00042187257461635884,0.9928146942279633
W38260,8.429059,5.1287694,3Ery,0.00012237554067521907,0.0004888216831244956,0.004606604200641823,0.0003140276831835822,0.9944676793262717
W38261,6.9472327,4.22581,3Ery,0.000173889101895837,0.0006579955412349577,0.006242816516604858,0.00048607072059529054,0.9924387962384538
W38262,7.93129,5.115829,2Ery,0.00013841728126348378,0.0005520016337115176,0.005205232245032018,0.00035666445484806327,0.9937471195537604
W38263,-8.31733,10.2903385,16Neu,0.0,0.0,0.0,1.0,0.0
W38264,9.073802,3.8678608,3Ery,0.0,0.0,0.0,0.0,1.0
W38266,1.8202918,4.9422135,7MEP,0.009891931516636001,0.04721678244962827,0.5619487835312386,0.02230636581200819,0.3586352636502943
W38267,-2.6033926,7.942907,18Eos,0.04783857657668734,0.08235745749749782,0.4473873766296263,0.31876262320216187,0.10365422389855332
W38268,4.8245597,3.8133998,6Ery,0.001591831342643795,0.005019651606203132,0.048224277779334676,0.005430272793291567,0.9397334629568821
W38269,-8.776755,7.0740347,13Baso,0.19048739710814655,0.025079070271194003,0.09900623998430845,0.6534319230641025,0.03199560327541736
W38270,6.073455,4.3768883,4Ery,0.00027652052131917385,0.001032407352395353,0.009829731824217572,0.000788729418882564,0.9880720903552155
W38271,-3.9856474,6.6745152,10GMP,0.09517049712832244,0.0773002457507967,0.32508007962747815,0.4035660378292639,0.09888238607727963
W38272,4.844626,3.4122608,6Ery,0.0019782710535458125,0.0055926830022463925,0.05400334243676858,0.007451639387311625,0.9309737203144605
W38273,6.9507747,5.033416,2Ery,0.00018212091679792872,0.0007158143982092796,0.006776015010650759,0.0004824462084199334,0.9918430609289134
W38274,-0.8482099,4.7499876,12Baso,0.01277332576229907,0.08409225829567786,0.7876852673253137,0.031859876973604394,0.08358886677326409
W38275,7.87707,6.915375,1Ery,0.0001910947747543192,0.0007781552329286651,0.00730451735033058,0.000473332332921209,0.9912521613539851
W38276,4.49371,4.4804254,4Ery,0.0021956672560069506,0.007412591617858649,0.07112667997792063,0.00700518339085502,0.9122592631336663
W38277,-6.54732,7.099985,13Baso,0.13912953497643635,0.03738904104675183,0.14531819459673623,0.6332883789514102,0.04487475663340929
W38278,-6.405654,8.912323,14Mo,0.11261805500819443,0.03469025047690772,0.13986109840795952,0.6726144550422426,0.0402160550980701
W38279,-6.9539666,9.553023,14Mo,0.0776173768384684,0.0265226856827531,0.1102950544355289,0.7527009658324982,0.0328637971572739
W38280,-5.851346,6.69986,13Baso,0.09812058315836587,0.05141862070788986,0.21117866507500074,0.563603982352286,0.07567792437781466
W38282,7.299984,3.8421097,3Ery,0.00013396323437607868,0.0005095290318515007,0.00483420164600681,0.0003719065239456455,0.9941499949789243
W38283,8.734379,5.099786,3Ery,0.00010894106482105067,0.0004364666827116748,0.004110722924000537,0.00027787238321755917,0.9950655487665444
W38284,-6.5276403,10.954303,16Neu,0.049691823465253096,0.020708296456651266,0.0856096640176849,0.8208874023654843,0.023102491339721334
W38285,-7.7198267,10.11081,15Mo,0.03868850060776687,0.012101712763324547,0.04952209918854027,0.8854674384388741,0.014220165128905022
W38286,-5.555029,7.2215514,14Mo,0.12158766270305545,0.04828901312422274,0.19493427921700815,0.57476871596012,0.060420102217761555
W38287,6.220691,3.3976676,3Ery,0.00036584278394755337,0.001093850704448415,0.010286884961649641,0.0012834181800079664,0.9869696780711008
W38288,3.789126,4.552508,6Ery,0.004571922605096465,0.01648840245709025,0.16322401753788943,0.013876127256804925,0.8018386779654312
W38289,7.6417623,4.765505,2Ery,0.0001495670068174825,0.0005820177017690561,0.005507430917384363,0.00040089238452076996,0.9933596335088477
W38290,-5.5600786,5.9892898,10GMP,0.13354187517575966,0.05721625787514943,0.2048229417903485,0.5383969651696673,0.0660215871297543
W38291,-6.779449,8.967597,14Mo,0.0890703209620859,0.03442468081700195,0.14638898909597556,0.6835794713276807,0.04653650814637126
W38292,4.4066086,4.4375615,5Ery,0.0023573599885919547,0.008327124537515723,0.08101836516322629,0.007310284725530279,0.900986256859325
W38293,6.3922496,5.247367,4Ery,0.00024052969938671956,0.0009378922721158364,0.00890200976372823,0.0006468328057372421,0.9892721383375139
W38294,-8.001195,9.858656,15Mo,0.04865437837110686,0.013151808803553473,0.0538731346664659,0.8680463433711348,0.016274367231671867
W38295,-6.1619773,7.562597,13Baso,0.16630774044980629,0.03808901623649196,0.14436425225580277,0.609197903287042,0.04204104277734712
W38296,-5.8739777,8.339881,15Mo,0.13276983338944792,0.03730493317534231,0.14407546678525293,0.6447823660254944,0.04106722948591086
W38297,-5.843042,8.333148,13Baso,0.12984922337527796,0.04023605429348695,0.15531755135691544,0.6298249642672237,0.04477188921067138
W38298,-5.8991075,7.0934954,14Mo,0.1381805492595987,0.04165140343714047,0.15762359719015634,0.6151479083107317,0.047396402614157195
W38299,-1.595143,5.290393,12Baso,0.02144427645442891,0.11596454438073536,0.7030343049717085,0.061783521724390014,0.09777308919436084
W38300,-6.5175962,10.555272,16Neu,0.05370892819423498,0.02198176707629383,0.09098820229831313,0.8085886691695929,0.0247321029219846
W38301,-2.803208,5.963777,13Baso,0.06496533143849627,0.10639788313315456,0.5123871043729191,0.20774098984052103,0.10850780417226434
W38302,4.1416564,5.067972,6Ery,0.004776749904794529,0.013484793578751498,0.12395177389284834,0.016674748419947805,0.8411112559140392
W38303,-6.4949684,9.900001,15Mo,0.0671157079312846,0.02943693437993829,0.12733074228368868,0.7411422052850477,0.03497424050622172
W38304,6.430773,4.879394,4Ery,0.00021419739631004393,0.0008276133705363688,0.007856732833722813,0.0005830117996679118,0.9905179140171767
W38305,-7.3803782,9.218515,14Mo,0.0831610814558279,0.03224306462699841,0.14345866165240354,0.6930882234509925,0.048048901970581336
W38306,-4.299508,6.813457,13Baso,0.10738874250962716,0.07319129259265626,0.28782787163601137,0.44164786537505957,0.08994348989986112
W38307,-7.2041016,10.152254,15Mo,0.043328203596851834,0.01657590388502808,0.06937511108108949,0.8510297899303672,0.019690848027070378
W38308,6.669316,5.0827584,3Ery,0.00021106960280005315,0.0008269636311333372,0.007837488751168162,0.0005625914363363037,0.9905613431155781
W38309,-1.2359186,6.6928086,10GMP,0.037568077028126534,0.07350510019295577,0.5203987477410296,0.1450751035885483,0.22345134897107713
W38310,-5.2065935,6.916096,13Baso,0.12290888385802437,0.054802076590461275,0.20798607370072783,0.549251172211322,0.06505137547733358
W38311,7.836204,4.042145,4Ery,8.84079834565795e-05,0.00034588722460405065,0.00327283864452688,0.00023548802876415128,0.9960570882906528
W38313,0.25017273,6.1382704,8Mk,0.021930330690640036,0.05810815579496548,0.5803963821320504,0.0747304872166452,0.2648333473372981
W38314,6.914122,4.807386,3Ery,0.00018455180749724466,0.0007184311873304325,0.00680610178150654,0.0004953491586515797,0.9917950222058554
W38315,-5.3905797,7.923544,14Mo,0.1315971986888213,0.04738149353894377,0.1784687416651288,0.5923506714629051,0.05020150884449905
W38316,-5.11755,8.412923,15Mo,0.13136374469653023,0.04728966591565948,0.1798722657269487,0.5928323253016308,0.04864155002431022
W38318,-6.079629,9.606661,16Neu,0.08817147055103862,0.03175190242170036,0.12807903320036662,0.7166214278612809,0.03537575749367543
W38319,-7.1380205,9.170603,15Mo,0.08565892931448837,0.027842833880873684,0.11494813458737425,0.7362989153445999,0.035251159752777296
W38320,-5.459183,5.740318,9GMP,0.09599468140021647,0.054122520168984486,0.23333730582254916,0.5139573622682458,0.10258780860837478
W38321,-5.982556,11.384484,16Neu,0.051481025795083374,0.022448962194690204,0.0926540775107139,0.8087334228093558,0.02468217425318599
W38322,-2.482403,7.6450787,12Baso,0.051339781676269014,0.08748733933048305,0.4767610529512998,0.2663911997126321,0.11802043539963282
W38323,-1.0704124,5.240393,10GMP,0.017985916023864255,0.10281497650175754,0.7263792053713061,0.045450515267691935,0.10736888188683655
W38324,-7.2100616,9.058133,14Mo,0.09080149496343272,0.029647602782073883,0.12355499172504691,0.718662715278492,0.03733312012780518
W38326,-7.1994987,8.640307,14Mo,0.1447067946622426,0.030906093054978725,0.1219601711517696,0.6660085791806175,0.036418216810585775
W38327,-6.071008,8.791444,14Mo,0.12906594482693132,0.037080374338403214,0.1450545432859188,0.6471442853661763,0.04165452218433547
W38328,2.6289895,4.961383,7MEP,0.009501015100244417,0.03340169717528032,0.34298890774882085,0.029398602589125664,0.5847087838648551
W38329,-7.9050245,8.398871,15Mo,0.147628610600816,0.02785355783318363,0.10996478034391798,0.6811154548274067,0.033437545490517105
W38330,-2.039086,6.700344,17Neu,0.03382860728220907,0.10759121976193887,0.5884573337505493,0.1557029313576376,0.11442021824054902
W38331,7.876558,5.0936236,2Ery,0.0001427752721520443,0.0005676919822884243,0.005358051003547226,0.0003697196389862492,0.9935612433190312
W38332,-6.58898,9.661654,14Mo,0.07902661009518908,0.026591958906570123,0.1087377980375778,0.7545734549391324,0.031069959884162085
W38333,-5.489246,7.8586636,14Mo,0.11989283008717883,0.04215604471708328,0.17427198009894318,0.6094126945632663,0.0542662945187272
W38334,6.969076,3.306329,4Ery,0.00013325680758206733,0.00044950633233631896,0.004248682315125619,0.00042547163455122284,0.9947427907144405
W38335,3.445842,5.268938,6Ery,0.007323284291681959,0.023477521541910303,0.21823024706383798,0.02406772596166036,0.7269003448910724
W38336,-8.4550905,10.367347,15Mo,0.0,0.0,0.0,1.0,0.0
W38337,7.1954603,6.3378577,2Ery,0.00020054599154315517,0.0008076919682909941,0.007614511098876054,0.0005089621546115685,0.9908676065260505
W38338,7.230545,5.1508784,2Ery,0.00021058665715725506,0.0008160176677400085,0.007731718724598447,0.0005683175430749875,0.9906727928836813
W38339,3.7857485,5.886061,5Ery,0.0040580658536937516,0.01643467677854617,0.16152100079827406,0.010607570819569982,0.8073779231035889
W38340,6.1497087,6.9329333,2Ery,0.00032381772567016025,0.001324266519706578,0.01250091573445346,0.0008065640112634683,0.985043686911534
W38341,6.3931475,7.0828314,2Ery,0.00033380505982072965,0.0013779917018686397,0.012966468788931367,0.0008142892385769703,0.9845067115330127
W38342,-5.64009,8.736523,14Mo,0.12586736262447773,0.03802407832678963,0.14834466025935633,0.6456637314663309,0.04209982145570326
W38343,7.175147,5.760378,2Ery,0.00018731442555112865,0.0007468315997148434,0.007053003700296852,0.00048386834229522107,0.9915283655880731
W38344,-7.098807,7.697711,14Mo,0.13164843207617538,0.034149359689388585,0.13440645061886886,0.6593891929623282,0.04040636823923875
W38345,-6.2558513,8.474103,15Mo,0.12811070917121828,0.03568696492257801,0.13848843457497462,0.6575915092062169,0.040122185252721675
W38346,4.906084,4.783162,5Ery,0.0011116995502605301,0.003919679033388922,0.03761761910191042,0.003389025235524142,0.9539613520404195
W38347,2.375197,5.248579,6Ery,0.009190154234323213,0.042943595593213556,0.401069358362548,0.021314699004870524,0.5254812690685263
W38348,-3.3095999,6.247503,13Baso,0.07686204335890408,0.12717388936287896,0.4435258113043432,0.2459639135518053,0.10647333620925792
W38349,0.4839796,4.559941,6Ery,0.01206780651693405,0.06877382366749181,0.6953149449353723,0.022917706602744402,0.20092486236176346
W38350,-4.6797624,7.856265,13Baso,0.1457029233290697,0.06345806488617407,0.21679670598168782,0.5159684044970838,0.058073431456796366
W38351,3.422826,5.0352397,5Ery,0.006673038272711634,0.026708117769652994,0.2604027866508413,0.018646684093778048,0.6875684917574891
W38352,-8.1461315,7.510088,15Mo,0.1588479445225607,0.026213280746212667,0.10320265234281291,0.6795937685616731,0.0321424783891939
W38353,6.0596657,5.8578057,3Ery,0.0003773035538866994,0.0015093649629033836,0.014332639162048974,0.0009837699139480908,0.982796288732534
W38354,-2.7695165,6.860273,10GMP,0.06709561211889234,0.10143884758787952,0.5169804719892828,0.2050643751752567,0.1094197558933908
W38355,6.159834,6.6628466,2Ery,0.0002754352681267298,0.0011086578353092914,0.010503206749472058,0.0007071463828240439,0.9874048857180089
W38356,-5.5553384,8.191482,14Mo,0.135047307983502,0.039731543678523044,0.15408805379385793,0.6266942913453668,0.04443848220742308
W38357,5.702641,5.437189,2Ery,0.0003624990494676946,0.0013947246369760246,0.013296508225139192,0.00099850493062616,0.9839471361944064
W38358,-3.102957,7.6373534,14Mo,0.07110059765699955,0.0879902531934108,0.43287174627653247,0.3062310262006537,0.10180571936826513
W38359,6.937449,6.022282,2Ery,0.00022088444044460583,0.0008861317202071058,0.008366311680868365,0.0005658572646430627,0.9899601369695917
W38360,9.051765,4.8159456,2Ery,9.561943004427243e-05,0.00038340738358131005,0.0036092154632822665,0.00024333607507135652,0.9956680185090404
W38361,7.3709087,6.0496955,2Ery,0.00018663003528981547,0.0007474054110426028,0.00704721832276383,0.00047818619342594054,0.991539887773742
W38362,5.8154006,5.2097673,5Ery,0.0004033595369932406,0.0015477222232146057,0.014775317830972877,0.0011148885570546148,0.9821580876583197
W38363,-6.120133,8.432777,14Mo,0.12617242202177414,0.036617744533832076,0.14329350348712658,0.6523122042762097,0.04160385358694009
W38364,7.410411,7.4927645,1Ery,0.0002171524223394636,0.0008885345990530605,0.008341782026352938,0.0005334747771788704,0.9900182895421856
W38365,6.197847,5.396748,5Ery,0.0002802924911007447,0.0010953848652217422,0.010404145907155268,0.0007522727548324956,0.987467282172416
W38366,6.551988,6.3831334,4Ery,0.0002941861691707878,0.0011861563205061952,0.011223602256688048,0.0007509466918715409,0.9865444419129613
W38367,7.370514,6.7519064,2Ery,0.00021145247722913186,0.0008604392792630715,0.008086560089142419,0.0005265424570375281,0.9903142676984559
W38368,-3.5769625,6.5580564,10GMP,0.06843870467699299,0.06969779072847447,0.3696239248224881,0.32717584261308486,0.16506282408610573
W38369,5.6156654,5.5379343,2Ery,0.00046474980048109296,0.001806882058197739,0.017297201429485463,0.0012695431740069117,0.9791610180313394
W38370,5.7769747,7.004889,2Ery,0.00046991135320218624,0.0019254171047282933,0.018271974001498045,0.0011834592924377999,0.9781484904753962
W38372,-0.0270879,3.9589877,7MEP,0.013580918641597746,0.08453659369830313,0.7108501014351712,0.022950355744979885,0.16808118224600394
W38373,7.4040055,7.521813,2Ery,0.00023356538081834607,0.0009648735428052895,0.009003703950038553,0.000557286220664932,0.989239801119209
W38374,-1.2263083,4.677429,7MEP,0.014588044161850073,0.16449793635464857,0.6937116876732159,0.04326239295216989,0.0839396845383274
W38375,8.742012,7.0210514,1Ery,0.00016147062207682453,0.0006550980492539063,0.006154158515843233,0.00040235714416745895,0.9926261996918836
W38376,0.013290556,6.961427,7MEP,0.027430285963058573,0.05225047915019138,0.4715937842277208,0.11846285099769018,0.3302612997697643
W38377,-2.19874,5.298212,9GMP,0.045740471261375225,0.1652288241408478,0.5966146634684877,0.08301072692096809,0.10940461315735195
W38379,6.8457513,6.4025927,2Ery,0.00023893388628290992,0.0009703913400943462,0.00913653667640235,0.0005981604484843954,0.9890552845088848
W38380,-1.3466673,4.88926,17Neu,0.018851869415555104,0.1513537428716784,0.6817128482377963,0.053783012677989954,0.09429818980433478
W38381,-5.14788,7.3457446,14Mo,0.13869494879020486,0.05016279348597247,0.18555076273952686,0.5711927614689524,0.05439842353824216
W38382,-7.236692,7.534674,14Mo,0.2604377573090811,0.027356308426666937,0.10644620267211849,0.5734304186720411,0.03232936529641952
W38383,-7.6465874,7.1068106,13Baso,0.1441357970065753,0.03204543535166721,0.12648096005743126,0.6570522491764929,0.04028560006620601
W38384,-0.21643642,4.1951437,7MEP,0.013382930915127352,0.1020904981694232,0.7189536202590467,0.023907883393363263,0.14166434825973298
W38385,-5.901746,11.031288,16Neu,0.05518737500409559,0.02306354022665159,0.09440937891891432,0.802035983407867,0.025303360444796554
W38386,6.6431274,6.2955317,2Ery,0.0002487312946738091,0.0010026670373281526,0.009457045764360766,0.0006314902939022654,0.9886593553934976
W38387,6.794402,6.639831,2Ery,0.0002506979895831327,0.0010171820879764288,0.009581166455304949,0.0006285670434453196,0.9885217110330107
W38388,-0.667892,4.45577,7MEP,0.01381551244562776,0.085898886694792,0.7350527019155011,0.02917280905387507,0.13605940211704773
W38389,2.496601,5.6321206,6Ery,0.009866172348637015,0.039773704011342725,0.39845008889136146,0.02600947047020682,0.5258995661396314
W38390,-7.369084,7.8844438,14Mo,0.15829874460994486,0.03130384423441334,0.12190295599935438,0.6518141289815124,0.036680305530473814
W38391,7.158802,4.138906,4Ery,0.00013909120202379804,0.0005355244551355551,0.0050702945570913465,0.00037890334615194905,0.9938757634852201
W38392,1.5175222,4.824053,6Ery,0.011245520840218199,0.057494689332076195,0.5596801325158747,0.0249281634662784,0.3466505908458938
W38393,8.565838,5.150311,2Ery,0.0001224637365039758,0.0004900287005634168,0.0046170181049116745,0.00031332538831156247,0.9944566622155964
W38394,6.916104,5.492919,4Ery,0.0002164750745012474,0.0008467482407884304,0.00802647930010597,0.0005778542253784219,0.9903318527110717
W38395,8.62795,5.4314713,1Ery,0.00013390777821826867,0.0005384352989616332,0.00506710532519637,0.000339081029629797,0.9939209161178533
W38396,5.0358906,5.660339,5Ery,0.0009013691384703236,0.003428653596997401,0.032924486540402025,0.0025443560348374175,0.9602005364817829
W38397,-2.6309185,3.6381252,19Lymph,0.0,1.0,0.0,0.0,0.0
W38398,-0.9052957,6.4550557,8Mk,0.03999178437288382,0.07900470854704836,0.5407457885989648,0.10483242406622142,0.2354237765914032
W38399,6.193544,5.3907056,4Ery,0.0003231008773775558,0.0012575619061948905,0.011946862560885776,0.0008740829496617569,0.9855977856341949
W38400,1.7190112,4.8399134,6Ery,0.010252933175575907,0.05953834426325059,0.48795100035585726,0.021439097601241273,0.42081768304791645
W38401,-8.402943,7.1416,13Baso,0.19366515328416775,0.0258418129880818,0.1015732938624991,0.646994009061197,0.03192591518454759
W38402,4.8541083,3.7847495,6Ery,0.0017975706071470116,0.00582007635694623,0.05723049738922591,0.005992933461283117,0.929158338421789
W38403,-8.053973,7.617172,13Baso,0.15658392170269533,0.02623156600649005,0.10326177560899986,0.681794403697571,0.03212844253223438
W38404,-0.7134841,5.130355,7MEP,0.012125748563988865,0.08921666572034746,0.7498081147508251,0.030466375796778408,0.11838256465414825
W38405,7.9554534,2.7170632,3Ery,0.0,0.0,0.0,0.0,1.0
W38406,8.81526,3.0941272,3Ery,0.0,0.0,0.0,0.0,1.0
W38407,-7.520607,7.5695214,13Baso,0.1611981470770459,0.030418434404852757,0.11920578743711388,0.652575479054224,0.036602089133862536
W38409,4.857155,3.8875928,3Ery,0.0015728868076551818,0.004832294183816997,0.0463225499422227,0.00546678152184034,0.9418049976226237
W38410,-8.478725,9.487984,15Mo,0.056822100946425584,0.012362304902960681,0.05048041028944367,0.8638460897909732,0.016489274056129263
W38411,-8.071649,7.765475,14Mo,0.11297730851460214,0.022769600045887545,0.09053775270308895,0.7453124185068036,0.028403032615301266
W38412,4.7601867,4.300238,6Ery,0.0015342204388625492,0.005390572359952733,0.05254991162387293,0.004746839897769281,0.9357778314560049
W38413,-4.8544064,5.736057,10GMP,0.10213721435762058,0.07490140647672652,0.2814480933912498,0.4474245457822254,0.09408808354510526
W38414,-7.966393,10.788011,16Neu,0.0,0.0,0.0,1.0,0.0
W38415,7.1427884,3.443161,4Ery,0.00012479347013348734,0.0004518034013289007,0.004280131043201327,0.00036752872258489545,0.994775433696588
W38416,-7.6341157,7.4851885,14Mo,0.15280563680067416,0.028339689065386014,0.11106886756238997,0.6736404057790578,0.03414547040445598
W38417,-9.004067,7.8871927,14Mo,0.16214782424931873,0.02317408922344799,0.09196798543653383,0.693218557816249,0.0294918124725392
W38418,-4.01181,5.869987,10GMP,0.06780196040492824,0.16224162707601272,0.33190296700869804,0.2951464472146166,0.14290615368442178
W38419,6.373458,4.5110116,3Ery,0.00025814770979610397,0.0009685150983273411,0.00920477030584908,0.0007297475105980727,0.9888382500003677
W38420,-6.4705524,5.908318,10GMP,0.14330167042529357,0.041996533860749634,0.16647591187198293,0.5861373293435485,0.06208842607562509
W38421,-6.7782187,9.380319,14Mo,0.06745097257081793,0.03711593853974415,0.1753141422620597,0.6712755055846512,0.04884343812590799
W38422,6.9388523,2.885739,3Ery,0.00011646382501149442,0.00036535642356850894,0.00344542460476081,0.00040155615287537833,0.9956709857094813
W38423,7.924171,4.791547,4Ery,0.00013134033854921034,0.0005207713801533382,0.0049167896400148445,0.000341781600374251,0.9940888459819553
W38424,-2.7992253,3.6550288,19Lymph,0.0,1.0,0.0,0.0,0.0
W38425,-4.974593,8.511774,14Mo,0.12017992448264808,0.05033363958503467,0.18674192572757678,0.592077267954794,0.050666789468865485
W38426,7.6410284,6.7737617,3Ery,0.00019792699695533972,0.0008017674365195716,0.007553594639535247,0.0004972321211483638,0.990948810170419
W38427,-7.0807705,9.174029,15Mo,0.08951158449821556,0.02855753454478256,0.11915910006004768,0.7258888508819731,0.0368829481813333
W38428,-7.926452,9.720999,15Mo,0.05186734792897812,0.016538981379119397,0.07107153756844338,0.8377241662350133,0.022797996239242488
W38429,-5.31605,6.4427514,10GMP,0.11975607854320636,0.05631985785430564,0.22044644213168374,0.5328629838814423,0.07061421114096132
W38430,-8.0639305,9.690092,15Mo,0.052331389389457444,0.012394172264179137,0.05059160082693456,0.8688696504290522,0.015813264990036456
W38431,-5.557374,9.816612,15Mo,0.07469310605004598,0.036336643184915945,0.15848453346898675,0.6878814654176686,0.042603963985665336
W38433,-6.497808,8.300878,14Mo,0.1423260457694366,0.0354295456368823,0.13794833313755236,0.6436680550909043,0.04062775983157518
W38434,-4.876577,8.66685,13Baso,0.13909895126609328,0.04364851613258634,0.16624519826199596,0.6047190386527891,0.046287882085088654
W38435,-6.18272,10.705733,16Neu,0.06043191622183809,0.02391936535967459,0.09799268470229573,0.7909560484098523,0.02669958031053289
W38436,-4.431606,8.667426,14Mo,0.10209589628374655,0.06322882064759863,0.2419207154845731,0.5317237510901808,0.061030192052234374
W38437,6.706417,3.7181053,4Ery,0.00023095168914701202,0.0008097214809265912,0.007668798505949156,0.0007025873460868306,0.9905874719395159
W38438,-5.0914726,9.779823,14Mo,0.07794667314065856,0.0399944926892301,0.1729294474150235,0.6637744783741918,0.04535455176037327
W38439,-0.18167317,5.655783,9GMP,0.017664441587833975,0.06636720074342597,0.7059002796148016,0.04820538487516248,0.16186184612841834
W38440,8.446383,4.254627,3Ery,8.988538596255308e-05,0.0003561701886011907,0.0033597066142188256,0.0002337907797919657,0.9959600991094896
W38441,-7.0045557,7.317055,14Mo,0.15273655536164513,0.03406879361506521,0.13167634253543667,0.6417732089746918,0.039745041129004004
W38443,7.6867695,4.2436523,3Ery,0.000145710790077826,0.0005657915583052097,0.005349817183745115,0.0003913230660966337,0.9935469000646918
W38444,-3.5989895,6.5895276,10GMP,0.08450303237886356,0.09139635845814925,0.41048483752775267,0.31382465066266435,0.09979010384445279
W38445,-5.4154215,10.46034,16Neu,0.07633877928779693,0.030779465831847964,0.12311064210454387,0.7370171115601313,0.03275344815975698
W38446,-5.613185,11.377067,16Neu,0.05747906537958578,0.02854371325911666,0.11309507481674186,0.7718970723898627,0.02898453954393334
W38447,-6.887125,7.821125,13Baso,0.12989907573001827,0.03385136914292695,0.13398117235344323,0.6609222076391541,0.04134596764168996
W38448,9.2,4.0466366,1Ery,5.759380739420257e-05,0.0002302178823679082,0.0021685979387729474,0.00014748274866237577,0.9973958638829061
W38449,1.9589128,5.1585536,6Ery,0.009980605032560335,0.04808871539277007,0.5260008276204676,0.022290869519106558,0.3936381707853765
W38450,5.6533566,7.036182,2Ery,0.0004373744474535119,0.0018029310055976625,0.017060031049986536,0.0010828014238221549,0.9796161111500058
W38451,-3.2528777,7.6670494,14Mo,0.08473028546755974,0.08719067614367185,0.36400287294829253,0.37633905121604827,0.08773626636097438
W38452,6.720022,6.3833327,2Ery,0.0002171551640577986,0.0008709815644791258,0.00823911838080845,0.0005583974213767996,0.9901137383248705
W38453,-4.9588685,9.603103,14Mo,0.08022436065100218,0.04350284037950431,0.1906694964372896,0.6359973384179803,0.049605573384247266
W38454,4.506831,6.2219234,5Ery,0.0018509481045068936,0.007733750675002172,0.07454921481248031,0.004668161584330153,0.9111972124506077
W38455,7.135766,6.9270315,2Ery,0.00024088532621932118,0.0009848665062603874,0.009258878992516368,0.0005942135471726204,0.9889204210840837
W38456,-6.3868947,6.069691,9GMP,0.11029881560282483,0.03995196256069715,0.167846850391629,0.6125038093621133,0.06939856528362727
W38457,-7.312085,8.256623,13Baso,0.1458020626073537,0.03167706824882773,0.12540083593987736,0.6588327040426378,0.0382872398765442
W38458,5.8792825,7.314476,2Ery,0.0003552978288958505,0.0014537405621200697,0.013779994370263463,0.000892975017011884,0.9835172470914566
W38459,5.63084,5.9727187,3Ery,0.000657983965400421,0.0026777128468367926,0.025201898428613565,0.0016657223298032638,0.9697960409217431
W38460,-5.3793583,11.240386,16Neu,0.0582404002534327,0.02482715574788745,0.10158933436391955,0.7882765668870453,0.0270660053045752
W38461,-4.9919844,8.436288,13Baso,0.10256976271786934,0.05145366556330626,0.2225073189589274,0.5591817313875262,0.06428701494016151
W38462,-5.7384796,8.644665,14Mo,0.1681767211121502,0.0368636712343636,0.1435111335052664,0.6109463045621717,0.04050182373763128
W38463,5.7503495,4.4929037,4Ery,0.00038171315926687806,0.0014553365517507024,0.013931351853757627,0.0010665206834173798,0.9831645020309707
W38464,7.092837,3.0528567,3Ery,0.0001191095744142031,0.0003939304408858332,0.003718988865614121,0.00038927209889853717,0.995378436142665
W38465,5.142426,3.8574438,6Ery,0.0030100516382613554,0.007210531764051045,0.06479065325332803,0.011876454730689226,0.9131117557684357
W38466,-0.9127453,4.7131934,7MEP,0.01867308543843827,0.1271409091776641,0.6813188490169385,0.033071955206733714,0.1397944349975617
W38467,-3.5558906,6.832814,10GMP,0.09045085560758456,0.09861139000744291,0.4182408713482907,0.294125443368244,0.09857040631056431
W38468,5.3830156,6.559761,4Ery,0.0005272863998901929,0.0021393685662140227,0.020422863813554654,0.0013620816273399896,0.9755477110889795
W38469,6.1976995,7.2165513,2Ery,0.00033343833474372533,0.0013704751913759122,0.012941394274608388,0.0008243877645691941,0.9845295616107981
W38470,-6.4154463,10.707333,16Neu,0.05269341916781547,0.020995665987139114,0.0862652120072358,0.8166015092625118,0.02344384272301037
W38471,-2.7224567,7.6747136,12Baso,0.04835289686834768,0.09001602939128744,0.49119276180009463,0.25901466106015564,0.11142384223109858
W38472,-2.8615305,4.0238204,19Lymph,0.0,1.0,0.0,0.0,0.0
W38474,-0.23756902,4.454736,7MEP,0.011446008311542664,0.07841703964968093,0.7567109336629919,0.02051880307948051,0.13290655521785202
W38475,-4.8471313,8.156161,13Baso,0.12308193531750737,0.05068008054826347,0.20064657970779626,0.5698680440550107,0.05572282236867051
W38477,5.974957,6.0443354,4Ery,0.0002955025802486891,0.0011682323428217586,0.011095052804067853,0.0007810275787604654,0.9866595424758877
W38478,-0.15476748,4.148563,7MEP,0.013610276106898772,0.06647445964880899,0.7667669115785071,0.024096742902308947,0.1290509494439904
W38480,5.8920717,4.5789304,4Ery,0.0003040473098003883,0.0011558522643184263,0.01102920892610953,0.0008498905608949564,0.9866604753884927
W38481,-2.540769,7.6096497,12Baso,0.04454708398157895,0.1007706328101497,0.5389342299471611,0.2080476706363732,0.1077002485857541
W38482,3.6787639,5.840915,5Ery,0.004313326135662848,0.017555574455997033,0.17066192167805683,0.011494027839070912,0.7959743729078032
W38483,5.7337937,7.3457575,2Ery,0.0005033604089718978,0.0020998237994564383,0.01986011420074248,0.0012167440802368476,0.9763192138015268
W38484,6.599554,7.424796,2Ery,0.00027844175585391487,0.0011377261233490362,0.010746246182368793,0.0006948117063343949,0.9871420431056603
W38485,-2.6624742,6.5755486,9GMP,0.07595227668237718,0.10095006108788902,0.4755720085366601,0.2391585058316452,0.10836609495625922
W38486,7.9092355,7.5956736,1Ery,0.0001907692577273757,0.0007785270744945513,0.007307173941629364,0.0004701929489693895,0.9912525757014136
W38487,-4.760529,2.336036,11DC,1.0,0.0,0.0,0.0,0.0
W38488,7.2887754,4.600712,3Ery,0.00016010632662929376,0.0006252877057219731,0.005920462915118496,0.00042742104935773143,0.9928662658090267
W38489,-4.5074387,8.481568,14Mo,0.11085730863851678,0.07843226963786666,0.21753580027245883,0.5355281444529403,0.057645985267483234
W38491,-6.2058406,10.303071,16Neu,0.06991231637084223,0.025556502949800153,0.1036707657092439,0.7723962218734283,0.028463727317881573
W38492,8.430776,5.465526,2Ery,0.00014837352319128395,0.0005959513690036935,0.005613857565589655,0.0003772686857791375,0.9932639687926808
W38493,6.086354,4.859995,5Ery,0.000257446319347266,0.0009826373250053893,0.009332041865680376,0.0007114593700388118,0.9887158427283705
W38494,-6.6050415,9.256855,14Mo,0.11341135251390194,0.03146057312500041,0.12489619867848244,0.6942558843121859,0.03597567490194175
W38495,-7.182521,8.879688,15Mo,0.12197179537389133,0.029382337071004447,0.11685352909217231,0.6968577489208914,0.03493442870911157
W38496,-5.7628975,5.838447,9GMP,0.0956511699566845,0.050757032323089785,0.2255673415049166,0.5286167311767768,0.09940749903234697
W38497,-1.9569161,5.7680016,9GMP,0.042671444304318754,0.1081442320126615,0.6377440983927258,0.09636477168032882,0.11507458946334224
W38498,-7.1187215,8.643008,14Mo,0.13369320414909697,0.03127042603290887,0.12444604900208413,0.6733092273997334,0.037280906285017436
W38500,7.2087297,7.1833434,2Ery,0.00023508970289946922,0.0009592367387910926,0.00902891238438974,0.0005835207308066137,0.9891925081512563
W38501,7.6885085,4.8609242,4Ery,0.00015326722065997625,0.0006069032956081103,0.005735589751882293,0.0004001133385988216,0.9931036324419267
W38502,5.79706,6.2465844,5Ery,0.0004244625623726917,0.0016889646432838084,0.01599828195475747,0.0011083433415914905,0.9807792637774906
W38503,7.177779,4.89864,4Ery,0.00019140441997025535,0.0007502930965216057,0.007106813586004893,0.0005085617136560535,0.991442390502482
W38505,8.121529,3.5518153,3Ery,6.599100083047017e-05,0.0002562918899750583,0.0024202825442592897,0.00017705354287056427,0.997080146466107
W38506,-5.742458,11.102773,16Neu,0.05549219662359343,0.022959202497248782,0.09379484193233624,0.8025384631979299,0.025214827084143517
W38507,6.786701,7.728231,2Ery,0.00024070697155626627,0.0009836314991801586,0.009289649896223818,0.0006010771052514236,0.9888842393585925
W38509,-6.2042584,10.768573,16Neu,0.06174993560569117,0.02363819795436722,0.09643397184830535,0.7918092201999283,0.026368218507952672
W38510,7.0183854,7.5624743,2Ery,0.0002039239816366243,0.0008294594575813349,0.007819723479492464,0.0005102269093776162,0.9906359842090294
W38512,-5.9470153,5.9302382,13Baso,0.11806233908643658,0.05189032901044713,0.20476473359138267,0.5506691729020466,0.07461313931091702
W38515,6.251144,7.370436,2Ery,0.00031855527249076106,0.0013041950670510981,0.012380503375785593,0.0008002911781178058,0.9851957500375023
W38516,3.2707133,5.8521333,6Ery,0.005456949891318716,0.02549068073621841,0.23793432832498612,0.013094506716753775,0.7180227854280344
W38517,3.7371695,5.9727516,6Ery,0.003180926455257459,0.01317421488960207,0.12746930171429868,0.008289651718103,0.8478851834976668
W38519,-5.1461716,9.181218,14Mo,0.1216547717950014,0.041469013983601935,0.16365803019783826,0.6279892860171388,0.04522838557325597
W38521,6.4676247,7.74513,2Ery,0.0002974655384328782,0.0012196115804625378,0.01153918922781081,0.0007420585556952802,0.9862009267967008
W38522,6.2847776,7.830467,2Ery,0.0003017277580427689,0.001240609154102248,0.011734069465399517,0.0007494820129528664,0.9859733433998431
W38523,-1.0988398,6.706687,8Mk,0.03588801122546049,0.0745639329131828,0.5520682277897534,0.125124834317099,0.21235290420274525
W38524,-1.1120232,6.842818,8Mk,0.039261614570054705,0.07436592901906017,0.5375128090106382,0.14561947497453687,0.20323816018217492
W38525,-4.481817,8.727672,14Mo,0.11164158354708445,0.054707900307882286,0.2203018633768665,0.556650079481392,0.05669792969259367
W38526,-5.280642,8.850314,14Mo,0.1332630532356444,0.04036890896998982,0.15805110606017378,0.6239501509009263,0.04436631592078176
W38527,7.187658,7.3457036,1Ery,0.00023670245611845966,0.0009693217713663631,0.009109410887420772,0.0005822311588201296,0.9891015873472394
W38528,7.8318057,3.5635176,4Ery,8.846736370220177e-05,0.0003404417809935008,0.0032211927551611536,0.00024114656809491635,0.9961084601168508
W38529,0.25693068,4.410613,7MEP,0.01442512932422217,0.07195275047672797,0.7261599012963448,0.02191119928879379,0.16555027053485272
W38530,-5.6827574,10.394244,16Neu,0.0774202267287077,0.027869157580693738,0.11275841425194254,0.7510741652936156,0.030877477003847853
W38531,-4.8411403,10.153056,16Neu,0.08055330986742819,0.04258453086164154,0.17162766203203197,0.661110032298528,0.04412377342348183
W38532,-4.0620193,8.430479,14Mo,0.10582239420159802,0.06637723154792477,0.27466462484604115,0.4845639175912683,0.06857114883493517
W38533,5.6550813,6.608289,3Ery,0.00036914245146216527,0.0014965478126001774,0.014224006711386268,0.0009459317128302144,0.9829636995407186
W38534,6.3814583,7.6470766,2Ery,0.0002564380638022699,0.0010453065013137708,0.009879891736894183,0.0006436253509140788,0.988174023081758
W38535,-6.6617656,9.203155,16Neu,0.10505883254491075,0.029017253476138424,0.11577923417170598,0.7165503973637992,0.03359403791014275
W38536,-2.2928946,7.5588183,17Neu,0.03659680977495614,0.1037643191180287,0.5586817724775325,0.192826658142953,0.10813092857549411
W38537,5.159499,5.971495,6Ery,0.0008983075214006367,0.0036777860655433665,0.035242133916752794,0.0023857097689391456,0.9577954026200446
W38538,6.1079993,7.3221946,2Ery,0.0002862699507681535,0.0011643808255749682,0.011023785470925612,0.0007232839303727063,0.986801584523006
W38539,-4.747123,8.218158,14Mo,0.12723248340366425,0.06211198701841172,0.2219037239615438,0.52920421415336,0.059546995288442456
W38540,-5.1306157,9.495017,16Neu,0.10778491141177798,0.039047790321334985,0.1560065961570946,0.6549889415980532,0.042171182866855145
W38541,-0.6146161,4.232779,7MEP,0.014413162947193478,0.0695123671299471,0.7551150973053014,0.025108288931480222,0.13585037885149343
W38543,7.531078,5.276954,2Ery,0.00017462912882727237,0.0006925377178433917,0.006544377036144692,0.0004547438735829772,0.9921331553517311
W38544,8.435099,2.938002,3Ery,0.0,0.0,0.0,0.0,1.0
W38545,4.8882623,6.715266,2Ery,0.001000412955308094,0.004162246310168166,0.03989920363150579,0.0025180895792918526,0.9524193589522038
W38546,0.14540605,4.1011724,6Ery,0.016304521144718868,0.07985696222565675,0.6795725426917171,0.02982180042367032,0.19444328068810457
W38547,2.8653946,5.956994,6Ery,0.007991245702492275,0.036257153559002275,0.33290914816167827,0.018796717095201667,0.604044887918543
W38548,0.3543043,3.9637964,6Ery,0.012525330117131297,0.06658613285238177,0.7313717900599223,0.02046067844844469,0.16905525043463623
W38549,-1.16225,5.4248514,10GMP,0.0304071559073276,0.10028316939825724,0.696354011121372,0.043769583079047734,0.12918525944621978
W38550,-1.6652707,6.628596,12Baso,0.030665381520063692,0.08960614669013017,0.621433413490042,0.12659294504901833,0.13170182177165496
W38551,-0.33693033,4.8922687,12Baso,0.01187338740118192,0.0558490748730251,0.7880793118301853,0.028222735995052296,0.11597491955347314
W38552,6.4255815,4.1632147,4Ery,0.00023223948586558843,0.0008882077589837007,0.00845458239506591,0.0006427089232428128,0.9897817807564601
W38553,6.019857,7.323477,2Ery,0.00050725683092492,0.002137043024519115,0.02001789302539396,0.0011775961250834216,0.9761594529269965
W38554,3.3933246,6.0772853,4Ery,0.005498658858539425,0.023312444908589455,0.22369111943161296,0.013811368324297099,0.7336856156465472
W38555,6.4099746,7.8012733,2Ery,0.00030645531140155105,0.0012593055238783624,0.011894225265277688,0.0007593073389496347,0.9857799459603857
W38556,-5.6738462,8.6097975,14Mo,0.1489221545425489,0.03984529892601138,0.1560913574395289,0.6103735056076062,0.044767311112183635
W38558,5.406069,6.925073,3Ery,0.0006284709995524107,0.002610927232975555,0.024749368237192752,0.0015402562442014174,0.9704702756827507
W38559,2.629778,5.5428624,6Ery,0.007559871122951914,0.03305175547302549,0.3435131564094082,0.019038018922761763,0.5968363929485724
W38560,8.628338,4.818235,3Ery,0.00011682396768960109,0.00046588255105378077,0.00439242500934912,0.00030063594021860544,0.9947237755692165
W38561,-1.5771737,5.2982655,10GMP,0.048527685130471045,0.11119656580823789,0.6884298554812008,0.051461598511488724,0.10038375265036724
W38563,5.9792266,7.507856,2Ery,0.0003542653602400029,0.0014568899519505853,0.013805700707829506,0.0008837366736105268,0.9834986609148192
W38564,-4.51741,8.792991,14Mo,0.11260724162357631,0.0547966663421054,0.22176003489114512,0.5531647393258334,0.057670683718359886
W38565,-5.261886,10.977333,16Neu,0.0617972816209159,0.02761494435489054,0.11149309102953968,0.7697614626764171,0.029332695048784028
W38567,-3.4441435,8.069221,18Eos,0.08053039565989388,0.07677443590129304,0.35232329705722426,0.4108934604531233,0.07947777541296312
W38568,-6.6472936,7.2265964,13Baso,0.13752817934314157,0.03710967208493023,0.14633799400330252,0.6327565411241279,0.04626756433487803
W38569,3.9667137,6.182795,6Ery,0.004282419343044159,0.01882638946433188,0.18334409420990008,0.010431827069593095,0.7831145229891651
W38570,-6.401241,8.509616,14Mo,0.1471613930952801,0.03571445232381211,0.13935412376743783,0.6368040022733414,0.04096577363167906
W38571,-4.5311317,7.676299,13Baso,0.11570535774306605,0.05961249796238652,0.23652975920101588,0.5221371833266246,0.06601459981294618
W38572,4.9078298,6.5152044,2Ery,0.0008535851490341485,0.003526374438927616,0.0337650734989006,0.002163923501426665,0.9596903475419036
W38573,6.376029,7.5457606,2Ery,0.0003182964844894365,0.0013074031661848375,0.012355585913221851,0.0007891986737206398,0.9852287668206186
W38575,2.6030965,5.282993,5Ery,0.010943109642669546,0.03952342054904194,0.3773046976259265,0.0324203340271228,0.5398074049206165
W38576,-5.2509747,6.1186266,10GMP,0.11799219481019631,0.06000475438963696,0.2312085981078269,0.5173473480247205,0.07344662399597009
W38577,6.231469,6.668448,5Ery,0.00036265979828049795,0.0014749396490705289,0.013944539996692587,0.0009166657752441319,0.9833005154981117
W38578,-4.906969,8.942812,14Mo,0.11501014348736951,0.042631574889707945,0.16822378512530176,0.6279921759096541,0.04614176348894162
W38579,-3.007966,7.1482134,13Baso,0.07803400851736512,0.10302421420477624,0.47324467911380225,0.2413010702991102,0.10439498501069022
W38580,-4.542233,8.679881,14Mo,0.11140044320228422,0.051470719509035846,0.20601982302988622,0.5760939036903806,0.055014518155300764
W38581,-5.7516212,11.137035,16Neu,0.05806059495847646,0.02469808543202681,0.10140768938625998,0.7887455412851958,0.027087574334594976
W38582,6.010421,7.1814556,2Ery,0.00037350640936925866,0.0015322802630409397,0.014489940086862739,0.0009303319664146468,0.9826731918834898
W38583,-0.790008,7.032084,10GMP,0.036894072543187016,0.06841410173331722,0.514179728948195,0.1481704033835124,0.23233949310176336
W38584,6.947662,5.2081647,4Ery,0.0002016347020910018,0.0007998859827618781,0.007567684413149354,0.0005262568884933465,0.9909039582785222
W38585,-6.3868327,11.660956,16Neu,0.047782297809624674,0.019926893319047224,0.08206125315904074,0.8281555369279457,0.022073670844586606
W38586,2.645049,5.1338153,6Ery,0.008321529509757192,0.03916415631604139,0.3787693096270229,0.019501010644792267,0.5542431186845165
W38587,-5.580814,9.697939,15Mo,0.08973795036093256,0.033801261046300025,0.13661457111260208,0.7024584341212997,0.037387437702150306
W38588,-6.8879967,8.241993,14Mo,0.10270051096671798,0.03823477157735337,0.16933866189318075,0.6294763955350462,0.06024965883516439
W38589,-1.8306955,6.6457224,12Baso,0.029815316066403967,0.10430912423915625,0.6160135551288265,0.13184005278853958,0.11802194483345729
W38590,0.093522094,5.2709417,7MEP,0.012112083000909116,0.059484661820892924,0.7698327559352157,0.022259682252410606,0.13631007327394712
W38591,-3.7636194,6.570995,10GMP,0.08376681303983616,0.0930066086335639,0.38272328270764694,0.3438802729903794,0.09662218487567369
W38592,-6.0915933,8.981292,15Mo,0.12567256705852028,0.039948051994912054,0.16325228701294897,0.6260791618739614,0.0450475962235797
W38593,8.695142,2.778051,3Ery,0.0,0.0,0.0,0.0,1.0
W38594,-8.084967,10.359912,15Mo,0.02451563361597701,0.008311291732093053,0.03478326537434036,0.9224029412076067,0.009986804179436239
W38595,8.433449,2.8312926,3Ery,0.0,0.0,0.0,0.0,1.0
W38596,-3.7885144,5.831992,9GMP,0.07416427099174516,0.16771058381966403,0.3564288402881318,0.2945560712349208,0.10713925497044224
W38597,7.345807,6.05979,2Ery,0.00019487460573997046,0.0007851257147435443,0.0074001857932542835,0.0004942548142138454,0.9911249128806418
W38598,0.012399723,5.566988,7MEP,0.015381968836933609,0.0562944595318137,0.7618494700060506,0.03608776784374171,0.1303855517448315
W38599,8.336701,4.773339,3Ery,0.000109174441133444,0.0004357046546687194,0.004108202119379297,0.0002808201115094009,0.9950656688763208
W38601,-6.304151,8.007452,13Baso,0.14212079392118993,0.03611480269733906,0.13970705211647882,0.6409319587728859,0.04112522262767798
W38602,-6.0724826,11.499321,16Neu,0.04855413915754046,0.021014930802364582,0.08551125783970727,0.8221799095721842,0.02273939520903625
W38603,-6.6494613,7.011133,13Baso,0.153296966656455,0.03714189382368427,0.1420716493011148,0.6241541178089595,0.043335253301361266
W38604,9.206254,4.3944426,2Ery,6.424432209550632e-05,0.00025627074253393035,0.002415536325667455,0.00016519995095467244,0.9970984870603665
W38605,-6.6081867,10.493226,15Mo,0.05582818556692391,0.020300262956964764,0.08282211336337196,0.818149867107168,0.022899246835678153
W38606,-1.0015237,4.96052,7MEP,0.017969256649302986,0.20087353466257077,0.642316608897066,0.0300768473983611,0.10876311860077412
W38607,2.8214233,5.164683,6Ery,0.008040790256301278,0.03477056074480092,0.31699913798117996,0.021709776896091677,0.6184788460005642
W38608,5.4462824,4.8846135,5Ery,0.00045690188876614283,0.0017553319549055643,0.01679736455086779,0.001266505282950952,0.9797233477437333
W38609,-7.672811,6.6215925,13Baso,0.1915732017295521,0.029554999216084094,0.11496369367342558,0.6278750251189334,0.03603320194926386
W38610,-4.5788264,6.3649154,10GMP,0.09967152725016619,0.06748646775607119,0.2813284749640485,0.4579556059381488,0.09355736197544988
W38611,-1.7916166,5.0972395,9GMP,0.12752447990224014,0.2357239614558685,0.504028200058859,0.0443704524962293,0.08835226260440102
W38612,-5.9380083,6.508132,13Baso,0.13373984823625357,0.05001339252208189,0.1891504227396396,0.5692139946973402,0.057882017405395954
W38613,-6.9357576,6.6498795,13Baso,0.1458125719160775,0.037069382283812374,0.14154216707074307,0.6324099391129984,0.0431658686738525
W38614,-1.278239,4.470504,12Baso,0.01486749859105094,0.31375019669545606,0.562921285167213,0.024269109610779327,0.08419142414669606
W38615,5.311374,5.9658976,5Ery,0.0007868685144121202,0.00320181406589359,0.03047778855425871,0.0019832833761662142,0.9635495644590197
W38616,-3.1378548,7.150095,13Baso,0.0904273414403718,0.09485307351342981,0.4227019572172355,0.29441604853673714,0.09760063111472358
W38617,-7.998908,11.066019,15Mo,0.0,0.0,0.0,1.0,0.0
W38618,-6.6427174,8.856755,14Mo,0.12747565243170914,0.03259173018059842,0.12896079496938012,0.6734411219387182,0.03753036837366778
W38619,-4.6114564,6.684252,10GMP,0.10511675294678145,0.0663471913960291,0.2610884777462973,0.480579138936912,0.08686784939046203
W38620,-6.0140576,9.06002,15Mo,0.12474379627148606,0.03631320265167808,0.14442413454266187,0.6536598189145086,0.040858597691922786
W38622,5.072347,5.2174683,4Ery,0.0005930064435870402,0.0022913656073344827,0.022010375725270412,0.0016388467686428798,0.9734657815452191
W38623,5.251694,6.5610514,5Ery,0.0012052708774638729,0.005108210394322753,0.048390289691595645,0.002886953171541424,0.9424085588714322
W38624,-1.0368627,6.7303953,8Mk,0.03330542808613533,0.07136888565212123,0.5554593733635811,0.12558185530310073,0.21428259249070572
W38625,-7.3784695,8.108744,13Baso,0.13821086973134356,0.032471564421856274,0.1289968601920557,0.6605612188738033,0.03975940692911601
W38626,0.34060118,4.2923174,7MEP,0.012120195529625127,0.07357868426401547,0.7227337209556407,0.021555932940460355,0.1700106710154071
W38627,-4.8590784,8.814789,14Mo,0.12694106154807053,0.04446224238523943,0.17216296900226494,0.6094455524656375,0.0469876002496876
W38628,-6.50566,8.550557,14Mo,0.17455480215142696,0.03762404021387633,0.14849526031755447,0.5960052663244089,0.04332035815224523
W38629,6.8159266,7.493404,2Ery,0.0002528481892338094,0.0010328578897222185,0.009736018905686846,0.0006284784862404428,0.9883490626670642
W38630,0.96923417,4.4499373,6Ery,0.014125431031498308,0.0622010106351601,0.6290426918140425,0.022969897339821688,0.2716600946217674
W38631,7.5891557,7.0397024,2Ery,0.00018847053371494663,0.0007645151892624462,0.007204291881322251,0.0004728021790018026,0.9913692570271816
W38632,-5.8975186,8.393787,13Baso,0.1176358235613513,0.04242417317927209,0.17060374663264424,0.6195672223407255,0.04976870598491726
W38633,-0.22880614,6.319684,7MEP,0.024765294662415907,0.06372042705669491,0.6449741940969614,0.08246157760070243,0.1840771928013369
W38634,-5.3109493,11.135367,16Neu,0.060090788762404264,0.027245338668981017,0.11031618856805006,0.7734091122903805,0.028937980758769095
W38636,-4.8734417,8.712891,14Mo,0.1358886118713896,0.04487613487087017,0.17403517276393907,0.5974757445899969,0.04772389212375463
W38637,4.3079314,6.401958,3Ery,0.0012233128177066492,0.005070797006883394,0.04878485307985397,0.0031394144438646374,0.9417809391677698
W38638,-5.7468233,10.831527,16Neu,0.060753278292494585,0.02481485883010119,0.10127602437451153,0.7859058282148068,0.027249483932312593
W38639,-1.3031743,4.3225327,19Lymph,0.007148959668198135,0.49796139482180707,0.424858020030578,0.014578131590767757,0.05545317089867555
W38640,-3.4976115,6.5282097,10GMP,0.07636287796508742,0.0812316402101476,0.4017157025533902,0.3147732212492554,0.12591553203426295
W38643,-1.6343734,5.3672214,12Baso,0.022465052860216998,0.12427183486761863,0.6945755305903609,0.06002127387725268,0.09866597529236697
W38644,-2.110618,5.9681005,10GMP,0.1194898184745467,0.12943349672224058,0.5393828503104258,0.10342520303212425,0.10826767586454426
W38645,-5.312376,7.5715413,13Baso,0.12692736158002277,0.05229986460707379,0.1895558382489424,0.5757459900756453,0.055470496715906134
W38646,6.937501,7.7771807,1Ery,0.000247612436496561,0.0010196459535715319,0.009562923393257663,0.0006000456518017131,0.9885690188070732
W38647,-5.2107387,10.297166,16Neu,0.07781579927135934,0.03285553876431764,0.1342292476762752,0.7190664199574053,0.03603249342578359
W38648,0.050642222,4.12488,6Ery,0.013491685361767945,0.0699086699728782,0.7296029560223659,0.021128386045122148,0.16586748912743812
W38649,-7.2018228,8.248991,14Mo,0.12722541470601953,0.030817141674927467,0.12257742974983746,0.681717282024591,0.03766267772474054
W38650,6.3740315,7.059758,2Ery,0.0003697872794911934,0.0015448139096048467,0.014480150744882271,0.0008728482610449729,0.9827316607854676
W38651,-4.9112506,9.124896,14Mo,0.10109231616082126,0.05077549859687802,0.21938347215771456,0.5717468746903446,0.05700136502436016
W38652,-2.2799788,5.6946955,10GMP,0.06691722636721179,0.15739806623210514,0.5817924701256909,0.08300859906380502,0.11088272413247145
W38653,-3.8368204,8.217874,14Mo,0.09466220935757848,0.06979705059434717,0.3030963996153311,0.4590253885396286,0.07341825372237341
W38654,-5.254768,10.495115,16Neu,0.06885276900775142,0.030289235038752145,0.1245538576746875,0.7434246882036217,0.03287884520167168
W38655,-0.3832501,5.581681,9GMP,0.019234840735893412,0.07490033078534972,0.6911011241120761,0.0499135106627201,0.16484917597414547
W38656,4.3165746,5.692,3Ery,0.0023194616016557713,0.008768816933750222,0.08501906094418159,0.006671993324776788,0.8972199842076377
W38657,8.018235,3.9230306,3Ery,8.938879691305068e-05,0.00034898231239250885,0.003295278599313001,0.00023794564664071828,0.9960280890142327
W38659,-5.234211,9.992114,14Mo,0.08363704419739021,0.03521499349598147,0.143353941724774,0.6991722349521504,0.03862121753791295
W38660,6.2655773,6.925957,2Ery,0.00026451658124103497,0.001069939883284693,0.010127476830105639,0.0006732012598407926,0.9878641956060953
W38662,-1.7051831,6.5474257,12Baso,0.03266322302426483,0.09455990703419503,0.609239743517553,0.1299138969559141,0.1336228336945684
W38663,-2.4134066,6.426064,9GMP,0.054663934724129545,0.10102511424762316,0.5671985058260313,0.17097162255337675,0.1061398231955916
W38664,8.656397,6.6365004,1Ery,0.00015614612603632948,0.0006318478557321239,0.005943024521145245,0.0003914315472280593,0.9928768977098972
W38666,6.784615,4.705625,3Ery,0.00020071722959474938,0.0007819098886371603,0.007418394465144795,0.0005393675264754751,0.9910590958436292
W38668,5.338247,6.4815083,5Ery,0.00041230728534842094,0.001652853762427858,0.015749218290785114,0.0010815179076761972,0.9811034469009662
W38669,5.7836056,7.004111,2Ery,0.0003939617145278481,0.0016096825251562692,0.015277107426887884,0.0009959909236331103,0.9817225261741596
W38670,-0.5054858,7.298626,8Mk,0.036190995066790556,0.06842453408178498,0.5067122428665957,0.1436163326429415,0.24505344850488778
W38672,8.1879225,6.026009,2Ery,0.0001631679258333469,0.0006567676076045369,0.006187476520182285,0.0004137435286335977,0.9925782239854747
W38673,-6.8255196,11.511325,16Neu,0.04626593901275904,0.01772183944358941,0.07281437753685378,0.8433364543378336,0.01986107814881121
W38674,5.124684,5.925114,5Ery,0.0007385999062054103,0.0029576659207489527,0.028329531554988695,0.0019512106220628096,0.966022354400523
W38675,-1.3654009,6.8598557,10GMP,0.04311574499441287,0.07344170674495919,0.5130203554223524,0.16650738634399484,0.20391320462962714
W38676,-6.0654864,7.5293183,13Baso,0.14348148841128225,0.037866280709446865,0.14663019160832969,0.6281793562422883,0.04384252525508795
W38677,-5.432084,11.08879,16Neu,0.060449896901917904,0.025951219148794898,0.10645416903955879,0.7787699298562332,0.028374233652768865
W38678,-5.1903596,8.998495,14Mo,0.13561529435664893,0.042645772941224194,0.1667349866188357,0.6089144770167471,0.04608896119279696
W38679,6.4920177,7.259062,2Ery,0.00027122078491148837,0.0011051406847536122,0.010432497069016274,0.0006788688697804821,0.9875115659108263
W38680,4.9265227,6.3404713,5Ery,0.0009723145641804739,0.003962964864574602,0.038109815816846096,0.0025400493969397666,0.9544141890381476
W38681,-8.023503,8.121385,15Mo,0.15474521556040902,0.02778427818868482,0.1095508335780308,0.6742417706151405,0.03367791995186947
W38682,-0.017336674,4.328303,7MEP,0.013720455162755787,0.08501480593751573,0.7336374536717767,0.022942050935320608,0.14468447851896254
W38683,-6.5557346,10.34556,15Mo,0.06026282142929017,0.025531922641772398,0.10737505827437183,0.7776435073595447,0.02918642971781163
W38684,5.5991735,5.7438946,5Ery,0.0005331174123166346,0.0020893240919730095,0.019977677990015274,0.0014447867441358816,0.9759544725468087
W38685,3.6364477,4.4342537,6Ery,0.004406619812796964,0.015418004737760248,0.1502630571642112,0.013768014573905907,0.8161435163772996
W38686,3.8006468,5.4310083,5Ery,0.004159871045232912,0.0154227105058858,0.14776460501882743,0.01212378007260185,0.8205282709065531
W38687,7.390303,5.502921,2Ery,0.00017585940629757439,0.0007003223669057501,0.006615763930826909,0.00045517837578500683,0.9920523078188342
W38688,7.4809732,5.0655904,3Ery,0.00016654384718825047,0.0006541514590876823,0.006182727154178867,0.0004398075216606799,0.9925562498300255
W38689,-6.951523,10.897537,15Mo,0.04168198614171941,0.017629429669219505,0.0729902239840081,0.8479810893042865,0.019717042531232434
W38690,1.1170561,5.084708,7MEP,0.011672893054513443,0.05871749156638247,0.6303285236880308,0.02588567145195082,0.27339455510861954
W38691,7.454346,3.9593754,3Ery,0.00013317904881974006,0.0005063917447316528,0.0047953930400956475,0.00036859359014241753,0.994196083011377
W38692,-5.6029887,8.21066,15Mo,0.13766190193349725,0.04247488505937872,0.16177696002592562,0.6126036937503127,0.04548227234211372
W38693,-7.085828,11.473891,16Neu,0.03489655848754777,0.013989855223217593,0.057352508551204,0.8781945778587826,0.01556624336997726
W38694,3.6889048,4.5990696,6Ery,0.0074272388719349835,0.024387192994995595,0.23750922293518334,0.024327147364326424,0.7063482912831034
W38695,-0.6380424,4.3495245,7MEP,0.013632697933865455,0.08523033112669523,0.7548770017057232,0.025858146749331047,0.12040118934350404
W38697,3.7181373,4.270027,6Ery,0.005465567391904457,0.01475774052039382,0.13532271894610245,0.02040403759376748,0.8240492154936279
W38698,2.3603969,5.3963647,6Ery,0.007909635850801943,0.0361867243324796,0.3604989613078615,0.018723429717127864,0.5766803666065617
W38699,-1.8248286,5.712441,10GMP,0.04395005630792761,0.12513218879957547,0.6275944671791175,0.0875980643821841,0.11572433592015095
W38700,6.4263573,5.268304,4Ery,0.0002664739250326377,0.001029494146692616,0.009782800095222857,0.0007262582132478253,0.9881943778683719
W38701,-6.2312903,7.275054,13Baso,0.14850350329539683,0.03903453953754056,0.14917222985676312,0.6188611192234982,0.0444284204078433
W38702,-6.0984106,10.1945305,14Mo,0.07005945382113753,0.028019577306578163,0.11588425809369675,0.7543074951578943,0.03172878402879283
W38703,-6.3610477,8.032626,13Baso,0.11889814048805827,0.037678406038185765,0.15321706174538358,0.6429715854603922,0.047234686999822854
W38704,8.719615,4.2636914,3Ery,7.772245810550852e-05,0.0003081967731921856,0.0029067713616370556,0.00020185255677410572,0.9965051570797513
W38705,3.2059047,5.4013705,6Ery,0.006370367695808228,0.02729472717161977,0.2750771861101651,0.016436260809161843,0.6748205985949273
W38707,-1.1613165,5.594817,8Mk,0.04976198745885407,0.08232345078825659,0.7493496983616977,0.029343649747530134,0.08922061833926932
W38709,-5.5677996,9.031138,14Mo,0.11888417137066763,0.03998635136828088,0.15972238490537094,0.6361486746762964,0.04525789871593441
W38710,6.830704,7.3899226,2Ery,0.00024982301092961424,0.0010184933133261542,0.009621596836589323,0.0006257105082980509,0.9884836685662614
W38711,-2.3902535,5.788467,9GMP,0.07369357259562101,0.12394298089000078,0.5488305100579088,0.14417652177723306,0.10935542922793454
W38712,4.0561047,3.9748502,6Ery,0.0033809414437653194,0.011573473729579321,0.11664350670224272,0.010817531288720282,0.8575838610174473
W38713,-5.5451097,10.042641,15Mo,0.07204064677407997,0.03358442708981074,0.14044081959908702,0.7164232210019493,0.03751049329202811
W38714,-6.430727,8.161996,13Baso,0.12027453390874616,0.042153623141960285,0.16973234894407868,0.6157450421886699,0.052094193124927676
W38715,4.026411,6.335801,3Ery,0.003165041436446461,0.013323377875188785,0.1305287720077951,0.008004193529085277,0.8449778786002932
W38716,-5.915645,11.35681,16Neu,0.05502564069565619,0.022708571820022904,0.09252431047919478,0.8049030636029466,0.024837924251216153
W38717,7.199468,7.4869037,2Ery,0.0001977383274449534,0.0008023185191218722,0.007569243575965783,0.0004972966708557054,0.9909327495868054
W38718,-2.4772444,6.5704823,9GMP,0.05457801204207016,0.08742782048040076,0.5109861493807552,0.19512938541154193,0.15187752119173303
W38719,-5.8229847,9.825332,14Mo,0.08163569217276317,0.03316051989153354,0.13652601035478498,0.7109406800436406,0.037736691463176
W38720,7.2977853,3.4997663,3Ery,0.00012309269560597085,0.00045089503505630236,0.004264864060213076,0.0003572988636013112,0.9948035027421492
W38721,-6.349079,8.73364,14Mo,0.12999995053770258,0.03484663873520206,0.13728467121238153,0.6578849076552353,0.03998347164878914
W38722,-5.3687787,8.769691,14Mo,0.12584497674174666,0.040610618979046505,0.1591396065311724,0.6294592908544675,0.044945059367216406
W38723,-5.259407,9.416491,16Neu,0.11893074862738955,0.03926054358269384,0.15596620832446062,0.6432922013322194,0.0425497152452838
W38724,-5.1304045,9.260173,14Mo,0.13000060711919204,0.039096837008303416,0.15447785726858565,0.6340533134400612,0.042370852188184434
W38726,-1.6430473,6.4238806,9GMP,0.035086911774728544,0.0854232021676049,0.6075973706199788,0.1078230502300636,0.164068260421652
W38727,6.7166295,5.1188784,3Ery,0.00023584721175303836,0.0009171851078505266,0.00870570644698319,0.0006357233935843413,0.9895049703301085
W38728,-8.746583,7.3965483,13Baso,0.18629272571059283,0.02547425850976711,0.10039476636372326,0.656173784815657,0.03166466809975556
W38729,-0.45212877,5.26907,10GMP,0.01681334048727991,0.09676691623743917,0.7207539920111867,0.03033010869723089,0.13533481547407167
W38730,-4.8743176,9.423774,14Mo,0.09544596165585342,0.04416219489669097,0.18280502190979395,0.6290890195743634,0.0484972805894638
W38732,2.9902263,5.80521,3Ery,0.007345743488867421,0.03248875828671579,0.30994002463750003,0.017425334725706003,0.632799289429634
W38733,3.2105038,5.7645526,6Ery,0.006487080483672514,0.027790855203475028,0.2670483248389959,0.016764620865675452,0.6819083546228565
W38734,-5.917557,7.8945837,14Mo,0.12602619719335809,0.04077451184075427,0.16075784483429698,0.6243835902119944,0.04805747207127299
W38735,5.0386167,5.874649,4Ery,0.0008386501396343696,0.003402241412692436,0.032512074059976095,0.0021590953375947605,0.9610872915710569
W38736,8.635229,3.663851,3Ery,4.510918092620299e-05,0.00017755594915634112,0.0016747123424466802,0.000118513812751995,0.9979839391069579
W38737,6.042631,7.688759,2Ery,0.0003588513228788173,0.0014844913678360538,0.014073425488474718,0.0008911185966475177,0.9831913605053334
W38738,5.9355564,7.5741806,2Ery,0.00039756011826933403,0.0016408507470859982,0.015586450658322943,0.0009944419899734522,0.98137996136597
W38739,-4.6533885,9.09939,14Mo,0.11215889103711664,0.04833501376843272,0.1927625983235651,0.5952092724896031,0.0515336140589317
W38740,6.02918,6.9307265,2Ery,0.0002958835587201384,0.0011936461211188632,0.011318733389455025,0.0007591536863165112,0.9864319181398429
W38741,0.90688545,4.818237,8Mk,0.014065254577388619,0.0530179180487604,0.5884514617585521,0.03589013143920165,0.30857424890665164
W38742,-2.97261,6.8694797,10GMP,0.06600624528999464,0.07642435571485182,0.42599570451530144,0.28419501567050015,0.14737751060913154
W38744,-2.4335291,6.01715,10GMP,0.08023735138274046,0.11023010809957273,0.5335009490218023,0.15978400441667315,0.11624649426814818
W38745,-4.8103495,8.826787,14Mo,0.10614507773891602,0.046956883824086824,0.18900073197870323,0.606486439277155,0.05141037441583297
W38747,-2.113304,5.788379,10GMP,0.054979087343748664,0.11935625718471288,0.5975921487396562,0.10451629676044029,0.12355520866384513
W38748,-5.272413,9.293263,16Neu,0.11536144374861032,0.03721104300488586,0.14795586129765032,0.6584518096643998,0.04101928301908507
W38750,-5.4304447,6.375906,10GMP,0.1321106816924741,0.05747632688712015,0.21021605568328366,0.5355800275647457,0.06461647072725614
W38751,-5.0867696,7.217895,10GMP,0.11932775996991257,0.05778515610501252,0.211761216177133,0.5461150538769106,0.06501040271926217
W38752,-8.0072565,7.4476113,13Baso,0.1379174615463682,0.02651882255504576,0.1047561293059161,0.6977788363214092,0.03302881164873427
W38753,-5.5078344,11.128165,16Neu,0.05820816120893864,0.02440884780392855,0.0999816805433654,0.7906286157285898,0.026772195226574726
W38754,4.638812,6.663731,2Ery,0.0014103836807397303,0.0060334334468290195,0.057890308504278266,0.0035025210854765067,0.931162611083229
W38755,-5.4378543,10.317387,16Neu,0.07827257728382,0.02874961965002984,0.11671960299908307,0.7444867449891351,0.03177092311480656
W38756,6.125405,7.4424224,2Ery,0.00035600651913811793,0.0014661926471857922,0.013868777616836213,0.0008826013625253249,0.9834256666533817
W38757,-5.172187,8.663002,14Mo,0.14380104413549097,0.04173829885834641,0.16115500442292113,0.6080291386831611,0.04527602866798498
W38758,-4.5291104,2.4953995,11DC,1.0,0.0,0.0,0.0,0.0
W38759,-5.301544,9.335513,14Mo,0.10206188184035718,0.03842466769441724,0.15516091467198567,0.6621201233229393,0.04223187332661472
W38760,-4.8602657,2.3822174,11DC,1.0,0.0,0.0,0.0,0.0
W38761,-3.5902305,8.061336,14Mo,0.08412533367429341,0.09994640085521722,0.34192481648579814,0.3764577114400008,0.09754498265458059
W38765,-6.0405517,8.433429,13Baso,0.19623697068848725,0.0390706266636418,0.15347315028380545,0.5662015734230781,0.04501739240698361
W38767,6.5466647,6.5140395,2Ery,0.00023064404685961461,0.0009254422378066319,0.00875623563570972,0.0005929172940998091,0.9894941255723779
W38768,8.352176,4.6157155,2Ery,9.831173208445e-05,0.000390119433783933,0.003679739682169028,0.00025509951107624806,0.995576353304196
W38769,-5.7208004,10.700705,16Neu,0.06767187160497816,0.02799943360886627,0.11463582974363072,0.7588528156313901,0.03083951536296605
W38770,4.9109616,6.901423,2Ery,0.0012298282631297002,0.0051713018838432856,0.0495038748916802,0.0030297705471255764,0.9410645169106701
W38771,6.786704,6.9412465,2Ery,0.00023258736541116183,0.0009435173925926221,0.008901812740911662,0.0005851607260832503,0.9893362288887666
W38772,-5.0692987,8.498886,14Mo,0.13858649551006508,0.042681716405009555,0.16443614222616684,0.6080496365395046,0.04624558878504882
W38773,5.09398,6.679942,5Ery,0.0008049551628859303,0.003344529393167933,0.032045951052969465,0.0020333786100791007,0.9617704885952562
W38774,5.473961,6.682248,2Ery,0.00039827046691733075,0.001611196659818921,0.015340239342477148,0.0010287957590633622,0.9816208285099205
W38775,0.1043344,4.7589645,7MEP,0.010839396090760439,0.058660271603635294,0.7688032221438258,0.020059651715573317,0.14163676199053338
W38776,-1.8080169,5.9095807,9GMP,0.04018138068567728,0.09895465977114269,0.6104244639925471,0.10589885277736745,0.14453950158128415
W38777,7.1159697,6.080918,2Ery,0.0002023893820080978,0.0008104028964211127,0.007650588042572749,0.0005191585534166239,0.9908168017320146
W38778,-1.413611,4.9258485,10GMP,0.08533668859490198,0.15584483825701556,0.616242457340526,0.03676308726689912,0.10581220416765817
W38779,-0.5922052,5.259398,7MEP,0.013601704089449383,0.10336095247929304,0.7355201811721671,0.03132501182987265,0.1161914953999115
W38781,2.2859294,5.1435056,6Ery,0.008948578863133739,0.03666720928681278,0.3708710793787883,0.02311802727280227,0.5603941647642819
W38782,-6.7803507,8.765997,15Mo,0.13304657568344985,0.03128950048864119,0.12328651398211764,0.6762747349006049,0.036102416827001375
W38783,5.714961,4.6042066,5Ery,0.0003713904501515355,0.0013872273404819647,0.013250259218176977,0.0010618692338494153,0.9839286717753173
W38784,5.7943573,5.2836,5Ery,0.0003773467419694715,0.001464301845371706,0.013974681245723508,0.00103018209737415,0.9831528946496727
W38785,-7.7383285,10.654455,15Mo,0.0286530578653333,0.011458608956025252,0.04790182811678551,0.8988009028315359,0.013185525420809745
W38786,-4.867002,7.532244,14Mo,0.1143784086223369,0.05226785291124763,0.20720953149673785,0.5645547202545944,0.06158912571763001
W38788,-0.6762404,7.035876,8Mk,0.03677944605467741,0.06794312562679168,0.4999631366070357,0.1408083582021244,0.25450392121619925
W38789,-7.9094296,7.295396,14Mo,0.14929267389290773,0.028452834314677454,0.11193357911422736,0.6755462476283319,0.03477472800132066
W38790,-6.9148145,10.429473,15Mo,0.04802251252296042,0.02290904954148525,0.09638110288203723,0.8069792600206114,0.025707856292594585
W38791,3.51874,5.7034826,4Ery,0.00528082359307576,0.020472832803489327,0.2008677300467172,0.014495762899125918,0.758882006954578
W38793,-7.23355,7.2719574,14Mo,0.1459985125939947,0.03179041592955622,0.12405716660380481,0.6605971211464929,0.037556727810850156
W38794,-2.8852732,6.7120976,13Baso,0.06876098587709717,0.1300896661148489,0.48382801143003107,0.21546363340323113,0.10185672362913936
W38795,1.0967427,5.1570992,6Ery,0.012337614191725908,0.05243450919140076,0.589524718318219,0.03246181991768073,0.3132404538060938
W38796,7.382455,3.6783135,4Ery,0.00010654295844869637,0.00040351145657850374,0.0038265007869843085,0.0002971728979632058,0.99536595704568
W38797,-8.331009,7.206967,13Baso,0.21159309801544685,0.02597375788732413,0.10185899380322228,0.628817852128717,0.03175644305181467
W38798,6.4690003,4.978928,4Ery,0.00022992593318460448,0.0009034262812276535,0.008552717503265552,0.0006105383269938309,0.989702855584721
W38799,-4.0383205,5.8085093,9GMP,0.09275173472419439,0.08321447043781888,0.3482618008374139,0.36947197427757894,0.1062990499818643
W38800,8.67232,3.8614929,3Ery,6.148934189497813e-05,0.0002445125210339268,0.002304850445944326,0.00015892003662839254,0.9972299696555658
W38801,-1.0466548,6.8110085,8Mk,0.03726632418890924,0.06922198715125726,0.5077932267906012,0.14835105832103626,0.2373653753278
W38802,-0.6725786,7.7891946,8Mk,0.04292408656352197,0.06042983783980224,0.42537417200484595,0.20985813899118533,0.26141130601466084
W38803,-7.3113217,9.882894,15Mo,0.05261167761886843,0.021456426397345976,0.09286570394680502,0.8070190098089445,0.026047067123754576
W38804,8.256595,6.58101,2Ery,0.00016718228728175143,0.0006760640459685145,0.006357547632282122,0.0004197275585124106,0.9923787824676676
W38805,-2.090271,7.0997415,12Baso,0.04097952481753122,0.10035843672597351,0.5591022674599551,0.1843513452812417,0.11520845508039503
W38806,5.214289,3.4655368,3Ery,0.0015720713864667592,0.004091329653307643,0.038740331290848286,0.006623133888238793,0.9489727111064247
W38807,-7.5953155,11.033722,15Mo,0.026808562402533806,0.010556947598242324,0.04381467638340499,0.9068471093069757,0.011972568320523264
W38808,-8.332818,10.257791,15Mo,0.01996225959115112,0.007078490359185277,0.031144664273468438,0.9328335731929881,0.0089810352401536
W38809,-2.5866404,5.4357533,9GMP,0.045371168978393675,0.14866077424840154,0.5457612240573778,0.144556274068209,0.11564976665372578
W38810,8.546208,4.002698,3Ery,5.9283195980791906e-05,0.00023547181974433031,0.002220840411293809,0.00015362914343128398,0.9973305329874347
W38811,-4.3947563,6.0964947,10GMP,0.09589562076383208,0.08981103340951971,0.3011260895939907,0.4159310544786151,0.09723545599795075
W38812,-6.181997,10.270071,15Mo,0.05937862089395235,0.026433630628387255,0.11168259603042946,0.7727068619601792,0.029798011088484063
W38813,-6.555235,11.209514,16Neu,0.044924204339557516,0.019591041630747912,0.0802308438879344,0.833911379960533,0.02134229833256783
W38814,6.204549,3.8035138,4Ery,0.0002541905537289778,0.0008880281375566728,0.00844665514111926,0.0007986965866512961,0.9896120378060741
W38815,6.91461,3.1823087,3Ery,0.0001728620155552885,0.0006026828040332819,0.005751724652730248,0.0005353885572557455,0.9929370324465009
W38816,-7.7012906,7.6100273,14Mo,0.13279097723640113,0.027504084872704296,0.10863253071313193,0.6973671297571267,0.03370533913716544
W38818,7.4295573,2.7126553,3Ery,3.8269497002983035e-05,0.00012150041979627234,0.0011433364830484149,0.0001314852645110132,0.998565326914487
W38819,-7.6154294,11.268443,16Neu,0.02339729484190304,0.009492403444941747,0.03927111163256088,0.9171766378690863,0.010662408285863194
W38820,3.4295611,4.804235,6Ery,0.006060736854363629,0.020595912511552447,0.1973742381911129,0.01913096397818394,0.7568373054957755
W38821,4.5872574,4.975414,5Ery,0.0019241150079555933,0.00722016318288454,0.07001450565136286,0.005591422918781529,0.9152490826987391
W38822,-5.824843,6.544066,13Baso,0.10403962370098124,0.04912068869816558,0.2069148204732058,0.5670913248880493,0.07283329909108825
W38823,-7.447146,6.7223096,13Baso,0.11319837474799588,0.025728766653463287,0.10399889925639647,0.7219373574834002,0.03513670263182922
W38824,-4.984527,2.4657307,11DC,1.0,0.0,0.0,0.0,0.0
W38825,-7.979479,7.1630096,13Baso,0.1655836989289557,0.02790469438084011,0.10947413027327164,0.6629799320403609,0.03405761450127553
W38826,-0.40413478,6.633417,8Mk,0.03364499208556505,0.07394581420839197,0.539803174242462,0.12660786543678118,0.22599633846603176
W38827,8.162149,6.416971,2Ery,0.00016569407664777122,0.000667885756645579,0.006286077623342669,0.0004187896759391208,0.992460887534872
W38828,-5.94984,7.8549824,13Baso,0.14038725793973678,0.04157618418244504,0.15799832991169882,0.6142973806619552,0.04574060535822531
W38829,-8.269077,8.328511,13Baso,0.11081711576848564,0.023386909253523446,0.09371976558190764,0.7411273934047633,0.030949033930989335
W38830,-0.28432557,7.480559,8Mk,0.03940077893746718,0.0617997148832863,0.43942607991716637,0.1807199807564776,0.278651127665335
W38831,-0.5998423,6.371396,8Mk,0.029887683985699406,0.07055703071090917,0.582980028665286,0.10616736501420214,0.21040622646613028
W38832,-8.576451,10.130829,15Mo,0.0,0.0,0.0,1.0,0.0
W38833,-6.017057,7.976251,14Mo,0.13000196721194066,0.03508401528253473,0.1347851784461147,0.6606260797313825,0.03950265497757637
W38834,-4.236878,9.415312,14Mo,0.07608769622796961,0.06505709055132972,0.2966409111363834,0.49362461229856414,0.06858910266263868
W38835,-2.4681628,3.95079,19Lymph,0.0,1.0,0.0,0.0,0.0
W38836,1.5239915,5.22023,6Ery,0.01104793833371298,0.046224217969220105,0.4886770331900304,0.028807788868215677,0.42524201364525643
W38837,5.2598033,5.0731955,5Ery,0.0007497041283204867,0.0028210425275889896,0.027055443998269233,0.0021377267555526707,0.9672354726565968
W38838,-6.4487386,10.032335,15Mo,0.05916698633241215,0.02898251107794878,0.12779773249760096,0.7499518375908338,0.03410075766085658
W38839,1.0449891,5.364421,7MEP,0.010390806408755286,0.05201784657223799,0.6949995954418685,0.023873831970933408,0.21871713481962404
W38840,-6.6259646,10.429296,15Mo,0.057333806636781386,0.02787348746374428,0.11545366311426304,0.7685910884809878,0.030747684926041907
W38841,-8.579577,9.997839,15Mo,0.0,0.0,0.0,1.0,0.0
W38843,4.3625402,3.8469899,6Ery,0.00256408597274443,0.008775029377589207,0.08720183647426878,0.008202394038116373,0.8932560997469663
W38845,-2.7176871,6.628803,12Baso,0.06957724108254261,0.10626535605519588,0.4763004685365207,0.23405727636270926,0.1137987008587545
W38846,7.8105435,6.033009,2Ery,0.00015293343711837623,0.0006156280603073886,0.005795758496157872,0.00038724711459577846,0.993047845250476
W38847,-8.128883,6.800067,13Baso,0.19997682625933808,0.02733712362416445,0.10659243673710904,0.6326762531098776,0.03341751197156084
W38848,0.7687995,3.9858963,3Ery,0.015763737433186077,0.07349933716224745,0.6144637525934461,0.02292773772904855,0.2733445705445713
W38849,7.7152843,3.1065595,4Ery,4.769226375428622e-05,0.00017175840278207288,0.0016211673105556846,0.0001414498319724187,0.998017789945406
W38850,-4.00479,8.589142,14Mo,0.07755096789094913,0.05933333489521949,0.29092680574383245,0.49556419086964354,0.07662452226753434
W38851,-4.050455,6.2521176,10GMP,0.08374873400707013,0.0911012072577481,0.32029660599137466,0.3831912008588768,0.12166155292838621
W38852,-6.905021,11.04382,16Neu,0.05090368678114501,0.021854014878304115,0.0894189382094469,0.8139535109414072,0.023869551685427925
W38853,-7.354548,10.957476,15Mo,0.033155117389015235,0.013085370251609564,0.054213819692206226,0.884750331038795,0.014795207080822973
W38854,0.6762377,5.5407014,6Ery,0.012262748841916284,0.05500713120893936,0.6557911116589731,0.029173262369485208,0.24776482633559757
W38855,-8.366417,6.860557,13Baso,0.1656816461483123,0.029182711764688705,0.11462257080310155,0.6525998643991898,0.03791334475171263
W38856,-2.8351212,3.8575258,19Lymph,0.0,1.0,0.0,0.0,0.0
W38858,-7.741015,10.268538,15Mo,0.033628219256602296,0.011520763821218333,0.048498970059367326,0.8926748746284818,0.013677108852292895
W38859,0.9794065,5.4521484,6Ery,0.011363364255838802,0.04899156574228607,0.6396892656269231,0.02818396345261569,0.27177095610718166
W38860,8.218078,6.7598553,2Ery,0.0001730563973444545,0.0007016583931715338,0.006595442299215761,0.00043237274199971,0.9920967805440329
W38861,-7.9826503,10.273947,15Mo,0.021533004704010664,0.006525497062860289,0.026961399585775016,0.9369442389212489,0.008035895766637288
W38862,8.304409,4.2604403,3Ery,7.468468717385045e-05,0.000295808179677349,0.0027905676489106508,0.00019435925437939267,0.9966443066208687
W38863,-4.280467,8.082522,13Baso,0.09312082241007788,0.07757799737925075,0.31615386763047665,0.43446108662667954,0.07868544392084893
W38864,1.870775,5.4357023,6Ery,0.009965530298749378,0.04235315125451241,0.4606926717818718,0.025588314984387888,0.46139931397615336
W38865,-6.10939,6.7762055,13Baso,0.13093746609241544,0.04232356743338534,0.1648107472455663,0.6108811402777605,0.05104685420406432
W38866,-3.366517,6.751327,9GMP,0.07241102088274148,0.07715144442926451,0.4113607309858632,0.32168236730850175,0.11739392027173876
W38867,-2.427381,5.7191796,10GMP,0.06281296332654374,0.11720835325139292,0.5660281293669075,0.14105341209443745,0.11289621458954138
W38868,-4.551816,6.1568265,10GMP,0.09416769753868742,0.10710554236656006,0.29071088683953067,0.408147235735287,0.09986791446834437
W38869,-6.9841533,7.5072484,14Mo,0.12750638604230233,0.0340812241493319,0.1354182701286825,0.6604157735923857,0.04257828284593798
W38870,8.159652,5.7931404,2Ery,0.00014728257285985538,0.0005909558229373058,0.005567495378448025,0.0003754281080607647,0.993318226685911
W38871,1.6395153,5.439936,6Ery,0.011162446949902653,0.045777813467921806,0.48776697318387396,0.029723879682403736,0.4255678851442079
W38872,-5.111698,6.0457993,10GMP,0.12033801925050829,0.06647090349616042,0.2369040966011601,0.5008772001677831,0.07540925641590611
W38873,0.59340227,4.9353676,7MEP,0.011775872959013627,0.06436021971713475,0.719642196862372,0.022687379817756603,0.18153352171266546
W38874,0.4239402,4.494627,6Ery,0.011518530592191774,0.06545448882672554,0.7235511901461888,0.021664097741516588,0.17781093341844487
W38875,-4.6535215,7.933236,14Mo,0.13771206101385772,0.05920268443084208,0.20560458122603445,0.5416634544693177,0.055816839315490516
W38876,7.961209,4.989918,2Ery,0.00013092517463882675,0.0005229121677644025,0.004930211949523902,0.00033628488844798777,0.9940791714836317
W38877,8.177718,5.925887,2Ery,0.0001550932097657207,0.0006235939867643222,0.005871870957946036,0.00039376314701401066,0.9929550388451892
W38878,0.13967101,4.6153555,7MEP,0.014929110768263658,0.0800165286924071,0.7390431158967017,0.02314125411941094,0.14286924161725725
W38879,6.5140314,4.886103,5Ery,0.0002931188327637347,0.0011276364511472754,0.010738143234629497,0.0008089113030631115,0.987031661704907
W38880,-7.3242855,6.2815886,13Baso,0.15705528438629185,0.031222259369302254,0.12249977424802345,0.6488572477466172,0.04036549483764528
W38881,-6.726923,8.216443,13Baso,0.14846634521700483,0.03303673031095826,0.1278843645187997,0.6527171911713806,0.037895280615957726
W38882,-5.2702007,8.38065,14Mo,0.12302923830117649,0.04368656644247027,0.16344331578156396,0.6240977880935632,0.04574277160597185
W38883,9.079253,4.632158,3Ery,8.70132861910308e-05,0.00034792258203679194,0.0032773551372228503,0.0002227296427969915,0.9960646257203096
W38884,-7.6853704,6.7790275,13Baso,0.2145692941270345,0.028640140764763622,0.11121840099689938,0.6112662714669828,0.0343060367757078
W38886,7.082236,3.9211357,4Ery,0.00015091858021278946,0.0005799235041949533,0.005499475017630429,0.00041363541427126153,0.9933556208094374
W38887,8.334765,4.229131,3Ery,8.097268276364068e-05,0.0003213910633722788,0.0030312357500372985,0.00021008400786423593,0.9963559801237533
W38889,8.988376,4.7579045,2Ery,9.308436178512376e-05,0.00037385529377930663,0.0035183379501805157,0.00023626826672317256,0.9957780645852169
W38890,-6.3032,10.539391,15Mo,0.05403683732411987,0.027683105034005756,0.12285263828653296,0.7634776932405902,0.03194945860446526
W38891,0.14374071,4.7920713,7MEP,0.010619926775491896,0.05207859876834849,0.7668251126550172,0.0223646483846407,0.1481110412434446
W38892,8.3446045,7.180168,1Ery,0.0001730753513083063,0.0007038618104176121,0.006606978400088522,0.0004288154048778225,0.9920865395702002
W38893,-6.48936,10.348459,15Mo,0.05527665550195828,0.02095785200899725,0.0857060558637647,0.8145073013029308,0.023551944802321242
W38894,8.268189,5.6231775,2Ery,0.00012719286780814702,0.0005101271779344265,0.004804867951317724,0.0003242783187632904,0.994232967946306
W38895,-4.191696,8.387197,13Baso,0.09799615317499943,0.06867059187644883,0.2662733821123355,0.49950916579791815,0.06755013776403879
W38896,-0.07256317,6.303549,8Mk,0.023380783331695063,0.0653890446457475,0.5600626374434258,0.07311277001586375,0.27805321544347544
W38897,-4.8328457,6.293698,9GMP,0.09375727163888518,0.05500165037125993,0.2587334124031894,0.47740014798600044,0.1151070127459581
W38898,-1.9704965,4.0853996,19Lymph,0.0,1.0,0.0,0.0,0.0
W38899,-4.7897696,2.3924263,11DC,1.0,0.0,0.0,0.0,0.0
W38900,-0.9451974,6.6915164,8Mk,0.03772191130422138,0.0757862491883489,0.5424935665393693,0.12704593963296262,0.21695039549665
W38901,-2.4414027,7.3928666,17Neu,0.04100612334952743,0.09606785926591342,0.522438449052256,0.23511325179856532,0.10537451864054248
W38902,-5.963353,6.3772397,13Baso,0.13078081797592103,0.051725622635971864,0.191621097247291,0.5627534121231379,0.06311878843671856
W38903,-5.5192533,6.513948,13Baso,0.10531069305337924,0.04692232217021245,0.20164476111504995,0.5660822531989937,0.08003966624233927
W38904,-6.407215,9.388063,13Baso,0.0779191010708008,0.042830460153671895,0.18690292022865376,0.6389750329782444,0.05337233972122926
W38905,8.692038,3.805248,3Ery,5.415607041242303e-05,0.00021381416666799938,0.0020176256380392173,0.00014172524807384504,0.9975724655402237
W38906,2.1843026,5.1607113,12Baso,0.014564777277753902,0.0449224785863725,0.41864727166245963,0.0498675072600101,0.4719969694998843
W38907,-6.9131336,11.029456,16Neu,0.042525536911831474,0.01846955926681412,0.07743417769957966,0.8408320617148649,0.020738514205470054
W38908,-4.7376456,5.975302,10GMP,0.10185113362728847,0.0836348310854477,0.2871289543560368,0.4165629011494442,0.11082142762184825
W38909,-7.406711,10.214587,15Mo,0.059084928052568354,0.0185481184672306,0.07502693152110174,0.826262484546689,0.021077358989828196
W38910,0.28686407,4.7534494,7MEP,0.009406117211018528,0.046921169285213796,0.7917420993416701,0.01642863770985932,0.1355013958990277
W38911,-5.739605,6.8672013,13Baso,0.09107965552289563,0.0427999276418573,0.18742353116532254,0.6123648578231564,0.06633190467477823
W38912,-5.9558797,8.258007,13Baso,0.12822550649059433,0.038806854538276876,0.14912235303435528,0.6406537155836802,0.04319135939405796
W38913,-8.080873,9.834768,14Mo,0.04181920953518834,0.013066813219185928,0.05562631666910329,0.8726122691364078,0.016875448082718084
W38914,-6.513588,11.216639,16Neu,0.045882876437609584,0.02026864967817245,0.08348051309173996,0.8281249353647455,0.022242814636653913
W38915,7.561047,3.1222386,3Ery,7.332007267225105e-05,0.0002681924123011509,0.0025401500291535933,0.00021425744364485816,0.9969038857003059
W38916,-0.073119834,4.843593,7MEP,0.016280983070741942,0.05906231044119879,0.7828184888640043,0.01921281345319009,0.12262480416532223
W38917,-6.7988696,7.4839134,13Baso,0.14336218414916566,0.033774868345073414,0.13120097103605674,0.6520287105755299,0.03963318667040924
W38918,-5.905157,7.265512,13Baso,0.13532513924154524,0.042628295239497474,0.16388908079954717,0.6089702692971893,0.04918707762484975
W38919,7.1733413,4.0194335,3Ery,0.0001491728422012301,0.0005711199003393013,0.005413139606901946,0.00041080990130945973,0.9934553243224942
W38920,9.538445,4.4010124,1Ery,6.693077345192069e-05,0.0002684959314559633,0.002527854396854392,0.00017031503493769514,0.9969661031696834
W38921,-7.7147994,6.9001985,14Mo,0.13076136093132748,0.028335093282091856,0.11233190265615554,0.6926160021503801,0.0359556930645782
W38922,-7.318461,10.644325,15Mo,0.041407468571040475,0.016092686099762346,0.0667244327106058,0.8574354839295066,0.018339753440742946
W38923,-4.4125504,6.727228,10GMP,0.09855874713903509,0.07225630502462095,0.29776472216499533,0.4358273001086493,0.09559230235768285
W38924,-5.767044,9.256073,15Mo,0.0977370492866346,0.03279775477057711,0.1297262199459214,0.7034712113507783,0.03626751860100653
W38925,7.145748,3.2212408,4Ery,0.00010859135052644937,0.00038612172634790306,0.0036760978463384383,0.0003302907100514543,0.9954986361953194
W38926,-2.4574025,6.214678,9GMP,0.04947582716626902,0.11685049316884813,0.5404089845534432,0.17203706140005212,0.12122682341110465
W38927,-8.387056,9.375073,14Mo,0.05303895848037278,0.011845737246577503,0.04849323510834665,0.870947395551236,0.01567478653717597
W38928,-6.239176,5.7111125,9GMP,0.11779836484285405,0.04608746330455874,0.1912454822356544,0.5692863183068877,0.07558220282239982
W38929,-4.7977996,6.0390534,13Baso,0.11306867289559956,0.07297318128203838,0.2502345166837577,0.48203099947383105,0.08169197589839418
W38930,-3.0082846,6.281418,10GMP,0.07908912896667944,0.10675489846219487,0.4867328431997816,0.21140325514123767,0.11601892128435352
W38931,-1.9567152,5.4632535,9GMP,0.032565252992260096,0.0970958391623833,0.6607272810409345,0.0860443231840451,0.12356661848212379
W38932,3.7099602,5.3094864,5Ery,0.004411565544709814,0.016986850196040577,0.1643217000746446,0.012501831208637511,0.8017772249217825
W38933,7.5522676,6.0182266,2Ery,0.0001775553808432116,0.0007150414300943538,0.006732946858550204,0.0004507924384507919,0.9919230083553504
W38934,0.4658997,5.2942924,7MEP,0.009384438551528578,0.04903281823181367,0.7770240393142974,0.019570843343739992,0.14498716805010667
W38935,-6.031171,7.715046,13Baso,0.15403403035107038,0.037630993928961784,0.14408579478266487,0.6220960546629429,0.04215301006092449
W38937,3.3977761,4.63931,6Ery,0.0065655289787602605,0.019858344827782877,0.18537198242531988,0.022538285633404372,0.7656650404592584
W38938,1.066602,5.146138,7MEP,0.010089079241744191,0.05339359294247754,0.6999752811703032,0.022812429593564495,0.21372884190773322
W38939,-2.9621804,5.8286796,10GMP,0.06253253705121715,0.09317947942749902,0.47352641903135273,0.23035022604838643,0.1404102710406798
W38940,0.8787282,4.873798,7MEP,0.009207462611678839,0.04736174096910234,0.7322457387187769,0.01982622739727293,0.1913581569188749
W38941,-5.511018,5.854171,10GMP,0.09736556028161882,0.05354001136755031,0.2319088440998508,0.5164058755892117,0.1007793978114925
W38942,7.028246,4.047182,3Ery,0.00014979519217781165,0.0005716736495767389,0.005420874915182614,0.00041368948817818474,0.9934435626649875
W38943,7.101023,3.8439906,5Ery,0.00013994049832555844,0.000536040162408653,0.005093054982849587,0.0003852038452404861,0.993845397690296
W38944,-1.4123354,5.2532063,10GMP,0.023501342888810506,0.11349488136470638,0.6969066663458747,0.05646519858199861,0.10963138559653673
W38945,0.56067365,5.1361294,6Ery,0.011499293065431857,0.05839370721882275,0.7001292466763898,0.024258256721625536,0.2057187249159668
W38946,-2.2997365,3.9822187,19Lymph,0.0,1.0,0.0,0.0,0.0
W38947,-1.0256672,7.156776,8Mk,0.040139521730170165,0.06802019095314611,0.48516416342960145,0.16527191317494158,0.2414019051350442
W38948,6.45808,4.3973455,4Ery,0.00020396887914334735,0.0007843703615991307,0.007470008362711562,0.0005618114232541266,0.9909793834536732
W38949,-6.363195,7.9237275,14Mo,0.14146168850564123,0.03676716879074285,0.14160608038154548,0.6384876411675642,0.04167736702663473
W38950,-7.640403,10.952165,16Neu,0.02272153264522947,0.008744686843708535,0.03625957876236537,0.922335419990904,0.009938712518615453
W38951,-7.2642837,7.7779803,14Mo,0.12228225752154022,0.031749841428009344,0.1275578903784734,0.6779288326989927,0.04048110918610233
W38952,-4.383332,6.2214556,10GMP,0.09047052388868441,0.07252131237518354,0.2984712542081661,0.4211686049090015,0.11736742747124335
W38953,-2.9573805,5.9043508,10GMP,0.0642967643184312,0.11321414162473857,0.48671115711939483,0.21155567713695855,0.12422116707882536
W38954,-7.635244,7.240877,13Baso,0.14784522393913663,0.030029289303670506,0.11778507860517037,0.6678532801147757,0.03648710728646412
W38955,-0.24949665,5.570193,7MEP,0.012009015190221085,0.06081629239676775,0.7533313589817517,0.028735314586421635,0.1451073785806512
W38956,-7.418333,10.608196,15Mo,0.03866378246298626,0.01308687549223767,0.053349657851664865,0.8800889166535523,0.014810608790592499
W38957,-3.9565651,6.550883,10GMP,0.09588119809248587,0.0758013099242646,0.3209051427654515,0.40178630642027197,0.1056255031679
W38958,-7.393624,10.305148,15Mo,0.053090898379110296,0.018836234402771275,0.07810780907158633,0.8278351210197242,0.022129820092012913
W38959,-8.37453,10.43834,15Mo,0.0,0.0,0.0,1.0,0.0
W38960,-7.161738,9.467921,14Mo,0.07159185423793338,0.026314849612424543,0.11105650431451496,0.7574430050301485,0.03359377371476788
W38961,4.6648593,4.4412613,5Ery,0.0021218469223768547,0.00697016722656351,0.06715794564090793,0.006958065984163646,0.9167913141841874
W38962,-6.938442,6.523552,13Baso,0.15765457128899418,0.03708184291168217,0.14073878797694964,0.6202875531391386,0.04423721080506457
W38963,-1.8731103,5.8157926,9GMP,0.03340338275626092,0.11184163594324878,0.6476237699184381,0.09473776835972672,0.11239284034066506
W38964,0.06522193,4.8303666,7MEP,0.0,0.0,1.0,0.0,0.0
W38965,-7.305403,10.124526,14Mo,0.04480168213306359,0.017101785375197066,0.07166137594253731,0.8462318746132462,0.020203204381751598
W38966,3.8741744,4.5278735,6Ery,0.0037715119930581725,0.012625831309663904,0.12213436393060088,0.012064537363081052,0.8494030306088411
W38967,8.497475,6.255425,2Ery,0.00014204138155392992,0.0005738772110781879,0.005394817738958536,0.00035646041352574935,0.9935321834596152
W38968,-0.6220212,6.2792416,8Mk,0.027522895492115864,0.07511312793919793,0.6176978920361061,0.08780166237620095,0.1918627530193855
W38969,0.11829153,5.082707,7MEP,0.011693604436904557,0.06654340569243448,0.7341519865182589,0.022893603202721637,0.16471664298735794
W38970,5.1217823,4.389202,5Ery,0.0008296878755292108,0.00297100573684976,0.02855335679558355,0.0025079670524612413,0.9651374005285263
W38971,-0.06621456,5.8128796,7MEP,0.017603980839341372,0.05787005264419569,0.695893427889078,0.05487686036945994,0.17375481659225
W38972,-6.9125905,6.786949,13Baso,0.15870593527527624,0.03393588838822827,0.1306083213945838,0.6365485075124256,0.04020134214656726
W38973,-0.07862733,4.825365,7MEP,0.0,0.0,1.0,0.0,0.0
W38974,6.2589035,4.0651145,5Ery,0.00026022723457314354,0.0009749790960246994,0.009290642059150882,0.0007411544131500563,0.9887325068778554
W38975,-0.58243835,7.698192,8Mk,0.04324636686413797,0.06264017937306708,0.4038162107799649,0.20355791736279347,0.28673738992481135
W38976,8.3934765,6.684436,2Ery,0.0001624596280700573,0.0006579932903070906,0.006182775789835835,0.00040583644820750396,0.9925902508083834
W38977,8.001052,5.505118,2Ery,0.00013884488286785044,0.0005559259595817288,0.005238093944679218,0.00035509999275433625,0.9937114601122364
W38978,6.516317,4.137349,4Ery,0.0002239901448678932,0.000841745972819037,0.008012337491380014,0.0006348508140816193,0.9902866190963235
W38979,-5.383242,8.712892,14Mo,0.12241785912388457,0.04166843819110165,0.15996477068288525,0.631674793595555,0.044273753200306964
W38980,-7.135703,10.784898,15Mo,0.033557569393220375,0.013725423236130145,0.056806242754447664,0.8805301793952739,0.015380433269745053
W38981,-6.067075,6.1774974,13Baso,0.14766911431202467,0.052893679616125545,0.1844915844157477,0.5571850690622001,0.05776022440992489
W38982,7.7308836,3.8221047,3Ery,8.654124785965954e-05,0.0003398198918125837,0.0032101436713611402,0.000228562240813458,0.9961346185390743
W38983,7.504121,4.608969,2Ery,0.0001328321297798242,0.0005219940811102196,0.004936069405343058,0.00035115705455286483,0.9940574960064088
W38985,2.8040595,5.5474377,5Ery,0.01074298946451927,0.036632023566321566,0.3546216439188623,0.03300713032434389,0.5649953245386733
W38987,-4.8389935,6.7343426,13Baso,0.11201176246740385,0.07461720216329304,0.24357782962242647,0.4936747279146685,0.07611795411595894
W38989,6.4918246,3.9920325,3Ery,0.00021031527231201306,0.0007946975392838652,0.007556470148803062,0.0005921668030097672,0.990845870451259
W38990,0.23215929,4.2205477,6Ery,0.0,0.0,1.0,0.0,0.0
W38991,-0.9112042,6.5031686,8Mk,0.03642950252620904,0.07335351317275834,0.5531388017785404,0.13019462835732235,0.20688167232599533
W38992,1.6563356,5.754481,6Ery,0.012986500139983231,0.04613714856029028,0.47976146974504497,0.03918722905554571,0.4219265896167633
W38993,-6.6799192,11.401422,15Mo,0.04442119730793085,0.018626711556523665,0.07676669448212534,0.8395657725904812,0.020619360520837984
W38994,7.407113,4.8350964,2Ery,0.0001531048796056901,0.0006024428080682964,0.005692269935951278,0.0004032803440054166,0.9931483739844555
W38996,5.5951805,5.4656143,5Ery,0.0005717279522260622,0.002239269852732565,0.02140033815162964,0.001555908319680019,0.9742321391189219
W38997,1.2925496,5.7916627,6Ery,0.018799053109023366,0.053104632831765614,0.4848096007271806,0.059378346552738534,0.38390713881332406
W38998,-2.4847214,6.5993114,9GMP,0.03935063933139221,0.07218156360939779,0.5948887532989804,0.1540336163483301,0.13954456160411777
W38999,-0.47379935,6.922631,8Mk,0.038912137340482836,0.06542040907100824,0.49020320530366795,0.16902974784399374,0.23643266458345447
W39000,-8.266608,10.19068,15Mo,0.0,0.0,0.0,1.0,0.0
W39001,-7.525383,7.233816,13Baso,0.13924660643166936,0.03333548220953664,0.13103468433780105,0.6552254355977981,0.041157805582449886
W39002,-3.2006857,5.9995017,10GMP,0.07340341452305538,0.10435095210641553,0.4454016843583697,0.2575881388534948,0.1192548171431848
W39003,-6.216613,11.4516325,15Mo,0.05159313733926147,0.023067736034685066,0.09470955268868211,0.8056531091942116,0.024976184778741126
W39004,-7.3395505,10.990214,15Mo,0.03348800087447445,0.013336740302989496,0.05541245191953822,0.8826065430544333,0.015156135917954216
W39005,8.132824,6.4289293,2Ery,0.00016483337476945944,0.0006658952906663159,0.006263781030589211,0.0004146738385824443,0.9924901165768553
W39006,-6.177555,7.223552,13Baso,0.1367816896369316,0.037966022795108474,0.14683565073304033,0.6341529077130816,0.04426363424765163
W39007,-5.300755,8.281396,14Mo,0.1339014670041322,0.044521032880263094,0.17078383839683373,0.6035256765811353,0.04726772071403917
W39008,0.31762385,6.46872,9GMP,0.026544758789805483,0.05753566580097357,0.47543744730125986,0.09558472273373689,0.34489582111860495
W39009,7.975461,6.072769,2Ery,0.00016832357107370453,0.0006780226013956258,0.006382762638145041,0.0004262547989287165,0.9923439519578318
W39010,7.389693,4.308917,3Ery,0.00014340399575709915,0.0005587511505655833,0.0052891055495055996,0.000384382252950847,0.9936238825599891
W39011,-2.2352753,7.0682344,17Neu,0.036442966009259496,0.10393337421801163,0.5683139937702745,0.17272342233540008,0.11858660832942321
W39012,-6.029272,11.295561,16Neu,0.051788211274272376,0.022159176784741087,0.09133012478140914,0.81030005777014,0.024422062796567574
W39013,-6.5657363,6.7468085,13Baso,0.16868276780909955,0.03795461744537947,0.14450706385304715,0.6046574503736539,0.04419806514853115
W39015,3.463462,5.663647,6Ery,0.005393549853718715,0.021324192926286234,0.2049284001532441,0.014739288647490342,0.7536137010387232
W39017,-7.531481,6.677442,13Baso,0.15037902330853778,0.029912425713717997,0.11707680184229616,0.6659936284094049,0.03663818031941278
W39018,-3.3618672,6.0150886,10GMP,0.07423048577660314,0.12082830809867566,0.4616696352388448,0.23623622311179232,0.10703433456188235
W39019,-6.096865,7.9745307,13Baso,0.1511565297572773,0.03896874422373006,0.14892071242574717,0.6174627864172746,0.043491074485284296
W39020,-5.2225385,7.7616773,13Baso,0.1769502824095641,0.0410705519391246,0.15589743630685896,0.5817248613588565,0.04435663516114802
W39021,5.56548,5.496254,2Ery,0.0005288426502475045,0.002053394115962572,0.019662730106630326,0.0014498058049072185,0.9763046084146105
W39022,0.06493737,4.193606,6Ery,0.012252030697626193,0.07490233485394406,0.7449260591884468,0.021150476261906546,0.14676835529782264
W39023,-8.730375,9.794588,15Mo,0.01959747305840257,0.004467569597208823,0.0193640841542291,0.9486615822606776,0.00790938858875016
W39024,-7.015814,9.409607,14Mo,0.08879303284746223,0.02703534949376546,0.10905303077045746,0.7434755210879049,0.03164293334169116
W39025,-7.6500154,7.3549056,14Mo,0.1366581738042836,0.028592008518590426,0.11208207152916301,0.6878424181137698,0.034825347934873276
W39026,-5.6375446,6.5531445,13Baso,0.14950944778204847,0.05031522388679599,0.18409391282125087,0.5592581092400287,0.056823019362029666
W39027,-5.1201615,8.100804,14Mo,0.13540162543294204,0.047681306383128105,0.17841340924861232,0.5889325709534285,0.04957074865340963
W39028,3.424513,4.8147874,6Ery,0.0054977737732492486,0.019624164687314,0.19485303420980354,0.01660504737060397,0.7634191753242847
W39029,-6.1776676,7.675938,13Baso,0.16068858012098416,0.037589026201376434,0.14341280623397318,0.6161201740970533,0.04218937811299387
W39030,-1.4462024,5.096874,17Neu,0.027458059647780156,0.1417655082075164,0.6662978070838701,0.06542943648622297,0.09904891017810119
W39031,6.5609117,5.3780484,2Ery,0.00032340323705179995,0.001257055966048128,0.011977219642362957,0.0008782734622924161,0.9855634447254618
W39032,0.5950291,5.0186973,6Ery,0.011291699863766007,0.06079087152149299,0.7211989273225135,0.022272474614996242,0.18444520537955125
W39033,-0.13998336,4.921328,7MEP,0.0,0.0,1.0,0.0,0.0
W39034,-5.314852,6.2380023,10GMP,0.10271835783164147,0.062107193746164434,0.2560046088400594,0.4897505467265867,0.08941882024892706
W39035,-4.563782,6.3746753,10GMP,0.10747266202665866,0.08096160355984287,0.2637459287489242,0.46183664009282144,0.08598258014367136
W39036,3.214563,5.3720345,6Ery,0.006503271334617016,0.025317783918052277,0.24735132847248054,0.018082589871782993,0.7027440901217878
W39037,-6.4715714,10.314479,15Mo,0.055363078541311936,0.02474964429065345,0.10609404603990444,0.785370642577213,0.028422401063640787
W39038,-5.891288,11.182425,15Mo,0.05481048642823064,0.024398865391968137,0.10090335966580224,0.7931479922261045,0.026738939829531266
W39039,0.37137324,4.4811826,6Ery,0.010377433618092019,0.06622528533558815,0.7522235553384806,0.019273851508053063,0.151899178702666
W39040,6.378169,3.880797,4Ery,0.00023057349323470588,0.0008591450294259815,0.008183356363603903,0.0006618633884603792,0.9900645928185372
W39041,-0.66888106,6.3618402,8Mk,0.030646108365824515,0.06773696788545523,0.5596870789000967,0.10816777421892708,0.23376008639171347
W39042,0.6531927,4.313983,6Ery,0.01268069120978796,0.07445815291119616,0.6850488919516662,0.022611034478054234,0.205200338124747
W39043,-5.418813,8.484921,13Baso,0.09745678341373559,0.04534170068718122,0.19061709099804916,0.6135768338414759,0.05300738303929617
W39044,-4.8442683,6.816372,13Baso,0.1095822070315404,0.06333379146933775,0.24008898253319969,0.5109507964627172,0.07604373719870523
W39045,5.7374034,5.1907783,5Ery,0.0006244092433039339,0.0024330680738676065,0.023446634593661732,0.0017183502585440711,0.97177698181921
W39047,-3.140336,6.7167864,10GMP,0.07341282891542078,0.09999711051623864,0.46763110081699716,0.254588247679109,0.104369786469813
W39048,-0.34063962,6.899281,10GMP,0.03168778755437685,0.06386811601113337,0.4825950623796545,0.11965613428759213,0.3021907982460575
W39050,-5.1434054,6.2018313,10GMP,0.10154028968914026,0.05811622583824874,0.24108549336868923,0.5078757484998567,0.09138174245082065
W39051,6.3388433,5.4773107,2Ery,0.0002976927505758168,0.0011713950138150264,0.011139334296716074,0.0007960589841363803,0.9865949133747471
W39052,-4.618153,2.461622,11DC,1.0,0.0,0.0,0.0,0.0
W39053,-6.56943,10.66296,16Neu,0.05253595510095248,0.022710242561771,0.09452863421139679,0.8048550679011486,0.025369901317230097
W39054,-7.4861755,9.755414,14Mo,0.052208337613890064,0.01853219700716922,0.07934761182918791,0.8266779847359634,0.023233874283724042
W39055,4.4394994,5.1720734,5Ery,0.0027619085962465686,0.010931269944323908,0.1061821965416407,0.007609778262481537,0.8725140838796942
W39056,-4.762665,5.8041425,10GMP,0.10941376041619987,0.09114079349958981,0.2746726875836241,0.4411170060237619,0.08365503830755541
W39057,3.7766266,4.4570165,6Ery,0.0043286048533588296,0.014598849809314767,0.140723517247848,0.014047743022408653,0.8263005331505842
W39058,7.676221,5.399698,2Ery,0.00015009790671652822,0.000599254398837037,0.005650255443676592,0.0003860840937170464,0.9932137078432965
W39059,-6.1528563,5.977588,10GMP,0.12846219020043442,0.05755953159242547,0.18514128098414492,0.5628963321026421,0.06594041420657724
W39060,-7.145168,11.006191,15Mo,0.04325761245220747,0.017701921976364308,0.07300311815348827,0.8462601227754405,0.01977691606457997
W39061,-6.235249,11.524231,16Neu,0.05310443453377894,0.022926497221338098,0.09369535406562102,0.805342865385333,0.02493045457805886
W39062,2.0187714,4.878422,6Ery,0.009343017364563071,0.044799141504699436,0.5203986462226206,0.02111498153167649,0.4043433172507861
W39063,-2.7420115,3.6916416,19Lymph,0.0,1.0,0.0,0.0,0.0
W39064,-4.5194516,5.7379003,10GMP,0.09727207547474505,0.08320151408129411,0.2833645120247182,0.43593690982051864,0.10022428351807404
W39065,-8.531234,10.606937,15Mo,0.0,0.0,0.0,1.0,0.0
W39066,-8.038437,7.1098948,13Baso,0.1641391878213901,0.027608610740994254,0.10838546490320272,0.6660840155033139,0.033782827993358674
W39067,3.887996,4.722336,5Ery,0.0038950638015377275,0.013960448846128093,0.135813112613649,0.011849186684111772,0.8344814823147315
W39068,-0.48414764,5.466729,7MEP,0.013715606661192726,0.08085399787458775,0.7312184169544291,0.030215895288592004,0.14399533916324586
W39069,6.1800566,4.046728,4Ery,0.0002733125012191897,0.0010182693422160398,0.00970856842707698,0.0007848745203880018,0.988214488599861
W39070,-0.9306277,5.016328,7MEP,0.012917026515723662,0.056951406578515766,0.7768676885329515,0.041977119921527646,0.11128632639796932
W39071,5.933621,3.2562447,3Ery,0.0005776163498592747,0.0015355048780648195,0.014196232848128479,0.002191317036987293,0.9814990620632447
W39072,-3.1044862,3.955415,19Lymph,0.0,1.0,0.0,0.0,0.0
W39073,-7.2068663,9.877679,13Baso,0.0715778857357624,0.02494898724909301,0.1034173667661441,0.7707054801949433,0.029350214192724794
W39074,-5.271618,8.145875,13Baso,0.13995985422975443,0.0467229900643144,0.17585164429782765,0.5887607209233061,0.04870447957325376
W39075,-6.8926606,6.767444,13Baso,0.10474478960518767,0.03421647873494188,0.1428241690130963,0.6664977007514074,0.0517169013616445
W39076,7.786749,4.6058307,3Ery,0.00011199724251979168,0.0004426689410051071,0.004180061002686683,0.0002929638732965,0.9949718887248282
W39077,8.767065,6.270249,1Ery,0.00014674634560655976,0.0005928286149460753,0.005575264600528087,0.0003687938223259034,0.9933157254585929
W39078,-7.1121826,9.393899,15Mo,0.08223178239524064,0.024816614522216243,0.1001093473587502,0.7636728319376044,0.029169276948742683
W39079,-0.37655598,4.710095,8Mk,0.01040911076889259,0.069522122294665,0.7998708430405628,0.023982219391368964,0.09621518686796217
W39081,-0.539669,5.1101055,7MEP,0.012992746896268477,0.07121462923521123,0.7721442902230866,0.027987715930956142,0.11566008740576347
W39082,-0.46826306,5.3297067,7MEP,0.021893612462816552,0.06127471946695174,0.7922280480097511,0.02551656415711694,0.0990864593846368
W39083,-2.7910862,6.7387395,13Baso,0.07455453267349912,0.11220361649242551,0.4947776917998435,0.21101424523701368,0.10744879406472296
W39084,-5.445962,6.929274,13Baso,0.13058426365132902,0.05374735475100161,0.20280556868487595,0.5522541183098054,0.06060829849367964
W39085,5.112727,5.387633,5Ery,0.000925997901328411,0.003586282246559106,0.03415682487203672,0.0025346847435330226,0.9587955703445677
W39087,0.34949687,4.2189155,6Ery,0.014488409091775433,0.07388867548048135,0.7166418894096702,0.021857696699185886,0.17312251782343807
W39088,-8.104756,10.65132,15Mo,0.0,0.0,0.0,1.0,0.0
W39089,-6.467838,7.1474605,13Baso,0.18166837070876155,0.034652600907397385,0.133154274092406,0.6107760820744974,0.039748662569738094
W39090,-6.6907716,9.236062,14Mo,0.09571022077426748,0.02800438277882572,0.11151298512341486,0.732774375875361,0.0319978303042261
W39091,-1.3355186,5.734169,10GMP,0.032701008281534515,0.09204109882642479,0.6464547125087226,0.06867212467929157,0.16013010325099758
W39092,-4.2950497,7.3691726,13Baso,0.11231502608895468,0.12124685928500924,0.2750800128713417,0.418855513523575,0.07250190885340552
W39093,-0.10699386,4.4057527,7MEP,0.015311133819735055,0.07807670722289807,0.73402720270678,0.022267127258319856,0.15031708976357858
W39094,-5.5710673,11.083705,15Mo,0.05588503869768097,0.02477900848363241,0.1019927849815371,0.7903210675783384,0.027021642311379934
W39095,-0.5129576,7.4888835,8Mk,0.040570052940694976,0.062469353058943994,0.44663015873538114,0.18491012875915566,0.265418254342498
W39096,-4.7690296,5.8227816,9GMP,0.10127752763870848,0.07636528244735087,0.27397430235606335,0.45631266825883515,0.09206954985506907
W39097,4.497389,5.31854,4Ery,0.0019344048137713897,0.006985876968183898,0.06685456101291044,0.005799273675857716,0.9184252447200728
W39098,-1.7885833,5.5800285,17Neu,0.041010986211265206,0.1115459232090624,0.6521910728872178,0.08224654727871095,0.11300497230971696
W39099,7.761197,6.110367,2Ery,0.000166657781058188,0.0006708789512149189,0.0063176918423885715,0.0004224866559924835,0.99242160462591
W39100,-6.1368732,7.213644,14Mo,0.13384918952204322,0.04289931739929331,0.16407859076544717,0.6088097088166626,0.05036292476418004
W39101,-7.3761888,11.307129,15Mo,0.03304228883349968,0.013145043544753049,0.0540793731890046,0.8850028865310386,0.014730184867599718
W39103,-6.910909,8.6697,14Mo,0.09867526290100954,0.029245289559571366,0.11764681074819525,0.7190621084223909,0.0353704656268791
W39104,5.0964284,3.7160385,6Ery,0.001278634205773165,0.0041884833708889365,0.040660532040833905,0.004270739920062816,0.9496011334482964
W39105,0.36115083,4.1313787,6Ery,0.01654651219439413,0.07743516163050207,0.6548343401947995,0.02701330003114008,0.2241698084599175
W39106,-4.072043,6.505716,10GMP,0.10111755086368986,0.07628594928873737,0.302881976576037,0.4268184006560093,0.09289546280790704
W39107,0.4687493,4.5357285,6Ery,0.010505549556998712,0.06141110619235663,0.7650459198650756,0.01969453530076157,0.1433421629062597
W39109,-5.0605435,7.4126205,13Baso,0.12201013642951361,0.05034650430036295,0.1971899961547045,0.5714762293955337,0.0589768367405069
W39110,0.1869366,4.206794,6Ery,0.012383752206448401,0.07352227369735956,0.7150338971221325,0.022529001922006752,0.17653022505665175
W39111,-2.3762908,7.526433,12Baso,0.04123435005443756,0.10080542595056345,0.5408134021026979,0.20440723175880285,0.11273964121215736
W39112,8.014356,2.7687776,3Ery,0.0,0.0,0.0,0.0,1.0
W39113,-5.4852185,7.771075,13Baso,0.12851290925788575,0.049507828477929346,0.18729954334871868,0.5812852261915988,0.053394135239124826
W39114,-5.7349625,7.525774,13Baso,0.15205893188078037,0.04282336500190103,0.1595587864034829,0.59974537816657,0.0458133945991021
W39115,-6.5997515,11.272566,16Neu,0.047410566638470875,0.019557720866992832,0.08056005460656751,0.8307380915732342,0.021733203466772807
W39116,-5.3399205,6.5720243,10GMP,0.13818663109787915,0.05624047224795517,0.21183209216955984,0.5291464272728615,0.06459397066844724
W39117,-5.8100557,11.014118,16Neu,0.058017486762070934,0.02641707921301955,0.10692419680793075,0.7805700979508741,0.028070783722679814
W39118,-4.445838,8.19116,13Baso,0.12601035319602338,0.05599428364415582,0.2128198818047418,0.5488498953306074,0.0563250545381003
W39119,4.6652236,4.965199,5Ery,0.0014800427415491162,0.005289592646532636,0.050636438886988225,0.004486884829342223,0.9381064615078233
W39120,8.343262,5.4677734,2Ery,0.00012578783042426907,0.0005043729649431638,0.004750592859703079,0.00032077596493776427,0.9942979327702839
W39121,-1.3890048,4.695487,9GMP,0.05383934686660662,0.11311494573998201,0.6472691927378932,0.043198519618546476,0.14257718654688492
W39122,-6.825092,10.90619,16Neu,0.049130039281191265,0.019063150930153278,0.07842708691333947,0.8319527027932874,0.021426704108432167
W39123,-0.90755755,6.4319863,8Mk,0.03191299624148884,0.07685389124048064,0.574043894579871,0.10389942594128707,0.21328792220951565
W39124,-4.3794746,2.619842,11DC,1.0,0.0,0.0,0.0,0.0
W39125,-4.6229506,7.0845776,13Baso,0.12074367857334481,0.07813584724305361,0.22335261486680216,0.5108835295901037,0.0668838461799323
W39126,-3.5435958,6.878648,10GMP,0.0874050042344625,0.08871272364967392,0.3713236293412445,0.34415533560557976,0.10840243039399787
W39127,5.6547723,3.7242727,5Ery,0.0006774719394876659,0.002259257450712875,0.02179083714757761,0.0022004797915927974,0.9730715549120782
W39128,-5.929437,10.413169,15Mo,0.06984174254648307,0.028059108022292462,0.1144945250791731,0.7565993770454625,0.031004932633489066
W39129,-7.5564456,7.7204623,13Baso,0.14209224947145044,0.02783397799453755,0.10940524042743706,0.6872350844670065,0.033433491967477656
W39130,-3.2137704,5.734091,9GMP,0.05084621680138637,0.22017323581002946,0.4229400568357611,0.18828607625110416,0.11775359550998497
W39131,-6.6254935,9.491011,14Mo,0.08803391751307117,0.03382029873131885,0.14236573738912012,0.695410184345636,0.04036968476107372
W39134,-5.156183,8.260843,13Baso,0.10331724691587121,0.049462521966028225,0.2098160382166734,0.5757682641651819,0.061635599287099434
W39135,-5.8215218,8.011482,14Mo,0.13828102567650424,0.040740449748538035,0.15518606793481762,0.6209486864053851,0.0448435314855541
W39137,-5.826576,10.452394,15Mo,0.06097592472055377,0.0263401858796421,0.10934425936340193,0.7740148720496365,0.029324408926492778
W39138,-6.823004,10.317708,15Mo,0.050298714889140506,0.01908537535347533,0.07871514164133057,0.8301709221057612,0.021729580863228706
W39139,-4.223108,6.6766562,10GMP,0.0979668058098823,0.07533398396903716,0.30680464145927566,0.41816208057921156,0.1017318703663814
W39140,-6.9399886,11.024361,15Mo,0.04076285085381348,0.016706005165092654,0.06921892497822883,0.8545525414666946,0.018759472571956988
W39141,-6.689301,11.089838,16Neu,0.04700196677977873,0.019562314063798332,0.08069552570538491,0.8309895224380898,0.02175028338451538
W39142,3.3999252,5.483913,6Ery,0.006138700635478754,0.023405694948703815,0.2254129759178328,0.017590727625313475,0.7274510574750885
W39143,7.103565,4.838649,2Ery,0.0001763554439665736,0.0006928428983687802,0.006561606127030744,0.00046810306329293414,0.9921005669145113
W39144,-7.7973094,7.8664193,13Baso,0.12884832281631903,0.026016434003755407,0.10286242632081641,0.7103123416175217,0.03196053878393284
W39145,2.3591902,5.269727,5Ery,0.008437807074694726,0.0388221647713168,0.39579995409021984,0.020213171811094,0.5367259506417513
W39146,0.3093219,5.4758496,7MEP,0.009590891002225573,0.050974556229551875,0.7883531107105983,0.022177497770430803,0.1289033390817308
W39147,-2.6848388,3.8126502,19Lymph,0.0,1.0,0.0,0.0,0.0
W39148,1.5821474,4.9111857,6Ery,0.011438707824301952,0.05639556623198451,0.5266673534456991,0.02275080807699838,0.38274664081930876
W39149,-6.371533,7.264146,13Baso,0.1507690144471013,0.03704249916044599,0.14170532483322076,0.6281056212031324,0.04237746960753765
W39150,8.202955,6.0174155,2Ery,0.00015843671106490845,0.0006380898915982107,0.006006502804785458,0.00040099144098450587,0.9927953099863641
W39151,-4.797211,2.48884,11DC,1.0,0.0,0.0,0.0,0.0
W39152,0.411806,4.5905027,7MEP,0.01032730234648453,0.05329402325384662,0.786945075185565,0.01750401841240938,0.13192893696268382
W39153,-3.3453133,7.2845774,13Baso,0.08058152681574988,0.0793947006065498,0.34642274408955537,0.407934145795225,0.08566614279401617
W39154,7.187694,5.1546936,2Ery,0.0001666217167149382,0.000660484961112998,0.006239681667922148,0.00043472492014869193,0.9924979116360397
W39155,-6.787224,7.388941,14Mo,0.14946454635465067,0.03372718791041802,0.1304147855474853,0.6470835045005858,0.039309940308892455
W39156,-5.986661,7.678313,13Baso,0.17410381048976678,0.0396615138318737,0.1493423498908116,0.5937471811098928,0.04314508597707879
W39157,-0.52523947,7.733884,8Mk,0.03917365671795116,0.06360935756879446,0.4566338785038815,0.17605943860068957,0.26452106716708673
W39158,-7.7132635,8.722851,13Baso,0.08932666998264552,0.027408332580179287,0.11415771848214777,0.7314962698704156,0.03761108243804481
W39159,-0.046113856,7.2235255,7MEP,0.02870591784000327,0.05267634137499405,0.45030779189620473,0.12531982299789626,0.3429886797395215
W39160,-4.062339,6.3545423,10GMP,0.0832700434789333,0.06730537186987728,0.31930757246464064,0.3982085096724153,0.13190778217261342
W39161,-4.2859173,6.547193,10GMP,0.1017322091906683,0.08110493597308713,0.322262172157574,0.3988598744868972,0.0960400471149647
W39162,-7.411805,9.362801,14Mo,0.07338281225726051,0.022652872721571456,0.0938520913883143,0.7814794427425081,0.028632788918904483
W39163,-6.8690777,11.526388,16Neu,0.04134243338885803,0.017050187197360536,0.07022324990239497,0.8524419646688871,0.01894190615649427
W39164,6.788565,4.8916063,2Ery,0.0002019028568079864,0.0007890084365417331,0.00747678061381246,0.0005400787374414378,0.990991664664449
W39165,-8.209247,6.9851108,13Baso,0.20747376026422346,0.027087638270968804,0.1060530265793394,0.6264862204686391,0.032899498566922786
W39166,0.19944483,4.9273653,7MEP,0.0,0.0,1.0,0.0,0.0
W39167,-8.02136,9.81573,15Mo,0.03508825602609459,0.010236676433142054,0.042855225518207786,0.8987617420269693,0.013058100978496147
W39168,7.666936,3.6751907,3Ery,8.472097811993509e-05,0.00032469778806512074,0.003070624425274631,0.00023210551570593485,0.9962875701839763
